/bin/bash: /mnt/tank/scratch/ikarpushkina/miniconda3/lib/libtinfo.so.6: no version information available (required by /bin/bash)
2026-06-16 01:52:49,259 - INFO - Device: cuda
2026-06-16 01:52:49,353 - INFO - Loading cached dataset: /mnt/tank/scratch/ikarpushkina/sigma/ASPEN/data/train_test_val_df/cache/chaos_atomic_train_with_coordinates.parquet.fac02d20b3.pt
2026-06-16 01:53:03,081 - INFO - chaos_atomic_train_with_coordinates.parquet: 36981 molecules, 1077949 atoms, extended=True, RDKit mol valid: 36981/36981 (100.0%)
2026-06-16 01:53:03,082 - INFO - Loading cached dataset: /mnt/tank/scratch/ikarpushkina/sigma/ASPEN/data/train_test_val_df/cache/chaos_atomic_val_with_coordinates.parquet.fac02d20b3.pt
2026-06-16 01:53:05,586 - INFO - chaos_atomic_val_with_coordinates.parquet: 7941 molecules, 235573 atoms, extended=True, RDKit mol valid: 7941/7941 (100.0%)
2026-06-16 01:53:05,588 - INFO - Loading cached dataset: /mnt/tank/scratch/ikarpushkina/sigma/ASPEN/data/train_test_val_df/cache/chaos_atomic_test_with_coordinates.parquet.fac02d20b3.pt
2026-06-16 01:53:09,333 - INFO - chaos_atomic_test_with_coordinates.parquet: 7800 molecules, 221748 atoms, extended=True, RDKit mol valid: 7800/7800 (100.0%)
2026-06-16 01:53:12,501 - INFO - gcn: 694,032 params (target 695,667, diff 0.2%)
2026-06-16 01:54:11,688 - INFO - [gcn_seed0_mse] Epoch   1/200 | Train=0.10587 | Val=0.08153 | wMAE=0.236966 | PolarMAE=0.034061 | EMD=0.002095 | MolEMD=0.000870 | R2=0.5888 | LR=2.98e-04 | 59.2s
2026-06-16 01:54:12,234 - INFO -   -> new best (weighted_mae=0.236966), saved results/checkpoints/gcn_seed0_mse.pt
2026-06-16 01:55:05,649 - INFO - [gcn_seed0_mse] Epoch   2/200 | Train=0.07456 | Val=0.07425 | wMAE=0.223831 | PolarMAE=0.029137 | EMD=0.001756 | MolEMD=0.000796 | R2=0.6252 | LR=2.93e-04 | 53.4s
2026-06-16 01:55:05,707 - INFO -   -> new best (weighted_mae=0.223831), saved results/checkpoints/gcn_seed0_mse.pt
2026-06-16 01:55:59,661 - INFO - [gcn_seed0_mse] Epoch   3/200 | Train=0.06794 | Val=0.06992 | wMAE=0.214642 | PolarMAE=0.027447 | EMD=0.001709 | MolEMD=0.000735 | R2=0.6525 | LR=2.84e-04 | 54.0s
2026-06-16 01:55:59,719 - INFO -   -> new best (weighted_mae=0.214642), saved results/checkpoints/gcn_seed0_mse.pt
2026-06-16 01:56:53,379 - INFO - [gcn_seed0_mse] Epoch   4/200 | Train=0.06411 | Val=0.07362 | wMAE=0.226293 | PolarMAE=0.029572 | EMD=0.001761 | MolEMD=0.000747 | R2=0.6179 | LR=2.71e-04 | 53.7s
2026-06-16 01:57:46,607 - INFO - [gcn_seed0_mse] Epoch   5/200 | Train=0.06138 | Val=0.06492 | wMAE=0.208805 | PolarMAE=0.025399 | EMD=0.001582 | MolEMD=0.000612 | R2=0.6804 | LR=2.56e-04 | 53.2s
2026-06-16 01:57:46,699 - INFO -   -> new best (weighted_mae=0.208805), saved results/checkpoints/gcn_seed0_mse.pt
2026-06-16 01:58:40,463 - INFO - [gcn_seed0_mse] Epoch   6/200 | Train=0.05932 | Val=0.06410 | wMAE=0.205114 | PolarMAE=0.024842 | EMD=0.001594 | MolEMD=0.000582 | R2=0.6822 | LR=2.38e-04 | 53.8s
2026-06-16 01:58:40,524 - INFO -   -> new best (weighted_mae=0.205114), saved results/checkpoints/gcn_seed0_mse.pt
2026-06-16 01:59:34,151 - INFO - [gcn_seed0_mse] Epoch   7/200 | Train=0.05753 | Val=0.06280 | wMAE=0.202213 | PolarMAE=0.024326 | EMD=0.001526 | MolEMD=0.000574 | R2=0.6832 | LR=2.18e-04 | 53.6s
2026-06-16 01:59:34,213 - INFO -   -> new best (weighted_mae=0.202213), saved results/checkpoints/gcn_seed0_mse.pt
2026-06-16 02:00:28,091 - INFO - [gcn_seed0_mse] Epoch   8/200 | Train=0.05623 | Val=0.06215 | wMAE=0.199933 | PolarMAE=0.023686 | EMD=0.001528 | MolEMD=0.000596 | R2=0.6966 | LR=1.97e-04 | 53.9s
2026-06-16 02:00:28,152 - INFO -   -> new best (weighted_mae=0.199933), saved results/checkpoints/gcn_seed0_mse.pt
2026-06-16 02:01:22,081 - INFO - [gcn_seed0_mse] Epoch   9/200 | Train=0.05498 | Val=0.06311 | wMAE=0.203726 | PolarMAE=0.023687 | EMD=0.001510 | MolEMD=0.000665 | R2=0.6833 | LR=1.74e-04 | 53.9s
2026-06-16 02:02:15,797 - INFO - [gcn_seed0_mse] Epoch  10/200 | Train=0.05393 | Val=0.05911 | wMAE=0.195672 | PolarMAE=0.024068 | EMD=0.001472 | MolEMD=0.000556 | R2=0.7118 | LR=1.50e-04 | 53.7s
2026-06-16 02:02:15,853 - INFO -   -> new best (weighted_mae=0.195672), saved results/checkpoints/gcn_seed0_mse.pt
2026-06-16 02:03:09,874 - INFO - [gcn_seed0_mse] Epoch  11/200 | Train=0.05299 | Val=0.05849 | wMAE=0.195757 | PolarMAE=0.022762 | EMD=0.001440 | MolEMD=0.000525 | R2=0.7137 | LR=1.27e-04 | 54.0s
2026-06-16 02:04:04,109 - INFO - [gcn_seed0_mse] Epoch  12/200 | Train=0.05218 | Val=0.05754 | wMAE=0.192884 | PolarMAE=0.022489 | EMD=0.001423 | MolEMD=0.000509 | R2=0.7183 | LR=1.04e-04 | 54.2s
2026-06-16 02:04:04,181 - INFO -   -> new best (weighted_mae=0.192884), saved results/checkpoints/gcn_seed0_mse.pt
2026-06-16 02:04:57,505 - INFO - [gcn_seed0_mse] Epoch  13/200 | Train=0.05146 | Val=0.05690 | wMAE=0.191757 | PolarMAE=0.021987 | EMD=0.001411 | MolEMD=0.000503 | R2=0.7222 | LR=8.26e-05 | 53.3s
2026-06-16 02:04:57,569 - INFO -   -> new best (weighted_mae=0.191757), saved results/checkpoints/gcn_seed0_mse.pt
2026-06-16 02:05:51,103 - INFO - [gcn_seed0_mse] Epoch  14/200 | Train=0.05086 | Val=0.05735 | wMAE=0.193093 | PolarMAE=0.022487 | EMD=0.001421 | MolEMD=0.000533 | R2=0.7159 | LR=6.26e-05 | 53.5s
2026-06-16 02:06:45,417 - INFO - [gcn_seed0_mse] Epoch  15/200 | Train=0.05037 | Val=0.05619 | wMAE=0.190037 | PolarMAE=0.022436 | EMD=0.001417 | MolEMD=0.000517 | R2=0.7245 | LR=4.48e-05 | 54.3s
2026-06-16 02:06:45,474 - INFO -   -> new best (weighted_mae=0.190037), saved results/checkpoints/gcn_seed0_mse.pt
2026-06-16 02:07:38,877 - INFO - [gcn_seed0_mse] Epoch  16/200 | Train=0.04986 | Val=0.05561 | wMAE=0.188761 | PolarMAE=0.022590 | EMD=0.001410 | MolEMD=0.000488 | R2=0.7288 | LR=2.96e-05 | 53.4s
2026-06-16 02:07:38,942 - INFO -   -> new best (weighted_mae=0.188761), saved results/checkpoints/gcn_seed0_mse.pt
2026-06-16 02:08:32,675 - INFO - [gcn_seed0_mse] Epoch  17/200 | Train=0.04955 | Val=0.05531 | wMAE=0.188560 | PolarMAE=0.022164 | EMD=0.001399 | MolEMD=0.000480 | R2=0.7305 | LR=1.73e-05 | 53.7s
2026-06-16 02:08:32,733 - INFO -   -> new best (weighted_mae=0.188560), saved results/checkpoints/gcn_seed0_mse.pt
2026-06-16 02:09:27,676 - INFO - [gcn_seed0_mse] Epoch  18/200 | Train=0.04925 | Val=0.05496 | wMAE=0.187359 | PolarMAE=0.022045 | EMD=0.001391 | MolEMD=0.000478 | R2=0.7328 | LR=8.32e-06 | 54.9s
2026-06-16 02:09:27,738 - INFO -   -> new best (weighted_mae=0.187359), saved results/checkpoints/gcn_seed0_mse.pt
2026-06-16 02:10:21,830 - INFO - [gcn_seed0_mse] Epoch  19/200 | Train=0.04906 | Val=0.05513 | wMAE=0.188338 | PolarMAE=0.022264 | EMD=0.001392 | MolEMD=0.000480 | R2=0.7311 | LR=2.84e-06 | 54.1s
2026-06-16 02:11:15,028 - INFO - [gcn_seed0_mse] Epoch  20/200 | Train=0.04894 | Val=0.05507 | wMAE=0.187867 | PolarMAE=0.022271 | EMD=0.001392 | MolEMD=0.000482 | R2=0.7319 | LR=3.00e-04 | 53.2s
2026-06-16 02:12:08,459 - INFO - [gcn_seed0_mse] Epoch  21/200 | Train=0.05406 | Val=0.05811 | wMAE=0.193216 | PolarMAE=0.022909 | EMD=0.001440 | MolEMD=0.000520 | R2=0.7141 | LR=3.00e-04 | 53.4s
2026-06-16 02:13:02,494 - INFO - [gcn_seed0_mse] Epoch  22/200 | Train=0.05196 | Val=0.05595 | wMAE=0.190272 | PolarMAE=0.023055 | EMD=0.001432 | MolEMD=0.000507 | R2=0.7266 | LR=2.98e-04 | 54.0s
2026-06-16 02:13:56,107 - INFO - [gcn_seed0_mse] Epoch  23/200 | Train=0.05140 | Val=0.05659 | wMAE=0.192414 | PolarMAE=0.023434 | EMD=0.001423 | MolEMD=0.000502 | R2=0.7181 | LR=2.96e-04 | 53.6s
2026-06-16 02:14:49,351 - INFO - [gcn_seed0_mse] Epoch  24/200 | Train=0.05068 | Val=0.05643 | wMAE=0.191319 | PolarMAE=0.022808 | EMD=0.001438 | MolEMD=0.000507 | R2=0.7239 | LR=2.93e-04 | 53.2s
2026-06-16 02:15:43,054 - INFO - [gcn_seed0_mse] Epoch  25/200 | Train=0.05010 | Val=0.05544 | wMAE=0.190064 | PolarMAE=0.022642 | EMD=0.001409 | MolEMD=0.000532 | R2=0.7270 | LR=2.89e-04 | 53.7s
2026-06-16 02:16:37,232 - INFO - [gcn_seed0_mse] Epoch  26/200 | Train=0.04965 | Val=0.05511 | wMAE=0.186408 | PolarMAE=0.022606 | EMD=0.001385 | MolEMD=0.000486 | R2=0.7331 | LR=2.84e-04 | 54.2s
2026-06-16 02:16:37,292 - INFO -   -> new best (weighted_mae=0.186408), saved results/checkpoints/gcn_seed0_mse.pt
2026-06-16 02:17:30,421 - INFO - [gcn_seed0_mse] Epoch  27/200 | Train=0.04916 | Val=0.05586 | wMAE=0.189326 | PolarMAE=0.022628 | EMD=0.001408 | MolEMD=0.000508 | R2=0.7272 | LR=2.78e-04 | 53.1s
2026-06-16 02:18:24,074 - INFO - [gcn_seed0_mse] Epoch  28/200 | Train=0.04882 | Val=0.05406 | wMAE=0.186752 | PolarMAE=0.022285 | EMD=0.001382 | MolEMD=0.000484 | R2=0.7354 | LR=2.71e-04 | 53.7s
2026-06-16 02:19:17,778 - INFO - [gcn_seed0_mse] Epoch  29/200 | Train=0.04833 | Val=0.05568 | wMAE=0.190035 | PolarMAE=0.022079 | EMD=0.001392 | MolEMD=0.000489 | R2=0.7214 | LR=2.64e-04 | 53.7s
2026-06-16 02:20:12,575 - INFO - [gcn_seed0_mse] Epoch  30/200 | Train=0.04792 | Val=0.05424 | wMAE=0.188627 | PolarMAE=0.022248 | EMD=0.001372 | MolEMD=0.000477 | R2=0.7317 | LR=2.56e-04 | 54.8s
2026-06-16 02:21:06,025 - INFO - [gcn_seed0_mse] Epoch  31/200 | Train=0.04738 | Val=0.05360 | wMAE=0.185087 | PolarMAE=0.021600 | EMD=0.001373 | MolEMD=0.000496 | R2=0.7366 | LR=2.48e-04 | 53.4s
2026-06-16 02:21:06,088 - INFO -   -> new best (weighted_mae=0.185087), saved results/checkpoints/gcn_seed0_mse.pt
2026-06-16 02:21:59,526 - INFO - [gcn_seed0_mse] Epoch  32/200 | Train=0.04712 | Val=0.05334 | wMAE=0.185025 | PolarMAE=0.022040 | EMD=0.001368 | MolEMD=0.000471 | R2=0.7409 | LR=2.38e-04 | 53.4s
2026-06-16 02:21:59,586 - INFO -   -> new best (weighted_mae=0.185025), saved results/checkpoints/gcn_seed0_mse.pt
2026-06-16 02:22:53,619 - INFO - [gcn_seed0_mse] Epoch  33/200 | Train=0.04667 | Val=0.05274 | wMAE=0.183291 | PolarMAE=0.021830 | EMD=0.001370 | MolEMD=0.000470 | R2=0.7429 | LR=2.29e-04 | 54.0s
2026-06-16 02:22:53,678 - INFO -   -> new best (weighted_mae=0.183291), saved results/checkpoints/gcn_seed0_mse.pt
2026-06-16 02:23:47,145 - INFO - [gcn_seed0_mse] Epoch  34/200 | Train=0.04631 | Val=0.05313 | wMAE=0.183362 | PolarMAE=0.022340 | EMD=0.001352 | MolEMD=0.000486 | R2=0.7417 | LR=2.18e-04 | 53.5s
2026-06-16 02:24:40,830 - INFO - [gcn_seed0_mse] Epoch  35/200 | Train=0.04596 | Val=0.05223 | wMAE=0.182322 | PolarMAE=0.021974 | EMD=0.001358 | MolEMD=0.000483 | R2=0.7464 | LR=2.08e-04 | 53.7s
2026-06-16 02:24:40,892 - INFO -   -> new best (weighted_mae=0.182322), saved results/checkpoints/gcn_seed0_mse.pt
2026-06-16 02:25:34,670 - INFO - [gcn_seed0_mse] Epoch  36/200 | Train=0.04559 | Val=0.05266 | wMAE=0.185844 | PolarMAE=0.021679 | EMD=0.001360 | MolEMD=0.000460 | R2=0.7400 | LR=1.97e-04 | 53.8s
2026-06-16 02:26:28,815 - INFO - [gcn_seed0_mse] Epoch  37/200 | Train=0.04522 | Val=0.05147 | wMAE=0.182309 | PolarMAE=0.021463 | EMD=0.001339 | MolEMD=0.000459 | R2=0.7478 | LR=1.85e-04 | 54.1s
2026-06-16 02:26:28,877 - INFO -   -> new best (weighted_mae=0.182309), saved results/checkpoints/gcn_seed0_mse.pt
2026-06-16 02:27:22,306 - INFO - [gcn_seed0_mse] Epoch  38/200 | Train=0.04487 | Val=0.05081 | wMAE=0.179447 | PolarMAE=0.021348 | EMD=0.001321 | MolEMD=0.000456 | R2=0.7526 | LR=1.74e-04 | 53.4s
2026-06-16 02:27:22,368 - INFO -   -> new best (weighted_mae=0.179447), saved results/checkpoints/gcn_seed0_mse.pt
2026-06-16 02:28:16,172 - INFO - [gcn_seed0_mse] Epoch  39/200 | Train=0.04456 | Val=0.05133 | wMAE=0.180943 | PolarMAE=0.021416 | EMD=0.001330 | MolEMD=0.000465 | R2=0.7499 | LR=1.62e-04 | 53.8s
2026-06-16 02:29:09,668 - INFO - [gcn_seed0_mse] Epoch  40/200 | Train=0.04424 | Val=0.05268 | wMAE=0.182674 | PolarMAE=0.021509 | EMD=0.001347 | MolEMD=0.000481 | R2=0.7436 | LR=1.50e-04 | 53.5s
2026-06-16 02:30:02,879 - INFO - [gcn_seed0_mse] Epoch  41/200 | Train=0.04400 | Val=0.05147 | wMAE=0.180193 | PolarMAE=0.021329 | EMD=0.001311 | MolEMD=0.000455 | R2=0.7505 | LR=1.39e-04 | 53.2s
2026-06-16 02:30:56,011 - INFO - [gcn_seed0_mse] Epoch  42/200 | Train=0.04369 | Val=0.05044 | wMAE=0.179217 | PolarMAE=0.021154 | EMD=0.001316 | MolEMD=0.000449 | R2=0.7542 | LR=1.27e-04 | 53.1s
2026-06-16 02:30:56,070 - INFO -   -> new best (weighted_mae=0.179217), saved results/checkpoints/gcn_seed0_mse.pt
2026-06-16 02:31:49,399 - INFO - [gcn_seed0_mse] Epoch  43/200 | Train=0.04342 | Val=0.05073 | wMAE=0.180049 | PolarMAE=0.021209 | EMD=0.001300 | MolEMD=0.000444 | R2=0.7508 | LR=1.16e-04 | 53.3s
2026-06-16 02:32:43,969 - INFO - [gcn_seed0_mse] Epoch  44/200 | Train=0.04311 | Val=0.05037 | wMAE=0.178381 | PolarMAE=0.021372 | EMD=0.001308 | MolEMD=0.000452 | R2=0.7558 | LR=1.04e-04 | 54.6s
2026-06-16 02:32:44,031 - INFO -   -> new best (weighted_mae=0.178381), saved results/checkpoints/gcn_seed0_mse.pt
2026-06-16 02:33:37,392 - INFO - [gcn_seed0_mse] Epoch  45/200 | Train=0.04290 | Val=0.05036 | wMAE=0.178184 | PolarMAE=0.021166 | EMD=0.001306 | MolEMD=0.000454 | R2=0.7548 | LR=9.33e-05 | 53.4s
2026-06-16 02:33:37,657 - INFO -   -> new best (weighted_mae=0.178184), saved results/checkpoints/gcn_seed0_mse.pt
2026-06-16 02:34:30,736 - INFO - [gcn_seed0_mse] Epoch  46/200 | Train=0.04269 | Val=0.05026 | wMAE=0.178821 | PolarMAE=0.021010 | EMD=0.001315 | MolEMD=0.000449 | R2=0.7544 | LR=8.26e-05 | 53.1s
2026-06-16 02:35:24,239 - INFO - [gcn_seed0_mse] Epoch  47/200 | Train=0.04243 | Val=0.05031 | wMAE=0.179548 | PolarMAE=0.020959 | EMD=0.001289 | MolEMD=0.000446 | R2=0.7541 | LR=7.24e-05 | 53.5s
2026-06-16 02:36:18,933 - INFO - [gcn_seed0_mse] Epoch  48/200 | Train=0.04224 | Val=0.05020 | wMAE=0.177949 | PolarMAE=0.020802 | EMD=0.001294 | MolEMD=0.000444 | R2=0.7534 | LR=6.26e-05 | 54.7s
2026-06-16 02:36:18,997 - INFO -   -> new best (weighted_mae=0.177949), saved results/checkpoints/gcn_seed0_mse.pt
2026-06-16 02:37:13,031 - INFO - [gcn_seed0_mse] Epoch  49/200 | Train=0.04207 | Val=0.04944 | wMAE=0.176869 | PolarMAE=0.020910 | EMD=0.001292 | MolEMD=0.000443 | R2=0.7604 | LR=5.34e-05 | 54.0s
2026-06-16 02:37:13,093 - INFO -   -> new best (weighted_mae=0.176869), saved results/checkpoints/gcn_seed0_mse.pt
2026-06-16 02:38:06,514 - INFO - [gcn_seed0_mse] Epoch  50/200 | Train=0.04185 | Val=0.04979 | wMAE=0.177198 | PolarMAE=0.020843 | EMD=0.001287 | MolEMD=0.000443 | R2=0.7573 | LR=4.48e-05 | 53.4s
2026-06-16 02:39:00,236 - INFO - [gcn_seed0_mse] Epoch  51/200 | Train=0.04171 | Val=0.04946 | wMAE=0.176061 | PolarMAE=0.021026 | EMD=0.001292 | MolEMD=0.000443 | R2=0.7603 | LR=3.68e-05 | 53.7s
2026-06-16 02:39:00,296 - INFO -   -> new best (weighted_mae=0.176061), saved results/checkpoints/gcn_seed0_mse.pt
2026-06-16 02:39:53,771 - INFO - [gcn_seed0_mse] Epoch  52/200 | Train=0.04157 | Val=0.04960 | wMAE=0.176353 | PolarMAE=0.020745 | EMD=0.001283 | MolEMD=0.000439 | R2=0.7595 | LR=2.96e-05 | 53.5s
2026-06-16 02:40:46,915 - INFO - [gcn_seed0_mse] Epoch  53/200 | Train=0.04140 | Val=0.04937 | wMAE=0.176182 | PolarMAE=0.020805 | EMD=0.001282 | MolEMD=0.000437 | R2=0.7603 | LR=2.30e-05 | 53.1s
2026-06-16 02:41:40,189 - INFO - [gcn_seed0_mse] Epoch  54/200 | Train=0.04128 | Val=0.04933 | wMAE=0.176070 | PolarMAE=0.020775 | EMD=0.001282 | MolEMD=0.000436 | R2=0.7612 | LR=1.73e-05 | 53.3s
2026-06-16 02:42:34,639 - INFO - [gcn_seed0_mse] Epoch  55/200 | Train=0.04119 | Val=0.04930 | wMAE=0.175965 | PolarMAE=0.020739 | EMD=0.001279 | MolEMD=0.000436 | R2=0.7607 | LR=1.24e-05 | 54.4s
2026-06-16 02:42:34,700 - INFO -   -> new best (weighted_mae=0.175965), saved results/checkpoints/gcn_seed0_mse.pt
2026-06-16 02:43:28,036 - INFO - [gcn_seed0_mse] Epoch  56/200 | Train=0.04111 | Val=0.04906 | wMAE=0.175437 | PolarMAE=0.020891 | EMD=0.001282 | MolEMD=0.000436 | R2=0.7625 | LR=8.32e-06 | 53.3s
2026-06-16 02:43:28,091 - INFO -   -> new best (weighted_mae=0.175437), saved results/checkpoints/gcn_seed0_mse.pt
2026-06-16 02:44:21,558 - INFO - [gcn_seed0_mse] Epoch  57/200 | Train=0.04103 | Val=0.04913 | wMAE=0.175820 | PolarMAE=0.020713 | EMD=0.001278 | MolEMD=0.000435 | R2=0.7618 | LR=5.13e-06 | 53.5s
2026-06-16 02:45:15,000 - INFO - [gcn_seed0_mse] Epoch  58/200 | Train=0.04096 | Val=0.04905 | wMAE=0.175526 | PolarMAE=0.020732 | EMD=0.001277 | MolEMD=0.000434 | R2=0.7625 | LR=2.84e-06 | 53.4s
2026-06-16 02:46:08,777 - INFO - [gcn_seed0_mse] Epoch  59/200 | Train=0.04094 | Val=0.04910 | wMAE=0.175737 | PolarMAE=0.020696 | EMD=0.001277 | MolEMD=0.000435 | R2=0.7621 | LR=1.46e-06 | 53.8s
2026-06-16 02:47:02,424 - INFO - [gcn_seed0_mse] Epoch  60/200 | Train=0.04091 | Val=0.04903 | wMAE=0.175561 | PolarMAE=0.020723 | EMD=0.001279 | MolEMD=0.000435 | R2=0.7625 | LR=3.00e-04 | 53.6s
2026-06-16 02:47:56,015 - INFO - [gcn_seed0_mse] Epoch  61/200 | Train=0.04562 | Val=0.05322 | wMAE=0.185437 | PolarMAE=0.021097 | EMD=0.001330 | MolEMD=0.000466 | R2=0.7386 | LR=3.00e-04 | 53.6s
2026-06-16 02:48:50,568 - INFO - [gcn_seed0_mse] Epoch  62/200 | Train=0.04457 | Val=0.05226 | wMAE=0.183489 | PolarMAE=0.021352 | EMD=0.001338 | MolEMD=0.000477 | R2=0.7424 | LR=3.00e-04 | 54.6s
2026-06-16 02:49:44,950 - INFO - [gcn_seed0_mse] Epoch  63/200 | Train=0.04408 | Val=0.05110 | wMAE=0.180668 | PolarMAE=0.021068 | EMD=0.001320 | MolEMD=0.000460 | R2=0.7504 | LR=2.99e-04 | 54.4s
2026-06-16 02:50:38,481 - INFO - [gcn_seed0_mse] Epoch  64/200 | Train=0.04383 | Val=0.05103 | wMAE=0.182104 | PolarMAE=0.021553 | EMD=0.001325 | MolEMD=0.000457 | R2=0.7495 | LR=2.98e-04 | 53.5s
2026-06-16 02:51:31,814 - INFO - [gcn_seed0_mse] Epoch  65/200 | Train=0.04371 | Val=0.05176 | wMAE=0.181469 | PolarMAE=0.021255 | EMD=0.001343 | MolEMD=0.000476 | R2=0.7482 | LR=2.97e-04 | 53.3s
2026-06-16 02:52:26,010 - INFO - [gcn_seed0_mse] Epoch  66/200 | Train=0.04349 | Val=0.05161 | wMAE=0.183194 | PolarMAE=0.021381 | EMD=0.001335 | MolEMD=0.000462 | R2=0.7494 | LR=2.96e-04 | 54.2s
2026-06-16 02:53:19,619 - INFO - [gcn_seed0_mse] Epoch  67/200 | Train=0.04329 | Val=0.05147 | wMAE=0.180453 | PolarMAE=0.020865 | EMD=0.001316 | MolEMD=0.000488 | R2=0.7492 | LR=2.94e-04 | 53.6s
2026-06-16 02:54:13,257 - INFO - [gcn_seed0_mse] Epoch  68/200 | Train=0.04309 | Val=0.05086 | wMAE=0.180231 | PolarMAE=0.021094 | EMD=0.001321 | MolEMD=0.000454 | R2=0.7501 | LR=2.93e-04 | 53.6s
2026-06-16 02:55:07,071 - INFO - [gcn_seed0_mse] Epoch  69/200 | Train=0.04302 | Val=0.05165 | wMAE=0.181499 | PolarMAE=0.021150 | EMD=0.001325 | MolEMD=0.000462 | R2=0.7487 | LR=2.91e-04 | 53.8s
2026-06-16 02:56:03,232 - INFO - [gcn_seed0_mse] Epoch  70/200 | Train=0.04281 | Val=0.05053 | wMAE=0.178182 | PolarMAE=0.021128 | EMD=0.001304 | MolEMD=0.000458 | R2=0.7536 | LR=2.89e-04 | 56.2s
2026-06-16 02:56:56,871 - INFO - [gcn_seed0_mse] Epoch  71/200 | Train=0.04268 | Val=0.05150 | wMAE=0.179088 | PolarMAE=0.020570 | EMD=0.001295 | MolEMD=0.000453 | R2=0.7505 | LR=2.86e-04 | 53.6s
2026-06-16 02:57:50,469 - INFO - [gcn_seed0_mse] Epoch  72/200 | Train=0.04238 | Val=0.05003 | wMAE=0.178663 | PolarMAE=0.021138 | EMD=0.001313 | MolEMD=0.000447 | R2=0.7567 | LR=2.84e-04 | 53.6s
2026-06-16 02:58:44,235 - INFO - [gcn_seed0_mse] Epoch  73/200 | Train=0.04233 | Val=0.04990 | wMAE=0.178214 | PolarMAE=0.020712 | EMD=0.001303 | MolEMD=0.000445 | R2=0.7562 | LR=2.81e-04 | 53.8s
2026-06-16 02:59:37,496 - INFO - [gcn_seed0_mse] Epoch  74/200 | Train=0.04207 | Val=0.04976 | wMAE=0.177841 | PolarMAE=0.021433 | EMD=0.001302 | MolEMD=0.000458 | R2=0.7575 | LR=2.78e-04 | 53.3s
2026-06-16 03:00:30,994 - INFO - [gcn_seed0_mse] Epoch  75/200 | Train=0.04191 | Val=0.04975 | wMAE=0.178639 | PolarMAE=0.021422 | EMD=0.001308 | MolEMD=0.000450 | R2=0.7568 | LR=2.75e-04 | 53.5s
2026-06-16 03:01:24,155 - INFO - [gcn_seed0_mse] Epoch  76/200 | Train=0.04175 | Val=0.04946 | wMAE=0.176696 | PolarMAE=0.021220 | EMD=0.001293 | MolEMD=0.000459 | R2=0.7591 | LR=2.71e-04 | 53.2s
2026-06-16 03:01:24,156 - INFO - Early stopping at epoch 76.
2026-06-16 03:01:24,156 - INFO - Loading best checkpoint for test evaluation...
2026-06-16 03:01:54,860 - INFO - [gcn_seed0_mse] TEST METRICS: {'loss': 0.04735643126643621, 'weighted_r2': 0.7648739814758301, 'weighted_mae': 0.1774221658706665, 'polar_mae': 0.023278778418898582, 'cosine_similarity': 0.879405389305218, 'emd_raw': 0.0013613567050522939, 'emd_normalized': 0.0013613567050522963, 'molecular_mae': 0.7618338133604863, 'molecular_emd': 0.00042468177344216084, 'molecular_cosine': 0.9856434604219901, 'molecular_polar_mae': 0.3154336911160499}
2026-06-16 03:01:54,908 - INFO - Saved results to results/metrics/gcn_seed0_mse.json
2026-06-16 03:02:22,787 - INFO - Device: cuda
2026-06-16 03:02:22,788 - INFO - Loading cached dataset: /mnt/tank/scratch/ikarpushkina/sigma/ASPEN/data/train_test_val_df/cache/chaos_atomic_train_with_coordinates.parquet.fac02d20b3.pt
2026-06-16 03:02:36,460 - INFO - chaos_atomic_train_with_coordinates.parquet: 36981 molecules, 1077949 atoms, extended=True, RDKit mol valid: 36981/36981 (100.0%)
2026-06-16 03:02:36,461 - INFO - Loading cached dataset: /mnt/tank/scratch/ikarpushkina/sigma/ASPEN/data/train_test_val_df/cache/chaos_atomic_val_with_coordinates.parquet.fac02d20b3.pt
2026-06-16 03:02:38,968 - INFO - chaos_atomic_val_with_coordinates.parquet: 7941 molecules, 235573 atoms, extended=True, RDKit mol valid: 7941/7941 (100.0%)
2026-06-16 03:02:38,969 - INFO - Loading cached dataset: /mnt/tank/scratch/ikarpushkina/sigma/ASPEN/data/train_test_val_df/cache/chaos_atomic_test_with_coordinates.parquet.fac02d20b3.pt
2026-06-16 03:02:42,736 - INFO - chaos_atomic_test_with_coordinates.parquet: 7800 molecules, 221748 atoms, extended=True, RDKit mol valid: 7800/7800 (100.0%)
2026-06-16 03:02:43,441 - INFO - gcn: 694,032 params (target 695,667, diff 0.2%)
2026-06-16 03:03:37,493 - INFO - [gcn_seed1_mse] Epoch   1/200 | Train=0.10425 | Val=0.08270 | wMAE=0.243393 | PolarMAE=0.033553 | EMD=0.002103 | MolEMD=0.000885 | R2=0.5705 | LR=2.98e-04 | 54.0s
2026-06-16 03:03:37,567 - INFO -   -> new best (weighted_mae=0.243393), saved results/checkpoints/gcn_seed1_mse.pt
2026-06-16 03:04:30,717 - INFO - [gcn_seed1_mse] Epoch   2/200 | Train=0.07417 | Val=0.07271 | wMAE=0.224308 | PolarMAE=0.027839 | EMD=0.001739 | MolEMD=0.000698 | R2=0.6273 | LR=2.93e-04 | 53.1s
2026-06-16 03:04:30,783 - INFO -   -> new best (weighted_mae=0.224308), saved results/checkpoints/gcn_seed1_mse.pt
2026-06-16 03:05:23,877 - INFO - [gcn_seed1_mse] Epoch   3/200 | Train=0.06744 | Val=0.07044 | wMAE=0.219778 | PolarMAE=0.026870 | EMD=0.001690 | MolEMD=0.000638 | R2=0.6425 | LR=2.84e-04 | 53.1s
2026-06-16 03:05:23,940 - INFO -   -> new best (weighted_mae=0.219778), saved results/checkpoints/gcn_seed1_mse.pt
2026-06-16 03:06:17,279 - INFO - [gcn_seed1_mse] Epoch   4/200 | Train=0.06383 | Val=0.06650 | wMAE=0.209263 | PolarMAE=0.026038 | EMD=0.001614 | MolEMD=0.000638 | R2=0.6712 | LR=2.71e-04 | 53.3s
2026-06-16 03:06:17,339 - INFO -   -> new best (weighted_mae=0.209263), saved results/checkpoints/gcn_seed1_mse.pt
2026-06-16 03:07:10,309 - INFO - [gcn_seed1_mse] Epoch   5/200 | Train=0.06120 | Val=0.06447 | wMAE=0.206384 | PolarMAE=0.024124 | EMD=0.001576 | MolEMD=0.000589 | R2=0.6852 | LR=2.56e-04 | 53.0s
2026-06-16 03:07:10,370 - INFO -   -> new best (weighted_mae=0.206384), saved results/checkpoints/gcn_seed1_mse.pt
2026-06-16 03:08:04,741 - INFO - [gcn_seed1_mse] Epoch   6/200 | Train=0.05922 | Val=0.06276 | wMAE=0.200937 | PolarMAE=0.023824 | EMD=0.001518 | MolEMD=0.000565 | R2=0.6915 | LR=2.38e-04 | 54.4s
2026-06-16 03:08:04,804 - INFO -   -> new best (weighted_mae=0.200937), saved results/checkpoints/gcn_seed1_mse.pt
2026-06-16 03:08:57,500 - INFO - [gcn_seed1_mse] Epoch   7/200 | Train=0.05771 | Val=0.06235 | wMAE=0.201095 | PolarMAE=0.024393 | EMD=0.001522 | MolEMD=0.000560 | R2=0.6906 | LR=2.18e-04 | 52.7s
2026-06-16 03:09:50,637 - INFO - [gcn_seed1_mse] Epoch   8/200 | Train=0.05635 | Val=0.06188 | wMAE=0.202062 | PolarMAE=0.023986 | EMD=0.001512 | MolEMD=0.000541 | R2=0.6951 | LR=1.97e-04 | 53.1s
2026-06-16 03:10:44,327 - INFO - [gcn_seed1_mse] Epoch   9/200 | Train=0.05511 | Val=0.05980 | wMAE=0.197028 | PolarMAE=0.023050 | EMD=0.001468 | MolEMD=0.000524 | R2=0.7059 | LR=1.74e-04 | 53.7s
2026-06-16 03:10:44,392 - INFO -   -> new best (weighted_mae=0.197028), saved results/checkpoints/gcn_seed1_mse.pt
2026-06-16 03:11:37,047 - INFO - [gcn_seed1_mse] Epoch  10/200 | Train=0.05403 | Val=0.05873 | wMAE=0.195123 | PolarMAE=0.023084 | EMD=0.001451 | MolEMD=0.000516 | R2=0.7136 | LR=1.50e-04 | 52.7s
2026-06-16 03:11:37,110 - INFO -   -> new best (weighted_mae=0.195123), saved results/checkpoints/gcn_seed1_mse.pt
2026-06-16 03:12:29,977 - INFO - [gcn_seed1_mse] Epoch  11/200 | Train=0.05315 | Val=0.05775 | wMAE=0.193118 | PolarMAE=0.022362 | EMD=0.001430 | MolEMD=0.000511 | R2=0.7175 | LR=1.27e-04 | 52.9s
2026-06-16 03:12:30,039 - INFO -   -> new best (weighted_mae=0.193118), saved results/checkpoints/gcn_seed1_mse.pt
2026-06-16 03:13:24,226 - INFO - [gcn_seed1_mse] Epoch  12/200 | Train=0.05223 | Val=0.05792 | wMAE=0.194273 | PolarMAE=0.022692 | EMD=0.001439 | MolEMD=0.000556 | R2=0.7125 | LR=1.04e-04 | 54.2s
2026-06-16 03:14:17,263 - INFO - [gcn_seed1_mse] Epoch  13/200 | Train=0.05158 | Val=0.05700 | wMAE=0.191585 | PolarMAE=0.022585 | EMD=0.001420 | MolEMD=0.000504 | R2=0.7215 | LR=8.26e-05 | 53.0s
2026-06-16 03:14:17,323 - INFO -   -> new best (weighted_mae=0.191585), saved results/checkpoints/gcn_seed1_mse.pt
2026-06-16 03:15:10,893 - INFO - [gcn_seed1_mse] Epoch  14/200 | Train=0.05095 | Val=0.05677 | wMAE=0.192266 | PolarMAE=0.022988 | EMD=0.001418 | MolEMD=0.000501 | R2=0.7192 | LR=6.26e-05 | 53.6s
2026-06-16 03:16:04,374 - INFO - [gcn_seed1_mse] Epoch  15/200 | Train=0.05040 | Val=0.05589 | wMAE=0.189945 | PolarMAE=0.022646 | EMD=0.001411 | MolEMD=0.000489 | R2=0.7274 | LR=4.48e-05 | 53.5s
2026-06-16 03:16:04,435 - INFO -   -> new best (weighted_mae=0.189945), saved results/checkpoints/gcn_seed1_mse.pt
2026-06-16 03:16:58,294 - INFO - [gcn_seed1_mse] Epoch  16/200 | Train=0.04993 | Val=0.05604 | wMAE=0.189714 | PolarMAE=0.022311 | EMD=0.001397 | MolEMD=0.000498 | R2=0.7252 | LR=2.96e-05 | 53.9s
2026-06-16 03:16:58,353 - INFO -   -> new best (weighted_mae=0.189714), saved results/checkpoints/gcn_seed1_mse.pt
2026-06-16 03:17:51,168 - INFO - [gcn_seed1_mse] Epoch  17/200 | Train=0.04960 | Val=0.05551 | wMAE=0.188260 | PolarMAE=0.022230 | EMD=0.001391 | MolEMD=0.000485 | R2=0.7299 | LR=1.73e-05 | 52.8s
2026-06-16 03:17:51,225 - INFO -   -> new best (weighted_mae=0.188260), saved results/checkpoints/gcn_seed1_mse.pt
2026-06-16 03:18:43,924 - INFO - [gcn_seed1_mse] Epoch  18/200 | Train=0.04932 | Val=0.05522 | wMAE=0.187737 | PolarMAE=0.022188 | EMD=0.001384 | MolEMD=0.000483 | R2=0.7309 | LR=8.32e-06 | 52.7s
2026-06-16 03:18:43,986 - INFO -   -> new best (weighted_mae=0.187737), saved results/checkpoints/gcn_seed1_mse.pt
2026-06-16 03:19:37,162 - INFO - [gcn_seed1_mse] Epoch  19/200 | Train=0.04912 | Val=0.05499 | wMAE=0.187264 | PolarMAE=0.022032 | EMD=0.001383 | MolEMD=0.000483 | R2=0.7324 | LR=2.84e-06 | 53.2s
2026-06-16 03:19:37,221 - INFO -   -> new best (weighted_mae=0.187264), saved results/checkpoints/gcn_seed1_mse.pt
2026-06-16 03:20:34,170 - INFO - [gcn_seed1_mse] Epoch  20/200 | Train=0.04900 | Val=0.05491 | wMAE=0.187239 | PolarMAE=0.022024 | EMD=0.001382 | MolEMD=0.000481 | R2=0.7329 | LR=3.00e-04 | 56.9s
2026-06-16 03:20:34,228 - INFO -   -> new best (weighted_mae=0.187239), saved results/checkpoints/gcn_seed1_mse.pt
2026-06-16 03:21:27,219 - INFO - [gcn_seed1_mse] Epoch  21/200 | Train=0.05368 | Val=0.05778 | wMAE=0.192622 | PolarMAE=0.021755 | EMD=0.001414 | MolEMD=0.000517 | R2=0.7159 | LR=3.00e-04 | 53.0s
2026-06-16 03:22:22,029 - INFO - [gcn_seed1_mse] Epoch  22/200 | Train=0.05203 | Val=0.05566 | wMAE=0.190873 | PolarMAE=0.022537 | EMD=0.001407 | MolEMD=0.000494 | R2=0.7266 | LR=2.98e-04 | 54.8s
2026-06-16 03:23:14,988 - INFO - [gcn_seed1_mse] Epoch  23/200 | Train=0.05134 | Val=0.05662 | wMAE=0.191360 | PolarMAE=0.022709 | EMD=0.001439 | MolEMD=0.000509 | R2=0.7215 | LR=2.96e-04 | 53.0s
2026-06-16 03:24:07,660 - INFO - [gcn_seed1_mse] Epoch  24/200 | Train=0.05069 | Val=0.05726 | wMAE=0.193181 | PolarMAE=0.022063 | EMD=0.001399 | MolEMD=0.000511 | R2=0.7139 | LR=2.93e-04 | 52.7s
2026-06-16 03:25:01,127 - INFO - [gcn_seed1_mse] Epoch  25/200 | Train=0.05029 | Val=0.05634 | wMAE=0.191938 | PolarMAE=0.022313 | EMD=0.001397 | MolEMD=0.000507 | R2=0.7246 | LR=2.89e-04 | 53.5s
2026-06-16 03:25:57,135 - INFO - [gcn_seed1_mse] Epoch  26/200 | Train=0.04957 | Val=0.05673 | wMAE=0.191008 | PolarMAE=0.023222 | EMD=0.001408 | MolEMD=0.000533 | R2=0.7209 | LR=2.84e-04 | 56.0s
2026-06-16 03:26:50,053 - INFO - [gcn_seed1_mse] Epoch  27/200 | Train=0.04924 | Val=0.05598 | wMAE=0.188133 | PolarMAE=0.022773 | EMD=0.001404 | MolEMD=0.000562 | R2=0.7271 | LR=2.78e-04 | 52.9s
2026-06-16 03:27:42,948 - INFO - [gcn_seed1_mse] Epoch  28/200 | Train=0.04862 | Val=0.05575 | wMAE=0.189839 | PolarMAE=0.022022 | EMD=0.001364 | MolEMD=0.000507 | R2=0.7253 | LR=2.71e-04 | 52.9s
2026-06-16 03:28:37,349 - INFO - [gcn_seed1_mse] Epoch  29/200 | Train=0.04819 | Val=0.05468 | wMAE=0.188867 | PolarMAE=0.022022 | EMD=0.001384 | MolEMD=0.000481 | R2=0.7322 | LR=2.64e-04 | 54.4s
2026-06-16 03:29:31,306 - INFO - [gcn_seed1_mse] Epoch  30/200 | Train=0.04787 | Val=0.05382 | wMAE=0.186565 | PolarMAE=0.022034 | EMD=0.001380 | MolEMD=0.000472 | R2=0.7348 | LR=2.56e-04 | 54.0s
2026-06-16 03:29:31,364 - INFO -   -> new best (weighted_mae=0.186565), saved results/checkpoints/gcn_seed1_mse.pt
2026-06-16 03:30:24,065 - INFO - [gcn_seed1_mse] Epoch  31/200 | Train=0.04739 | Val=0.05495 | wMAE=0.189583 | PolarMAE=0.022253 | EMD=0.001369 | MolEMD=0.000488 | R2=0.7245 | LR=2.48e-04 | 52.7s
2026-06-16 03:31:17,234 - INFO - [gcn_seed1_mse] Epoch  32/200 | Train=0.04699 | Val=0.05410 | wMAE=0.188261 | PolarMAE=0.021768 | EMD=0.001356 | MolEMD=0.000476 | R2=0.7276 | LR=2.38e-04 | 53.2s
2026-06-16 03:32:11,195 - INFO - [gcn_seed1_mse] Epoch  33/200 | Train=0.04665 | Val=0.05267 | wMAE=0.182901 | PolarMAE=0.021618 | EMD=0.001352 | MolEMD=0.000468 | R2=0.7435 | LR=2.29e-04 | 54.0s
2026-06-16 03:32:11,256 - INFO -   -> new best (weighted_mae=0.182901), saved results/checkpoints/gcn_seed1_mse.pt
2026-06-16 03:33:04,213 - INFO - [gcn_seed1_mse] Epoch  34/200 | Train=0.04622 | Val=0.05243 | wMAE=0.182443 | PolarMAE=0.021571 | EMD=0.001355 | MolEMD=0.000464 | R2=0.7443 | LR=2.18e-04 | 53.0s
2026-06-16 03:33:04,271 - INFO -   -> new best (weighted_mae=0.182443), saved results/checkpoints/gcn_seed1_mse.pt
2026-06-16 03:33:57,093 - INFO - [gcn_seed1_mse] Epoch  35/200 | Train=0.04588 | Val=0.05344 | wMAE=0.186359 | PolarMAE=0.021358 | EMD=0.001352 | MolEMD=0.000480 | R2=0.7306 | LR=2.08e-04 | 52.8s
2026-06-16 03:34:50,201 - INFO - [gcn_seed1_mse] Epoch  36/200 | Train=0.04549 | Val=0.05215 | wMAE=0.184255 | PolarMAE=0.021650 | EMD=0.001329 | MolEMD=0.000461 | R2=0.7406 | LR=1.97e-04 | 53.1s
2026-06-16 03:35:43,858 - INFO - [gcn_seed1_mse] Epoch  37/200 | Train=0.04519 | Val=0.05138 | wMAE=0.181587 | PolarMAE=0.021462 | EMD=0.001336 | MolEMD=0.000458 | R2=0.7488 | LR=1.85e-04 | 53.7s
2026-06-16 03:35:43,920 - INFO -   -> new best (weighted_mae=0.181587), saved results/checkpoints/gcn_seed1_mse.pt
2026-06-16 03:36:37,464 - INFO - [gcn_seed1_mse] Epoch  38/200 | Train=0.04485 | Val=0.05228 | wMAE=0.184384 | PolarMAE=0.020879 | EMD=0.001339 | MolEMD=0.000480 | R2=0.7416 | LR=1.74e-04 | 53.5s
2026-06-16 03:37:30,901 - INFO - [gcn_seed1_mse] Epoch  39/200 | Train=0.04457 | Val=0.05125 | wMAE=0.182061 | PolarMAE=0.021202 | EMD=0.001337 | MolEMD=0.000466 | R2=0.7480 | LR=1.62e-04 | 53.4s
2026-06-16 03:38:23,707 - INFO - [gcn_seed1_mse] Epoch  40/200 | Train=0.04418 | Val=0.05098 | wMAE=0.180047 | PolarMAE=0.021129 | EMD=0.001328 | MolEMD=0.000459 | R2=0.7502 | LR=1.50e-04 | 52.8s
2026-06-16 03:38:23,805 - INFO -   -> new best (weighted_mae=0.180047), saved results/checkpoints/gcn_seed1_mse.pt
2026-06-16 03:39:16,858 - INFO - [gcn_seed1_mse] Epoch  41/200 | Train=0.04396 | Val=0.05085 | wMAE=0.179333 | PolarMAE=0.020953 | EMD=0.001311 | MolEMD=0.000449 | R2=0.7528 | LR=1.39e-04 | 53.1s
2026-06-16 03:39:16,914 - INFO -   -> new best (weighted_mae=0.179333), saved results/checkpoints/gcn_seed1_mse.pt
2026-06-16 03:40:10,488 - INFO - [gcn_seed1_mse] Epoch  42/200 | Train=0.04367 | Val=0.05088 | wMAE=0.180123 | PolarMAE=0.021128 | EMD=0.001323 | MolEMD=0.000449 | R2=0.7516 | LR=1.27e-04 | 53.6s
2026-06-16 03:41:03,609 - INFO - [gcn_seed1_mse] Epoch  43/200 | Train=0.04343 | Val=0.05148 | wMAE=0.182687 | PolarMAE=0.021239 | EMD=0.001332 | MolEMD=0.000468 | R2=0.7462 | LR=1.16e-04 | 53.1s
2026-06-16 03:41:56,537 - INFO - [gcn_seed1_mse] Epoch  44/200 | Train=0.04315 | Val=0.05022 | wMAE=0.178196 | PolarMAE=0.020942 | EMD=0.001303 | MolEMD=0.000452 | R2=0.7553 | LR=1.04e-04 | 52.9s
2026-06-16 03:41:56,595 - INFO -   -> new best (weighted_mae=0.178196), saved results/checkpoints/gcn_seed1_mse.pt
2026-06-16 03:42:49,450 - INFO - [gcn_seed1_mse] Epoch  45/200 | Train=0.04286 | Val=0.05060 | wMAE=0.178582 | PolarMAE=0.020834 | EMD=0.001308 | MolEMD=0.000451 | R2=0.7536 | LR=9.33e-05 | 52.9s
2026-06-16 03:43:44,121 - INFO - [gcn_seed1_mse] Epoch  46/200 | Train=0.04265 | Val=0.04987 | wMAE=0.178131 | PolarMAE=0.020914 | EMD=0.001302 | MolEMD=0.000441 | R2=0.7568 | LR=8.26e-05 | 54.7s
2026-06-16 03:43:44,181 - INFO -   -> new best (weighted_mae=0.178131), saved results/checkpoints/gcn_seed1_mse.pt
2026-06-16 03:44:37,254 - INFO - [gcn_seed1_mse] Epoch  47/200 | Train=0.04247 | Val=0.05024 | wMAE=0.179195 | PolarMAE=0.020825 | EMD=0.001299 | MolEMD=0.000449 | R2=0.7547 | LR=7.24e-05 | 53.1s
2026-06-16 03:45:30,115 - INFO - [gcn_seed1_mse] Epoch  48/200 | Train=0.04221 | Val=0.05006 | wMAE=0.176572 | PolarMAE=0.020675 | EMD=0.001290 | MolEMD=0.000447 | R2=0.7568 | LR=6.26e-05 | 52.9s
2026-06-16 03:45:30,173 - INFO -   -> new best (weighted_mae=0.176572), saved results/checkpoints/gcn_seed1_mse.pt
2026-06-16 03:46:22,936 - INFO - [gcn_seed1_mse] Epoch  49/200 | Train=0.04201 | Val=0.04968 | wMAE=0.177730 | PolarMAE=0.020649 | EMD=0.001287 | MolEMD=0.000442 | R2=0.7571 | LR=5.34e-05 | 52.8s
2026-06-16 03:47:16,226 - INFO - [gcn_seed1_mse] Epoch  50/200 | Train=0.04188 | Val=0.04947 | wMAE=0.176685 | PolarMAE=0.020651 | EMD=0.001286 | MolEMD=0.000440 | R2=0.7593 | LR=4.48e-05 | 53.3s
2026-06-16 03:48:09,147 - INFO - [gcn_seed1_mse] Epoch  51/200 | Train=0.04170 | Val=0.04952 | wMAE=0.177113 | PolarMAE=0.020852 | EMD=0.001294 | MolEMD=0.000440 | R2=0.7587 | LR=3.68e-05 | 52.9s
2026-06-16 03:49:02,003 - INFO - [gcn_seed1_mse] Epoch  52/200 | Train=0.04156 | Val=0.04935 | wMAE=0.176510 | PolarMAE=0.020604 | EMD=0.001290 | MolEMD=0.000440 | R2=0.7600 | LR=2.96e-05 | 52.9s
2026-06-16 03:49:02,061 - INFO -   -> new best (weighted_mae=0.176510), saved results/checkpoints/gcn_seed1_mse.pt
2026-06-16 03:49:55,164 - INFO - [gcn_seed1_mse] Epoch  53/200 | Train=0.04140 | Val=0.04935 | wMAE=0.176097 | PolarMAE=0.020585 | EMD=0.001283 | MolEMD=0.000437 | R2=0.7602 | LR=2.30e-05 | 53.1s
2026-06-16 03:49:55,226 - INFO -   -> new best (weighted_mae=0.176097), saved results/checkpoints/gcn_seed1_mse.pt
2026-06-16 03:50:49,332 - INFO - [gcn_seed1_mse] Epoch  54/200 | Train=0.04130 | Val=0.04929 | wMAE=0.176453 | PolarMAE=0.020681 | EMD=0.001286 | MolEMD=0.000441 | R2=0.7600 | LR=1.73e-05 | 54.1s
2026-06-16 03:51:42,280 - INFO - [gcn_seed1_mse] Epoch  55/200 | Train=0.04122 | Val=0.04918 | wMAE=0.175580 | PolarMAE=0.020602 | EMD=0.001277 | MolEMD=0.000436 | R2=0.7611 | LR=1.24e-05 | 52.9s
2026-06-16 03:51:42,337 - INFO -   -> new best (weighted_mae=0.175580), saved results/checkpoints/gcn_seed1_mse.pt
2026-06-16 03:52:35,415 - INFO - [gcn_seed1_mse] Epoch  56/200 | Train=0.04112 | Val=0.04899 | wMAE=0.175481 | PolarMAE=0.020562 | EMD=0.001279 | MolEMD=0.000436 | R2=0.7620 | LR=8.32e-06 | 53.1s
2026-06-16 03:52:35,474 - INFO -   -> new best (weighted_mae=0.175481), saved results/checkpoints/gcn_seed1_mse.pt
2026-06-16 03:53:28,520 - INFO - [gcn_seed1_mse] Epoch  57/200 | Train=0.04104 | Val=0.04913 | wMAE=0.175960 | PolarMAE=0.020612 | EMD=0.001282 | MolEMD=0.000436 | R2=0.7610 | LR=5.13e-06 | 53.0s
2026-06-16 03:54:22,895 - INFO - [gcn_seed1_mse] Epoch  58/200 | Train=0.04098 | Val=0.04906 | wMAE=0.175764 | PolarMAE=0.020525 | EMD=0.001278 | MolEMD=0.000436 | R2=0.7615 | LR=2.84e-06 | 54.4s
2026-06-16 03:55:15,840 - INFO - [gcn_seed1_mse] Epoch  59/200 | Train=0.04093 | Val=0.04906 | wMAE=0.175732 | PolarMAE=0.020562 | EMD=0.001278 | MolEMD=0.000436 | R2=0.7614 | LR=1.46e-06 | 52.9s
2026-06-16 03:56:08,767 - INFO - [gcn_seed1_mse] Epoch  60/200 | Train=0.04093 | Val=0.04906 | wMAE=0.175837 | PolarMAE=0.020551 | EMD=0.001278 | MolEMD=0.000436 | R2=0.7615 | LR=3.00e-04 | 52.9s
2026-06-16 03:57:02,250 - INFO - [gcn_seed1_mse] Epoch  61/200 | Train=0.04559 | Val=0.05227 | wMAE=0.182640 | PolarMAE=0.021047 | EMD=0.001318 | MolEMD=0.000468 | R2=0.7413 | LR=3.00e-04 | 53.5s
2026-06-16 03:57:57,387 - INFO - [gcn_seed1_mse] Epoch  62/200 | Train=0.04437 | Val=0.05149 | wMAE=0.181780 | PolarMAE=0.021540 | EMD=0.001342 | MolEMD=0.000468 | R2=0.7482 | LR=3.00e-04 | 55.1s
2026-06-16 03:58:50,361 - INFO - [gcn_seed1_mse] Epoch  63/200 | Train=0.04402 | Val=0.05178 | wMAE=0.184327 | PolarMAE=0.021589 | EMD=0.001336 | MolEMD=0.000460 | R2=0.7417 | LR=2.99e-04 | 53.0s
2026-06-16 03:59:43,469 - INFO - [gcn_seed1_mse] Epoch  64/200 | Train=0.04386 | Val=0.05129 | wMAE=0.179906 | PolarMAE=0.021553 | EMD=0.001332 | MolEMD=0.000464 | R2=0.7496 | LR=2.98e-04 | 53.1s
2026-06-16 04:00:36,799 - INFO - [gcn_seed1_mse] Epoch  65/200 | Train=0.04370 | Val=0.05151 | wMAE=0.181490 | PolarMAE=0.021786 | EMD=0.001360 | MolEMD=0.000475 | R2=0.7486 | LR=2.97e-04 | 53.3s
2026-06-16 04:01:30,911 - INFO - [gcn_seed1_mse] Epoch  66/200 | Train=0.04336 | Val=0.05091 | wMAE=0.179528 | PolarMAE=0.020954 | EMD=0.001315 | MolEMD=0.000457 | R2=0.7517 | LR=2.96e-04 | 54.1s
2026-06-16 04:02:23,800 - INFO - [gcn_seed1_mse] Epoch  67/200 | Train=0.04335 | Val=0.05087 | wMAE=0.180796 | PolarMAE=0.020937 | EMD=0.001326 | MolEMD=0.000465 | R2=0.7508 | LR=2.94e-04 | 52.9s
2026-06-16 04:03:16,852 - INFO - [gcn_seed1_mse] Epoch  68/200 | Train=0.04318 | Val=0.05147 | wMAE=0.182282 | PolarMAE=0.021411 | EMD=0.001321 | MolEMD=0.000456 | R2=0.7417 | LR=2.93e-04 | 53.1s
2026-06-16 04:04:10,077 - INFO - [gcn_seed1_mse] Epoch  69/200 | Train=0.04301 | Val=0.05094 | wMAE=0.181445 | PolarMAE=0.021609 | EMD=0.001328 | MolEMD=0.000452 | R2=0.7503 | LR=2.91e-04 | 53.2s
2026-06-16 04:05:02,898 - INFO - [gcn_seed1_mse] Epoch  70/200 | Train=0.04286 | Val=0.05078 | wMAE=0.179305 | PolarMAE=0.021203 | EMD=0.001316 | MolEMD=0.000455 | R2=0.7515 | LR=2.89e-04 | 52.8s
2026-06-16 04:05:55,877 - INFO - [gcn_seed1_mse] Epoch  71/200 | Train=0.04260 | Val=0.05033 | wMAE=0.178907 | PolarMAE=0.021484 | EMD=0.001334 | MolEMD=0.000455 | R2=0.7550 | LR=2.86e-04 | 53.0s
2026-06-16 04:06:48,848 - INFO - [gcn_seed1_mse] Epoch  72/200 | Train=0.04245 | Val=0.05066 | wMAE=0.179140 | PolarMAE=0.020938 | EMD=0.001318 | MolEMD=0.000460 | R2=0.7545 | LR=2.84e-04 | 53.0s
2026-06-16 04:07:42,428 - INFO - [gcn_seed1_mse] Epoch  73/200 | Train=0.04215 | Val=0.04975 | wMAE=0.179313 | PolarMAE=0.021407 | EMD=0.001328 | MolEMD=0.000485 | R2=0.7580 | LR=2.81e-04 | 53.6s
2026-06-16 04:08:39,920 - INFO - [gcn_seed1_mse] Epoch  74/200 | Train=0.04201 | Val=0.04979 | wMAE=0.177589 | PolarMAE=0.020518 | EMD=0.001302 | MolEMD=0.000469 | R2=0.7576 | LR=2.78e-04 | 57.5s
2026-06-16 04:09:32,837 - INFO - [gcn_seed1_mse] Epoch  75/200 | Train=0.04190 | Val=0.05065 | wMAE=0.178630 | PolarMAE=0.021374 | EMD=0.001323 | MolEMD=0.000460 | R2=0.7521 | LR=2.75e-04 | 52.9s
2026-06-16 04:10:25,758 - INFO - [gcn_seed1_mse] Epoch  76/200 | Train=0.04172 | Val=0.05035 | wMAE=0.178672 | PolarMAE=0.020966 | EMD=0.001306 | MolEMD=0.000472 | R2=0.7527 | LR=2.71e-04 | 52.9s
2026-06-16 04:10:25,759 - INFO - Early stopping at epoch 76.
2026-06-16 04:10:25,759 - INFO - Loading best checkpoint for test evaluation...
2026-06-16 04:10:56,208 - INFO - [gcn_seed1_mse] TEST METRICS: {'loss': 0.0473867056117608, 'weighted_r2': 0.7645522356033325, 'weighted_mae': 0.17758868634700775, 'polar_mae': 0.023016229271888733, 'cosine_similarity': 0.8788799421779572, 'emd_raw': 0.0013613634265378434, 'emd_normalized': 0.0013613634265378454, 'molecular_mae': 0.7627534849445025, 'molecular_emd': 0.0004296971071230693, 'molecular_cosine': 0.9854684700186436, 'molecular_polar_mae': 0.31232542053187407}
2026-06-16 04:10:56,222 - INFO - Saved results to results/metrics/gcn_seed1_mse.json
2026-06-16 04:11:08,829 - INFO - Device: cuda
2026-06-16 04:11:08,830 - INFO - Loading cached dataset: /mnt/tank/scratch/ikarpushkina/sigma/ASPEN/data/train_test_val_df/cache/chaos_atomic_train_with_coordinates.parquet.fac02d20b3.pt
2026-06-16 04:11:22,565 - INFO - chaos_atomic_train_with_coordinates.parquet: 36981 molecules, 1077949 atoms, extended=True, RDKit mol valid: 36981/36981 (100.0%)
2026-06-16 04:11:22,566 - INFO - Loading cached dataset: /mnt/tank/scratch/ikarpushkina/sigma/ASPEN/data/train_test_val_df/cache/chaos_atomic_val_with_coordinates.parquet.fac02d20b3.pt
2026-06-16 04:11:25,084 - INFO - chaos_atomic_val_with_coordinates.parquet: 7941 molecules, 235573 atoms, extended=True, RDKit mol valid: 7941/7941 (100.0%)
2026-06-16 04:11:25,085 - INFO - Loading cached dataset: /mnt/tank/scratch/ikarpushkina/sigma/ASPEN/data/train_test_val_df/cache/chaos_atomic_test_with_coordinates.parquet.fac02d20b3.pt
2026-06-16 04:11:28,867 - INFO - chaos_atomic_test_with_coordinates.parquet: 7800 molecules, 221748 atoms, extended=True, RDKit mol valid: 7800/7800 (100.0%)
2026-06-16 04:11:29,548 - INFO - gcn: 694,032 params (target 695,667, diff 0.2%)
2026-06-16 04:12:29,971 - INFO - [gcn_seed2_mse] Epoch   1/200 | Train=0.10377 | Val=0.08163 | wMAE=0.242619 | PolarMAE=0.030524 | EMD=0.001942 | MolEMD=0.000794 | R2=0.5732 | LR=2.98e-04 | 60.4s
2026-06-16 04:12:30,027 - INFO -   -> new best (weighted_mae=0.242619), saved results/checkpoints/gcn_seed2_mse.pt
2026-06-16 04:13:23,353 - INFO - [gcn_seed2_mse] Epoch   2/200 | Train=0.07333 | Val=0.07471 | wMAE=0.227909 | PolarMAE=0.028005 | EMD=0.001748 | MolEMD=0.000718 | R2=0.6146 | LR=2.93e-04 | 53.3s
2026-06-16 04:13:23,410 - INFO -   -> new best (weighted_mae=0.227909), saved results/checkpoints/gcn_seed2_mse.pt
2026-06-16 04:14:16,842 - INFO - [gcn_seed2_mse] Epoch   3/200 | Train=0.06675 | Val=0.07219 | wMAE=0.222367 | PolarMAE=0.024063 | EMD=0.001651 | MolEMD=0.000719 | R2=0.6422 | LR=2.84e-04 | 53.4s
2026-06-16 04:14:16,903 - INFO -   -> new best (weighted_mae=0.222367), saved results/checkpoints/gcn_seed2_mse.pt
2026-06-16 04:15:10,749 - INFO - [gcn_seed2_mse] Epoch   4/200 | Train=0.06334 | Val=0.06833 | wMAE=0.216100 | PolarMAE=0.025216 | EMD=0.001590 | MolEMD=0.000602 | R2=0.6410 | LR=2.71e-04 | 53.8s
2026-06-16 04:15:10,805 - INFO -   -> new best (weighted_mae=0.216100), saved results/checkpoints/gcn_seed2_mse.pt
2026-06-16 04:16:05,254 - INFO - [gcn_seed2_mse] Epoch   5/200 | Train=0.06085 | Val=0.06613 | wMAE=0.212749 | PolarMAE=0.024860 | EMD=0.001543 | MolEMD=0.000573 | R2=0.6552 | LR=2.56e-04 | 54.4s
2026-06-16 04:16:05,455 - INFO -   -> new best (weighted_mae=0.212749), saved results/checkpoints/gcn_seed2_mse.pt
2026-06-16 04:16:58,704 - INFO - [gcn_seed2_mse] Epoch   6/200 | Train=0.05866 | Val=0.06379 | wMAE=0.208392 | PolarMAE=0.023761 | EMD=0.001534 | MolEMD=0.000588 | R2=0.6781 | LR=2.38e-04 | 53.2s
2026-06-16 04:16:58,776 - INFO -   -> new best (weighted_mae=0.208392), saved results/checkpoints/gcn_seed2_mse.pt
2026-06-16 04:17:52,286 - INFO - [gcn_seed2_mse] Epoch   7/200 | Train=0.05708 | Val=0.06106 | wMAE=0.201127 | PolarMAE=0.023317 | EMD=0.001495 | MolEMD=0.000550 | R2=0.6987 | LR=2.18e-04 | 53.5s
2026-06-16 04:17:52,368 - INFO -   -> new best (weighted_mae=0.201127), saved results/checkpoints/gcn_seed2_mse.pt
2026-06-16 04:18:46,281 - INFO - [gcn_seed2_mse] Epoch   8/200 | Train=0.05561 | Val=0.06082 | wMAE=0.200757 | PolarMAE=0.023643 | EMD=0.001508 | MolEMD=0.000536 | R2=0.6975 | LR=1.97e-04 | 53.9s
2026-06-16 04:18:46,337 - INFO -   -> new best (weighted_mae=0.200757), saved results/checkpoints/gcn_seed2_mse.pt
2026-06-16 04:19:40,151 - INFO - [gcn_seed2_mse] Epoch   9/200 | Train=0.05460 | Val=0.06098 | wMAE=0.198903 | PolarMAE=0.023044 | EMD=0.001488 | MolEMD=0.000550 | R2=0.7018 | LR=1.74e-04 | 53.8s
2026-06-16 04:19:40,209 - INFO -   -> new best (weighted_mae=0.198903), saved results/checkpoints/gcn_seed2_mse.pt
2026-06-16 04:20:33,323 - INFO - [gcn_seed2_mse] Epoch  10/200 | Train=0.05354 | Val=0.05769 | wMAE=0.194004 | PolarMAE=0.023329 | EMD=0.001446 | MolEMD=0.000504 | R2=0.7176 | LR=1.50e-04 | 53.1s
2026-06-16 04:20:33,382 - INFO -   -> new best (weighted_mae=0.194004), saved results/checkpoints/gcn_seed2_mse.pt
2026-06-16 04:21:26,691 - INFO - [gcn_seed2_mse] Epoch  11/200 | Train=0.05258 | Val=0.05835 | wMAE=0.195176 | PolarMAE=0.022918 | EMD=0.001454 | MolEMD=0.000518 | R2=0.7131 | LR=1.27e-04 | 53.3s
2026-06-16 04:22:21,824 - INFO - [gcn_seed2_mse] Epoch  12/200 | Train=0.05180 | Val=0.05792 | wMAE=0.195773 | PolarMAE=0.022843 | EMD=0.001432 | MolEMD=0.000534 | R2=0.7109 | LR=1.04e-04 | 55.1s
2026-06-16 04:23:15,445 - INFO - [gcn_seed2_mse] Epoch  13/200 | Train=0.05121 | Val=0.05631 | wMAE=0.189694 | PolarMAE=0.022160 | EMD=0.001408 | MolEMD=0.000490 | R2=0.7251 | LR=8.26e-05 | 53.6s
2026-06-16 04:23:15,506 - INFO -   -> new best (weighted_mae=0.189694), saved results/checkpoints/gcn_seed2_mse.pt
2026-06-16 04:24:08,924 - INFO - [gcn_seed2_mse] Epoch  14/200 | Train=0.05055 | Val=0.05602 | wMAE=0.189501 | PolarMAE=0.022524 | EMD=0.001398 | MolEMD=0.000483 | R2=0.7273 | LR=6.26e-05 | 53.4s
2026-06-16 04:24:08,983 - INFO -   -> new best (weighted_mae=0.189501), saved results/checkpoints/gcn_seed2_mse.pt
2026-06-16 04:25:02,367 - INFO - [gcn_seed2_mse] Epoch  15/200 | Train=0.05002 | Val=0.05555 | wMAE=0.187984 | PolarMAE=0.022389 | EMD=0.001395 | MolEMD=0.000483 | R2=0.7291 | LR=4.48e-05 | 53.4s
2026-06-16 04:25:02,425 - INFO -   -> new best (weighted_mae=0.187984), saved results/checkpoints/gcn_seed2_mse.pt
2026-06-16 04:25:57,158 - INFO - [gcn_seed2_mse] Epoch  16/200 | Train=0.04962 | Val=0.05520 | wMAE=0.189081 | PolarMAE=0.022133 | EMD=0.001389 | MolEMD=0.000476 | R2=0.7288 | LR=2.96e-05 | 54.7s
2026-06-16 04:26:50,633 - INFO - [gcn_seed2_mse] Epoch  17/200 | Train=0.04923 | Val=0.05487 | wMAE=0.188227 | PolarMAE=0.022058 | EMD=0.001383 | MolEMD=0.000475 | R2=0.7315 | LR=1.73e-05 | 53.5s
2026-06-16 04:27:44,061 - INFO - [gcn_seed2_mse] Epoch  18/200 | Train=0.04895 | Val=0.05477 | wMAE=0.187373 | PolarMAE=0.022041 | EMD=0.001380 | MolEMD=0.000473 | R2=0.7327 | LR=8.32e-06 | 53.4s
2026-06-16 04:27:44,123 - INFO -   -> new best (weighted_mae=0.187373), saved results/checkpoints/gcn_seed2_mse.pt
2026-06-16 04:28:37,591 - INFO - [gcn_seed2_mse] Epoch  19/200 | Train=0.04879 | Val=0.05462 | wMAE=0.187419 | PolarMAE=0.022055 | EMD=0.001376 | MolEMD=0.000471 | R2=0.7328 | LR=2.84e-06 | 53.5s
2026-06-16 04:29:31,693 - INFO - [gcn_seed2_mse] Epoch  20/200 | Train=0.04863 | Val=0.05465 | wMAE=0.187086 | PolarMAE=0.022078 | EMD=0.001375 | MolEMD=0.000473 | R2=0.7332 | LR=3.00e-04 | 54.1s
2026-06-16 04:29:31,752 - INFO -   -> new best (weighted_mae=0.187086), saved results/checkpoints/gcn_seed2_mse.pt
2026-06-16 04:30:25,171 - INFO - [gcn_seed2_mse] Epoch  21/200 | Train=0.05343 | Val=0.05692 | wMAE=0.192630 | PolarMAE=0.022629 | EMD=0.001418 | MolEMD=0.000501 | R2=0.7212 | LR=3.00e-04 | 53.4s
2026-06-16 04:31:18,553 - INFO - [gcn_seed2_mse] Epoch  22/200 | Train=0.05184 | Val=0.05953 | wMAE=0.195760 | PolarMAE=0.023570 | EMD=0.001464 | MolEMD=0.000530 | R2=0.7062 | LR=2.98e-04 | 53.4s
2026-06-16 04:32:12,342 - INFO - [gcn_seed2_mse] Epoch  23/200 | Train=0.05114 | Val=0.05697 | wMAE=0.192896 | PolarMAE=0.022569 | EMD=0.001401 | MolEMD=0.000499 | R2=0.7129 | LR=2.96e-04 | 53.8s
2026-06-16 04:33:07,836 - INFO - [gcn_seed2_mse] Epoch  24/200 | Train=0.05032 | Val=0.05615 | wMAE=0.189516 | PolarMAE=0.022613 | EMD=0.001398 | MolEMD=0.000494 | R2=0.7259 | LR=2.93e-04 | 55.5s
2026-06-16 04:34:01,341 - INFO - [gcn_seed2_mse] Epoch  25/200 | Train=0.04989 | Val=0.05495 | wMAE=0.188548 | PolarMAE=0.022567 | EMD=0.001401 | MolEMD=0.000481 | R2=0.7323 | LR=2.89e-04 | 53.5s
2026-06-16 04:34:54,438 - INFO - [gcn_seed2_mse] Epoch  26/200 | Train=0.04931 | Val=0.05617 | wMAE=0.191271 | PolarMAE=0.021900 | EMD=0.001427 | MolEMD=0.000490 | R2=0.7245 | LR=2.84e-04 | 53.1s
2026-06-16 04:35:48,269 - INFO - [gcn_seed2_mse] Epoch  27/200 | Train=0.04899 | Val=0.05444 | wMAE=0.187063 | PolarMAE=0.022819 | EMD=0.001391 | MolEMD=0.000486 | R2=0.7344 | LR=2.78e-04 | 53.8s
2026-06-16 04:35:48,334 - INFO -   -> new best (weighted_mae=0.187063), saved results/checkpoints/gcn_seed2_mse.pt
2026-06-16 04:36:43,173 - INFO - [gcn_seed2_mse] Epoch  28/200 | Train=0.04859 | Val=0.05507 | wMAE=0.188979 | PolarMAE=0.021048 | EMD=0.001368 | MolEMD=0.000509 | R2=0.7280 | LR=2.71e-04 | 54.8s
2026-06-16 04:37:36,614 - INFO - [gcn_seed2_mse] Epoch  29/200 | Train=0.04800 | Val=0.05369 | wMAE=0.186078 | PolarMAE=0.022199 | EMD=0.001380 | MolEMD=0.000483 | R2=0.7376 | LR=2.64e-04 | 53.4s
2026-06-16 04:37:36,673 - INFO -   -> new best (weighted_mae=0.186078), saved results/checkpoints/gcn_seed2_mse.pt
2026-06-16 04:38:30,181 - INFO - [gcn_seed2_mse] Epoch  30/200 | Train=0.04774 | Val=0.05324 | wMAE=0.186776 | PolarMAE=0.022054 | EMD=0.001369 | MolEMD=0.000492 | R2=0.7385 | LR=2.56e-04 | 53.5s
2026-06-16 04:39:23,565 - INFO - [gcn_seed2_mse] Epoch  31/200 | Train=0.04725 | Val=0.05365 | wMAE=0.185801 | PolarMAE=0.022502 | EMD=0.001351 | MolEMD=0.000466 | R2=0.7375 | LR=2.48e-04 | 53.4s
2026-06-16 04:39:23,623 - INFO -   -> new best (weighted_mae=0.185801), saved results/checkpoints/gcn_seed2_mse.pt
2026-06-16 04:40:17,046 - INFO - [gcn_seed2_mse] Epoch  32/200 | Train=0.04681 | Val=0.05311 | wMAE=0.185557 | PolarMAE=0.021834 | EMD=0.001355 | MolEMD=0.000478 | R2=0.7388 | LR=2.38e-04 | 53.4s
2026-06-16 04:40:17,102 - INFO -   -> new best (weighted_mae=0.185557), saved results/checkpoints/gcn_seed2_mse.pt
2026-06-16 04:41:11,108 - INFO - [gcn_seed2_mse] Epoch  33/200 | Train=0.04643 | Val=0.05234 | wMAE=0.183746 | PolarMAE=0.022243 | EMD=0.001347 | MolEMD=0.000455 | R2=0.7443 | LR=2.29e-04 | 54.0s
2026-06-16 04:41:11,169 - INFO -   -> new best (weighted_mae=0.183746), saved results/checkpoints/gcn_seed2_mse.pt
2026-06-16 04:42:04,366 - INFO - [gcn_seed2_mse] Epoch  34/200 | Train=0.04611 | Val=0.05223 | wMAE=0.182448 | PolarMAE=0.021172 | EMD=0.001329 | MolEMD=0.000466 | R2=0.7458 | LR=2.18e-04 | 53.2s
2026-06-16 04:42:04,458 - INFO -   -> new best (weighted_mae=0.182448), saved results/checkpoints/gcn_seed2_mse.pt
2026-06-16 04:42:58,652 - INFO - [gcn_seed2_mse] Epoch  35/200 | Train=0.04569 | Val=0.05224 | wMAE=0.183544 | PolarMAE=0.021301 | EMD=0.001350 | MolEMD=0.000467 | R2=0.7431 | LR=2.08e-04 | 54.2s
2026-06-16 04:43:51,891 - INFO - [gcn_seed2_mse] Epoch  36/200 | Train=0.04537 | Val=0.05127 | wMAE=0.180188 | PolarMAE=0.021549 | EMD=0.001336 | MolEMD=0.000456 | R2=0.7497 | LR=1.97e-04 | 53.2s
2026-06-16 04:43:51,954 - INFO -   -> new best (weighted_mae=0.180188), saved results/checkpoints/gcn_seed2_mse.pt
2026-06-16 04:44:45,409 - INFO - [gcn_seed2_mse] Epoch  37/200 | Train=0.04514 | Val=0.05161 | wMAE=0.181455 | PolarMAE=0.020563 | EMD=0.001325 | MolEMD=0.000475 | R2=0.7489 | LR=1.85e-04 | 53.5s
2026-06-16 04:45:39,019 - INFO - [gcn_seed2_mse] Epoch  38/200 | Train=0.04468 | Val=0.05240 | wMAE=0.184818 | PolarMAE=0.021229 | EMD=0.001319 | MolEMD=0.000461 | R2=0.7394 | LR=1.74e-04 | 53.6s
2026-06-16 04:46:32,351 - INFO - [gcn_seed2_mse] Epoch  39/200 | Train=0.04447 | Val=0.05084 | wMAE=0.180881 | PolarMAE=0.021254 | EMD=0.001326 | MolEMD=0.000455 | R2=0.7516 | LR=1.62e-04 | 53.3s
2026-06-16 04:47:26,018 - INFO - [gcn_seed2_mse] Epoch  40/200 | Train=0.04403 | Val=0.05116 | wMAE=0.179698 | PolarMAE=0.021469 | EMD=0.001320 | MolEMD=0.000453 | R2=0.7520 | LR=1.50e-04 | 53.7s
2026-06-16 04:47:26,083 - INFO -   -> new best (weighted_mae=0.179698), saved results/checkpoints/gcn_seed2_mse.pt
2026-06-16 04:48:19,429 - INFO - [gcn_seed2_mse] Epoch  41/200 | Train=0.04379 | Val=0.05112 | wMAE=0.180640 | PolarMAE=0.021558 | EMD=0.001325 | MolEMD=0.000464 | R2=0.7500 | LR=1.39e-04 | 53.3s
2026-06-16 04:49:12,797 - INFO - [gcn_seed2_mse] Epoch  42/200 | Train=0.04351 | Val=0.05044 | wMAE=0.179866 | PolarMAE=0.021141 | EMD=0.001320 | MolEMD=0.000457 | R2=0.7532 | LR=1.27e-04 | 53.4s
2026-06-16 04:50:06,493 - INFO - [gcn_seed2_mse] Epoch  43/200 | Train=0.04322 | Val=0.05034 | wMAE=0.177927 | PolarMAE=0.020811 | EMD=0.001295 | MolEMD=0.000443 | R2=0.7549 | LR=1.16e-04 | 53.7s
2026-06-16 04:50:06,550 - INFO -   -> new best (weighted_mae=0.177927), saved results/checkpoints/gcn_seed2_mse.pt
2026-06-16 04:51:00,048 - INFO - [gcn_seed2_mse] Epoch  44/200 | Train=0.04298 | Val=0.05030 | wMAE=0.178765 | PolarMAE=0.021493 | EMD=0.001309 | MolEMD=0.000455 | R2=0.7545 | LR=1.04e-04 | 53.5s
2026-06-16 04:51:54,004 - INFO - [gcn_seed2_mse] Epoch  45/200 | Train=0.04269 | Val=0.05013 | wMAE=0.178148 | PolarMAE=0.020919 | EMD=0.001284 | MolEMD=0.000441 | R2=0.7550 | LR=9.33e-05 | 54.0s
2026-06-16 04:52:47,969 - INFO - [gcn_seed2_mse] Epoch  46/200 | Train=0.04253 | Val=0.04969 | wMAE=0.177554 | PolarMAE=0.021077 | EMD=0.001297 | MolEMD=0.000438 | R2=0.7577 | LR=8.26e-05 | 54.0s
2026-06-16 04:52:48,027 - INFO -   -> new best (weighted_mae=0.177554), saved results/checkpoints/gcn_seed2_mse.pt
2026-06-16 04:53:41,628 - INFO - [gcn_seed2_mse] Epoch  47/200 | Train=0.04228 | Val=0.04972 | wMAE=0.177448 | PolarMAE=0.020987 | EMD=0.001297 | MolEMD=0.000437 | R2=0.7574 | LR=7.24e-05 | 53.6s
2026-06-16 04:53:41,688 - INFO -   -> new best (weighted_mae=0.177448), saved results/checkpoints/gcn_seed2_mse.pt
2026-06-16 04:54:35,341 - INFO - [gcn_seed2_mse] Epoch  48/200 | Train=0.04209 | Val=0.04939 | wMAE=0.178057 | PolarMAE=0.020992 | EMD=0.001297 | MolEMD=0.000433 | R2=0.7598 | LR=6.26e-05 | 53.7s
2026-06-16 04:55:29,936 - INFO - [gcn_seed2_mse] Epoch  49/200 | Train=0.04187 | Val=0.04920 | wMAE=0.177504 | PolarMAE=0.020754 | EMD=0.001289 | MolEMD=0.000438 | R2=0.7595 | LR=5.34e-05 | 54.6s
2026-06-16 04:56:22,789 - INFO - [gcn_seed2_mse] Epoch  50/200 | Train=0.04169 | Val=0.04901 | wMAE=0.175939 | PolarMAE=0.020926 | EMD=0.001281 | MolEMD=0.000432 | R2=0.7614 | LR=4.48e-05 | 52.9s
2026-06-16 04:56:22,850 - INFO -   -> new best (weighted_mae=0.175939), saved results/checkpoints/gcn_seed2_mse.pt
2026-06-16 04:57:16,250 - INFO - [gcn_seed2_mse] Epoch  51/200 | Train=0.04153 | Val=0.04916 | wMAE=0.176058 | PolarMAE=0.020749 | EMD=0.001279 | MolEMD=0.000433 | R2=0.7609 | LR=3.68e-05 | 53.4s
2026-06-16 04:58:10,722 - INFO - [gcn_seed2_mse] Epoch  52/200 | Train=0.04138 | Val=0.04900 | wMAE=0.176282 | PolarMAE=0.020703 | EMD=0.001281 | MolEMD=0.000434 | R2=0.7617 | LR=2.96e-05 | 54.5s
2026-06-16 04:59:04,510 - INFO - [gcn_seed2_mse] Epoch  53/200 | Train=0.04124 | Val=0.04895 | wMAE=0.176323 | PolarMAE=0.020716 | EMD=0.001282 | MolEMD=0.000430 | R2=0.7612 | LR=2.30e-05 | 53.8s
2026-06-16 04:59:57,921 - INFO - [gcn_seed2_mse] Epoch  54/200 | Train=0.04111 | Val=0.04895 | wMAE=0.175670 | PolarMAE=0.020571 | EMD=0.001274 | MolEMD=0.000430 | R2=0.7619 | LR=1.73e-05 | 53.4s
2026-06-16 04:59:57,982 - INFO -   -> new best (weighted_mae=0.175670), saved results/checkpoints/gcn_seed2_mse.pt
2026-06-16 05:00:52,345 - INFO - [gcn_seed2_mse] Epoch  55/200 | Train=0.04100 | Val=0.04886 | wMAE=0.175926 | PolarMAE=0.020784 | EMD=0.001279 | MolEMD=0.000428 | R2=0.7624 | LR=1.24e-05 | 54.4s
2026-06-16 05:01:45,695 - INFO - [gcn_seed2_mse] Epoch  56/200 | Train=0.04093 | Val=0.04876 | wMAE=0.175569 | PolarMAE=0.020744 | EMD=0.001275 | MolEMD=0.000428 | R2=0.7624 | LR=8.32e-06 | 53.3s
2026-06-16 05:01:45,758 - INFO -   -> new best (weighted_mae=0.175569), saved results/checkpoints/gcn_seed2_mse.pt
2026-06-16 05:02:38,936 - INFO - [gcn_seed2_mse] Epoch  57/200 | Train=0.04086 | Val=0.04875 | wMAE=0.175441 | PolarMAE=0.020698 | EMD=0.001275 | MolEMD=0.000432 | R2=0.7627 | LR=5.13e-06 | 53.2s
2026-06-16 05:02:39,000 - INFO -   -> new best (weighted_mae=0.175441), saved results/checkpoints/gcn_seed2_mse.pt
2026-06-16 05:03:32,435 - INFO - [gcn_seed2_mse] Epoch  58/200 | Train=0.04080 | Val=0.04870 | wMAE=0.175193 | PolarMAE=0.020656 | EMD=0.001274 | MolEMD=0.000429 | R2=0.7631 | LR=2.84e-06 | 53.4s
2026-06-16 05:03:32,493 - INFO -   -> new best (weighted_mae=0.175193), saved results/checkpoints/gcn_seed2_mse.pt
2026-06-16 05:04:26,097 - INFO - [gcn_seed2_mse] Epoch  59/200 | Train=0.04075 | Val=0.04861 | wMAE=0.175171 | PolarMAE=0.020627 | EMD=0.001273 | MolEMD=0.000427 | R2=0.7635 | LR=1.46e-06 | 53.6s
2026-06-16 05:04:26,154 - INFO -   -> new best (weighted_mae=0.175171), saved results/checkpoints/gcn_seed2_mse.pt
2026-06-16 05:05:19,807 - INFO - [gcn_seed2_mse] Epoch  60/200 | Train=0.04073 | Val=0.04864 | wMAE=0.175342 | PolarMAE=0.020637 | EMD=0.001273 | MolEMD=0.000427 | R2=0.7633 | LR=3.00e-04 | 53.7s
2026-06-16 05:06:13,762 - INFO - [gcn_seed2_mse] Epoch  61/200 | Train=0.04534 | Val=0.05195 | wMAE=0.182423 | PolarMAE=0.021893 | EMD=0.001338 | MolEMD=0.000455 | R2=0.7445 | LR=3.00e-04 | 54.0s
2026-06-16 05:07:07,137 - INFO - [gcn_seed2_mse] Epoch  62/200 | Train=0.04430 | Val=0.05086 | wMAE=0.181420 | PolarMAE=0.020904 | EMD=0.001307 | MolEMD=0.000447 | R2=0.7500 | LR=3.00e-04 | 53.4s
2026-06-16 05:08:00,346 - INFO - [gcn_seed2_mse] Epoch  63/200 | Train=0.04385 | Val=0.05047 | wMAE=0.178980 | PolarMAE=0.021006 | EMD=0.001292 | MolEMD=0.000460 | R2=0.7534 | LR=2.99e-04 | 53.2s
2026-06-16 05:08:53,809 - INFO - [gcn_seed2_mse] Epoch  64/200 | Train=0.04367 | Val=0.05095 | wMAE=0.181846 | PolarMAE=0.020992 | EMD=0.001316 | MolEMD=0.000456 | R2=0.7487 | LR=2.98e-04 | 53.5s
2026-06-16 05:09:46,930 - INFO - [gcn_seed2_mse] Epoch  65/200 | Train=0.04341 | Val=0.05109 | wMAE=0.179587 | PolarMAE=0.021260 | EMD=0.001315 | MolEMD=0.000450 | R2=0.7525 | LR=2.97e-04 | 53.1s
2026-06-16 05:10:40,227 - INFO - [gcn_seed2_mse] Epoch  66/200 | Train=0.04324 | Val=0.05122 | wMAE=0.180647 | PolarMAE=0.021271 | EMD=0.001335 | MolEMD=0.000500 | R2=0.7498 | LR=2.96e-04 | 53.3s
2026-06-16 05:11:33,866 - INFO - [gcn_seed2_mse] Epoch  67/200 | Train=0.04311 | Val=0.05086 | wMAE=0.182086 | PolarMAE=0.020738 | EMD=0.001305 | MolEMD=0.000456 | R2=0.7479 | LR=2.94e-04 | 53.6s
2026-06-16 05:12:27,427 - INFO - [gcn_seed2_mse] Epoch  68/200 | Train=0.04283 | Val=0.05130 | wMAE=0.180926 | PolarMAE=0.021193 | EMD=0.001318 | MolEMD=0.000450 | R2=0.7480 | LR=2.93e-04 | 53.6s
2026-06-16 05:13:20,995 - INFO - [gcn_seed2_mse] Epoch  69/200 | Train=0.04272 | Val=0.05047 | wMAE=0.179060 | PolarMAE=0.021280 | EMD=0.001300 | MolEMD=0.000451 | R2=0.7512 | LR=2.91e-04 | 53.6s
2026-06-16 05:14:14,215 - INFO - [gcn_seed2_mse] Epoch  70/200 | Train=0.04265 | Val=0.04981 | wMAE=0.177160 | PolarMAE=0.020891 | EMD=0.001296 | MolEMD=0.000451 | R2=0.7570 | LR=2.89e-04 | 53.2s
2026-06-16 05:15:08,653 - INFO - [gcn_seed2_mse] Epoch  71/200 | Train=0.04234 | Val=0.05099 | wMAE=0.180399 | PolarMAE=0.020968 | EMD=0.001323 | MolEMD=0.000520 | R2=0.7516 | LR=2.86e-04 | 54.4s
2026-06-16 05:16:01,953 - INFO - [gcn_seed2_mse] Epoch  72/200 | Train=0.04222 | Val=0.04994 | wMAE=0.177938 | PolarMAE=0.021111 | EMD=0.001296 | MolEMD=0.000454 | R2=0.7537 | LR=2.84e-04 | 53.3s
2026-06-16 05:16:55,717 - INFO - [gcn_seed2_mse] Epoch  73/200 | Train=0.04210 | Val=0.04926 | wMAE=0.177283 | PolarMAE=0.021249 | EMD=0.001292 | MolEMD=0.000440 | R2=0.7595 | LR=2.81e-04 | 53.8s
2026-06-16 05:17:49,448 - INFO - [gcn_seed2_mse] Epoch  74/200 | Train=0.04187 | Val=0.04935 | wMAE=0.176192 | PolarMAE=0.020510 | EMD=0.001290 | MolEMD=0.000441 | R2=0.7604 | LR=2.78e-04 | 53.7s
2026-06-16 05:18:43,068 - INFO - [gcn_seed2_mse] Epoch  75/200 | Train=0.04172 | Val=0.05011 | wMAE=0.177654 | PolarMAE=0.021114 | EMD=0.001311 | MolEMD=0.000442 | R2=0.7558 | LR=2.75e-04 | 53.6s
2026-06-16 05:19:36,645 - INFO - [gcn_seed2_mse] Epoch  76/200 | Train=0.04158 | Val=0.04918 | wMAE=0.177896 | PolarMAE=0.021270 | EMD=0.001297 | MolEMD=0.000438 | R2=0.7612 | LR=2.71e-04 | 53.6s
2026-06-16 05:20:29,958 - INFO - [gcn_seed2_mse] Epoch  77/200 | Train=0.04137 | Val=0.04963 | wMAE=0.177182 | PolarMAE=0.020696 | EMD=0.001312 | MolEMD=0.000456 | R2=0.7593 | LR=2.68e-04 | 53.3s
2026-06-16 05:21:23,299 - INFO - [gcn_seed2_mse] Epoch  78/200 | Train=0.04127 | Val=0.04952 | wMAE=0.177068 | PolarMAE=0.020966 | EMD=0.001296 | MolEMD=0.000448 | R2=0.7582 | LR=2.64e-04 | 53.3s
2026-06-16 05:22:17,205 - INFO - [gcn_seed2_mse] Epoch  79/200 | Train=0.04092 | Val=0.05068 | wMAE=0.177405 | PolarMAE=0.021317 | EMD=0.001302 | MolEMD=0.000448 | R2=0.7566 | LR=2.60e-04 | 53.9s
2026-06-16 05:22:17,205 - INFO - Early stopping at epoch 79.
2026-06-16 05:22:17,205 - INFO - Loading best checkpoint for test evaluation...
2026-06-16 05:22:47,840 - INFO - [gcn_seed2_mse] TEST METRICS: {'loss': 0.047375044129215754, 'weighted_r2': 0.7646985650062561, 'weighted_mae': 0.17764315009117126, 'polar_mae': 0.023117171600461006, 'cosine_similarity': 0.8793822941436362, 'emd_raw': 0.0013601520678663851, 'emd_normalized': 0.0013601520678663877, 'molecular_mae': 0.7619952587248423, 'molecular_emd': 0.0004236943309579204, 'molecular_cosine': 0.985548557134775, 'molecular_polar_mae': 0.31249046019445625}
2026-06-16 05:22:47,845 - INFO - Saved results to results/metrics/gcn_seed2_mse.json
2026-06-16 05:23:13,172 - INFO - Device: cuda
2026-06-16 05:23:13,173 - INFO - Loading cached dataset: /mnt/tank/scratch/ikarpushkina/sigma/ASPEN/data/train_test_val_df/cache/chaos_atomic_train_with_coordinates.parquet.fac02d20b3.pt
2026-06-16 05:23:27,096 - INFO - chaos_atomic_train_with_coordinates.parquet: 36981 molecules, 1077949 atoms, extended=True, RDKit mol valid: 36981/36981 (100.0%)
2026-06-16 05:23:27,097 - INFO - Loading cached dataset: /mnt/tank/scratch/ikarpushkina/sigma/ASPEN/data/train_test_val_df/cache/chaos_atomic_val_with_coordinates.parquet.fac02d20b3.pt
2026-06-16 05:23:29,673 - INFO - chaos_atomic_val_with_coordinates.parquet: 7941 molecules, 235573 atoms, extended=True, RDKit mol valid: 7941/7941 (100.0%)
2026-06-16 05:23:29,674 - INFO - Loading cached dataset: /mnt/tank/scratch/ikarpushkina/sigma/ASPEN/data/train_test_val_df/cache/chaos_atomic_test_with_coordinates.parquet.fac02d20b3.pt
2026-06-16 05:23:33,495 - INFO - chaos_atomic_test_with_coordinates.parquet: 7800 molecules, 221748 atoms, extended=True, RDKit mol valid: 7800/7800 (100.0%)
2026-06-16 05:23:34,232 - INFO - gat: 701,683 params (target 695,667, diff 0.9%)
2026-06-16 05:24:32,590 - INFO - [gat_seed0_mse] Epoch   1/200 | Train=0.10691 | Val=0.08388 | wMAE=0.243449 | PolarMAE=0.039678 | EMD=0.002349 | MolEMD=0.001026 | R2=0.5746 | LR=2.98e-04 | 58.4s
2026-06-16 05:24:32,650 - INFO -   -> new best (weighted_mae=0.243449), saved results/checkpoints/gat_seed0_mse.pt
2026-06-16 05:25:29,579 - INFO - [gat_seed0_mse] Epoch   2/200 | Train=0.06964 | Val=0.06770 | wMAE=0.212962 | PolarMAE=0.026780 | EMD=0.001657 | MolEMD=0.000619 | R2=0.6652 | LR=2.93e-04 | 56.9s
2026-06-16 05:25:29,658 - INFO -   -> new best (weighted_mae=0.212962), saved results/checkpoints/gat_seed0_mse.pt
2026-06-16 05:26:26,042 - INFO - [gat_seed0_mse] Epoch   3/200 | Train=0.06205 | Val=0.06289 | wMAE=0.204542 | PolarMAE=0.026073 | EMD=0.001592 | MolEMD=0.000583 | R2=0.6895 | LR=2.84e-04 | 56.4s
2026-06-16 05:26:26,099 - INFO -   -> new best (weighted_mae=0.204542), saved results/checkpoints/gat_seed0_mse.pt
2026-06-16 05:27:23,115 - INFO - [gat_seed0_mse] Epoch   4/200 | Train=0.05833 | Val=0.06243 | wMAE=0.205910 | PolarMAE=0.025467 | EMD=0.001578 | MolEMD=0.000579 | R2=0.6920 | LR=2.71e-04 | 57.0s
2026-06-16 05:28:20,513 - INFO - [gat_seed0_mse] Epoch   5/200 | Train=0.05604 | Val=0.05896 | wMAE=0.196679 | PolarMAE=0.024717 | EMD=0.001527 | MolEMD=0.000600 | R2=0.7102 | LR=2.56e-04 | 57.4s
2026-06-16 05:28:20,574 - INFO -   -> new best (weighted_mae=0.196679), saved results/checkpoints/gat_seed0_mse.pt
2026-06-16 05:29:17,112 - INFO - [gat_seed0_mse] Epoch   6/200 | Train=0.05369 | Val=0.05799 | wMAE=0.193355 | PolarMAE=0.024236 | EMD=0.001480 | MolEMD=0.000528 | R2=0.7168 | LR=2.38e-04 | 56.5s
2026-06-16 05:29:17,175 - INFO -   -> new best (weighted_mae=0.193355), saved results/checkpoints/gat_seed0_mse.pt
2026-06-16 05:30:13,672 - INFO - [gat_seed0_mse] Epoch   7/200 | Train=0.05228 | Val=0.05809 | wMAE=0.195719 | PolarMAE=0.023888 | EMD=0.001491 | MolEMD=0.000536 | R2=0.7108 | LR=2.18e-04 | 56.5s
2026-06-16 05:31:11,304 - INFO - [gat_seed0_mse] Epoch   8/200 | Train=0.05105 | Val=0.05558 | wMAE=0.191222 | PolarMAE=0.023646 | EMD=0.001452 | MolEMD=0.000484 | R2=0.7277 | LR=1.97e-04 | 57.6s
2026-06-16 05:31:11,364 - INFO -   -> new best (weighted_mae=0.191222), saved results/checkpoints/gat_seed0_mse.pt
2026-06-16 05:32:07,850 - INFO - [gat_seed0_mse] Epoch   9/200 | Train=0.04989 | Val=0.05526 | wMAE=0.189059 | PolarMAE=0.022770 | EMD=0.001413 | MolEMD=0.000465 | R2=0.7293 | LR=1.74e-04 | 56.5s
2026-06-16 05:32:07,920 - INFO -   -> new best (weighted_mae=0.189059), saved results/checkpoints/gat_seed0_mse.pt
2026-06-16 05:33:04,994 - INFO - [gat_seed0_mse] Epoch  10/200 | Train=0.04881 | Val=0.05440 | wMAE=0.187569 | PolarMAE=0.022744 | EMD=0.001401 | MolEMD=0.000459 | R2=0.7336 | LR=1.50e-04 | 57.1s
2026-06-16 05:33:05,055 - INFO -   -> new best (weighted_mae=0.187569), saved results/checkpoints/gat_seed0_mse.pt
2026-06-16 05:34:04,606 - INFO - [gat_seed0_mse] Epoch  11/200 | Train=0.04800 | Val=0.05458 | wMAE=0.187257 | PolarMAE=0.022051 | EMD=0.001395 | MolEMD=0.000473 | R2=0.7318 | LR=1.27e-04 | 59.6s
2026-06-16 05:34:04,663 - INFO -   -> new best (weighted_mae=0.187257), saved results/checkpoints/gat_seed0_mse.pt
2026-06-16 05:35:01,178 - INFO - [gat_seed0_mse] Epoch  12/200 | Train=0.04727 | Val=0.05317 | wMAE=0.185329 | PolarMAE=0.022091 | EMD=0.001378 | MolEMD=0.000454 | R2=0.7401 | LR=1.04e-04 | 56.5s
2026-06-16 05:35:01,239 - INFO -   -> new best (weighted_mae=0.185329), saved results/checkpoints/gat_seed0_mse.pt
2026-06-16 05:35:58,229 - INFO - [gat_seed0_mse] Epoch  13/200 | Train=0.04654 | Val=0.05228 | wMAE=0.183026 | PolarMAE=0.022036 | EMD=0.001352 | MolEMD=0.000448 | R2=0.7457 | LR=8.26e-05 | 57.0s
2026-06-16 05:35:58,288 - INFO -   -> new best (weighted_mae=0.183026), saved results/checkpoints/gat_seed0_mse.pt
2026-06-16 05:36:55,437 - INFO - [gat_seed0_mse] Epoch  14/200 | Train=0.04598 | Val=0.05197 | wMAE=0.182055 | PolarMAE=0.021603 | EMD=0.001337 | MolEMD=0.000447 | R2=0.7471 | LR=6.26e-05 | 57.1s
2026-06-16 05:36:55,496 - INFO -   -> new best (weighted_mae=0.182055), saved results/checkpoints/gat_seed0_mse.pt
2026-06-16 05:37:52,016 - INFO - [gat_seed0_mse] Epoch  15/200 | Train=0.04548 | Val=0.05127 | wMAE=0.180356 | PolarMAE=0.021266 | EMD=0.001325 | MolEMD=0.000434 | R2=0.7502 | LR=4.48e-05 | 56.5s
2026-06-16 05:37:52,079 - INFO -   -> new best (weighted_mae=0.180356), saved results/checkpoints/gat_seed0_mse.pt
2026-06-16 05:38:48,875 - INFO - [gat_seed0_mse] Epoch  16/200 | Train=0.04505 | Val=0.05098 | wMAE=0.180103 | PolarMAE=0.021289 | EMD=0.001320 | MolEMD=0.000430 | R2=0.7520 | LR=2.96e-05 | 56.8s
2026-06-16 05:38:48,935 - INFO -   -> new best (weighted_mae=0.180103), saved results/checkpoints/gat_seed0_mse.pt
2026-06-16 05:39:47,806 - INFO - [gat_seed0_mse] Epoch  17/200 | Train=0.04469 | Val=0.05096 | wMAE=0.179634 | PolarMAE=0.021363 | EMD=0.001317 | MolEMD=0.000426 | R2=0.7515 | LR=1.73e-05 | 58.9s
2026-06-16 05:39:47,870 - INFO -   -> new best (weighted_mae=0.179634), saved results/checkpoints/gat_seed0_mse.pt
2026-06-16 05:40:44,616 - INFO - [gat_seed0_mse] Epoch  18/200 | Train=0.04447 | Val=0.05089 | wMAE=0.180026 | PolarMAE=0.021267 | EMD=0.001319 | MolEMD=0.000427 | R2=0.7520 | LR=8.32e-06 | 56.7s
2026-06-16 05:41:41,514 - INFO - [gat_seed0_mse] Epoch  19/200 | Train=0.04427 | Val=0.05058 | wMAE=0.179179 | PolarMAE=0.021251 | EMD=0.001314 | MolEMD=0.000422 | R2=0.7544 | LR=2.84e-06 | 56.9s
2026-06-16 05:41:41,575 - INFO -   -> new best (weighted_mae=0.179179), saved results/checkpoints/gat_seed0_mse.pt
2026-06-16 05:42:38,887 - INFO - [gat_seed0_mse] Epoch  20/200 | Train=0.04417 | Val=0.05050 | wMAE=0.178994 | PolarMAE=0.021348 | EMD=0.001315 | MolEMD=0.000421 | R2=0.7549 | LR=3.00e-04 | 57.3s
2026-06-16 05:42:38,961 - INFO -   -> new best (weighted_mae=0.178994), saved results/checkpoints/gat_seed0_mse.pt
2026-06-16 05:43:35,493 - INFO - [gat_seed0_mse] Epoch  21/200 | Train=0.04888 | Val=0.05332 | wMAE=0.184796 | PolarMAE=0.022484 | EMD=0.001382 | MolEMD=0.000451 | R2=0.7388 | LR=3.00e-04 | 56.5s
2026-06-16 05:44:32,014 - INFO - [gat_seed0_mse] Epoch  22/200 | Train=0.04727 | Val=0.05328 | wMAE=0.184314 | PolarMAE=0.022937 | EMD=0.001375 | MolEMD=0.000479 | R2=0.7407 | LR=2.98e-04 | 56.5s
2026-06-16 05:45:32,555 - INFO - [gat_seed0_mse] Epoch  23/200 | Train=0.04656 | Val=0.05288 | wMAE=0.185450 | PolarMAE=0.022004 | EMD=0.001367 | MolEMD=0.000440 | R2=0.7400 | LR=2.96e-04 | 60.5s
2026-06-16 05:46:29,066 - INFO - [gat_seed0_mse] Epoch  24/200 | Train=0.04584 | Val=0.05183 | wMAE=0.183621 | PolarMAE=0.022160 | EMD=0.001356 | MolEMD=0.000435 | R2=0.7454 | LR=2.93e-04 | 56.5s
2026-06-16 05:47:25,876 - INFO - [gat_seed0_mse] Epoch  25/200 | Train=0.04516 | Val=0.05096 | wMAE=0.179291 | PolarMAE=0.021320 | EMD=0.001319 | MolEMD=0.000439 | R2=0.7523 | LR=2.89e-04 | 56.8s
2026-06-16 05:48:24,028 - INFO - [gat_seed0_mse] Epoch  26/200 | Train=0.04480 | Val=0.05116 | wMAE=0.180524 | PolarMAE=0.021704 | EMD=0.001324 | MolEMD=0.000448 | R2=0.7497 | LR=2.84e-04 | 58.1s
2026-06-16 05:49:20,620 - INFO - [gat_seed0_mse] Epoch  27/200 | Train=0.04420 | Val=0.05037 | wMAE=0.178417 | PolarMAE=0.020802 | EMD=0.001294 | MolEMD=0.000434 | R2=0.7547 | LR=2.78e-04 | 56.6s
2026-06-16 05:49:20,678 - INFO -   -> new best (weighted_mae=0.178417), saved results/checkpoints/gat_seed0_mse.pt
2026-06-16 05:50:18,037 - INFO - [gat_seed0_mse] Epoch  28/200 | Train=0.04376 | Val=0.05053 | wMAE=0.179705 | PolarMAE=0.021370 | EMD=0.001328 | MolEMD=0.000430 | R2=0.7546 | LR=2.71e-04 | 57.4s
2026-06-16 05:51:15,078 - INFO - [gat_seed0_mse] Epoch  29/200 | Train=0.04358 | Val=0.05045 | wMAE=0.179917 | PolarMAE=0.021245 | EMD=0.001330 | MolEMD=0.000435 | R2=0.7535 | LR=2.64e-04 | 57.0s
2026-06-16 05:52:11,476 - INFO - [gat_seed0_mse] Epoch  30/200 | Train=0.04294 | Val=0.05074 | wMAE=0.177211 | PolarMAE=0.021653 | EMD=0.001300 | MolEMD=0.000425 | R2=0.7544 | LR=2.56e-04 | 56.4s
2026-06-16 05:52:11,540 - INFO -   -> new best (weighted_mae=0.177211), saved results/checkpoints/gat_seed0_mse.pt
2026-06-16 05:53:08,536 - INFO - [gat_seed0_mse] Epoch  31/200 | Train=0.04262 | Val=0.05017 | wMAE=0.176595 | PolarMAE=0.021872 | EMD=0.001308 | MolEMD=0.000444 | R2=0.7576 | LR=2.48e-04 | 57.0s
2026-06-16 05:53:08,594 - INFO -   -> new best (weighted_mae=0.176595), saved results/checkpoints/gat_seed0_mse.pt
2026-06-16 05:54:05,330 - INFO - [gat_seed0_mse] Epoch  32/200 | Train=0.04219 | Val=0.04943 | wMAE=0.176713 | PolarMAE=0.021208 | EMD=0.001304 | MolEMD=0.000424 | R2=0.7597 | LR=2.38e-04 | 56.7s
2026-06-16 05:55:01,707 - INFO - [gat_seed0_mse] Epoch  33/200 | Train=0.04182 | Val=0.04873 | wMAE=0.174998 | PolarMAE=0.021107 | EMD=0.001289 | MolEMD=0.000418 | R2=0.7642 | LR=2.29e-04 | 56.4s
2026-06-16 05:55:01,767 - INFO -   -> new best (weighted_mae=0.174998), saved results/checkpoints/gat_seed0_mse.pt
2026-06-16 05:55:58,959 - INFO - [gat_seed0_mse] Epoch  34/200 | Train=0.04141 | Val=0.05141 | wMAE=0.183351 | PolarMAE=0.021324 | EMD=0.001299 | MolEMD=0.000423 | R2=0.7402 | LR=2.18e-04 | 57.2s
2026-06-16 05:56:55,534 - INFO - [gat_seed0_mse] Epoch  35/200 | Train=0.04097 | Val=0.04882 | wMAE=0.175401 | PolarMAE=0.020503 | EMD=0.001279 | MolEMD=0.000427 | R2=0.7623 | LR=2.08e-04 | 56.6s
2026-06-16 05:57:52,368 - INFO - [gat_seed0_mse] Epoch  36/200 | Train=0.04077 | Val=0.04830 | wMAE=0.173659 | PolarMAE=0.021204 | EMD=0.001271 | MolEMD=0.000463 | R2=0.7665 | LR=1.97e-04 | 56.8s
2026-06-16 05:57:52,433 - INFO -   -> new best (weighted_mae=0.173659), saved results/checkpoints/gat_seed0_mse.pt
2026-06-16 05:58:49,771 - INFO - [gat_seed0_mse] Epoch  37/200 | Train=0.04048 | Val=0.04947 | wMAE=0.175740 | PolarMAE=0.020684 | EMD=0.001281 | MolEMD=0.000426 | R2=0.7592 | LR=1.85e-04 | 57.3s
2026-06-16 05:59:46,216 - INFO - [gat_seed0_mse] Epoch  38/200 | Train=0.04012 | Val=0.04815 | wMAE=0.173033 | PolarMAE=0.020656 | EMD=0.001270 | MolEMD=0.000420 | R2=0.7666 | LR=1.74e-04 | 56.4s
2026-06-16 05:59:46,279 - INFO -   -> new best (weighted_mae=0.173033), saved results/checkpoints/gat_seed0_mse.pt
2026-06-16 06:00:42,838 - INFO - [gat_seed0_mse] Epoch  39/200 | Train=0.03987 | Val=0.04837 | wMAE=0.173713 | PolarMAE=0.021082 | EMD=0.001271 | MolEMD=0.000418 | R2=0.7669 | LR=1.62e-04 | 56.6s
2026-06-16 06:01:39,949 - INFO - [gat_seed0_mse] Epoch  40/200 | Train=0.03948 | Val=0.04782 | wMAE=0.172822 | PolarMAE=0.020701 | EMD=0.001269 | MolEMD=0.000430 | R2=0.7699 | LR=1.50e-04 | 57.1s
2026-06-16 06:01:40,015 - INFO -   -> new best (weighted_mae=0.172822), saved results/checkpoints/gat_seed0_mse.pt
2026-06-16 06:02:36,780 - INFO - [gat_seed0_mse] Epoch  41/200 | Train=0.03925 | Val=0.04758 | wMAE=0.172696 | PolarMAE=0.020283 | EMD=0.001253 | MolEMD=0.000408 | R2=0.7696 | LR=1.39e-04 | 56.8s
2026-06-16 06:02:36,839 - INFO -   -> new best (weighted_mae=0.172696), saved results/checkpoints/gat_seed0_mse.pt
2026-06-16 06:03:33,172 - INFO - [gat_seed0_mse] Epoch  42/200 | Train=0.03898 | Val=0.04762 | wMAE=0.171655 | PolarMAE=0.020503 | EMD=0.001249 | MolEMD=0.000406 | R2=0.7702 | LR=1.27e-04 | 56.3s
2026-06-16 06:03:33,230 - INFO -   -> new best (weighted_mae=0.171655), saved results/checkpoints/gat_seed0_mse.pt
2026-06-16 06:04:30,491 - INFO - [gat_seed0_mse] Epoch  43/200 | Train=0.03879 | Val=0.04745 | wMAE=0.171454 | PolarMAE=0.020477 | EMD=0.001247 | MolEMD=0.000404 | R2=0.7720 | LR=1.16e-04 | 57.3s
2026-06-16 06:04:30,549 - INFO -   -> new best (weighted_mae=0.171454), saved results/checkpoints/gat_seed0_mse.pt
2026-06-16 06:05:26,995 - INFO - [gat_seed0_mse] Epoch  44/200 | Train=0.03850 | Val=0.04758 | wMAE=0.172167 | PolarMAE=0.020359 | EMD=0.001250 | MolEMD=0.000412 | R2=0.7702 | LR=1.04e-04 | 56.4s
2026-06-16 06:06:23,443 - INFO - [gat_seed0_mse] Epoch  45/200 | Train=0.03831 | Val=0.04759 | wMAE=0.171742 | PolarMAE=0.020596 | EMD=0.001247 | MolEMD=0.000401 | R2=0.7706 | LR=9.33e-05 | 56.4s
2026-06-16 06:07:20,590 - INFO - [gat_seed0_mse] Epoch  46/200 | Train=0.03808 | Val=0.04678 | wMAE=0.170398 | PolarMAE=0.020309 | EMD=0.001241 | MolEMD=0.000403 | R2=0.7742 | LR=8.26e-05 | 57.1s
2026-06-16 06:07:20,652 - INFO -   -> new best (weighted_mae=0.170398), saved results/checkpoints/gat_seed0_mse.pt
2026-06-16 06:08:17,131 - INFO - [gat_seed0_mse] Epoch  47/200 | Train=0.03792 | Val=0.04674 | wMAE=0.170052 | PolarMAE=0.020461 | EMD=0.001237 | MolEMD=0.000403 | R2=0.7752 | LR=7.24e-05 | 56.5s
2026-06-16 06:08:17,193 - INFO -   -> new best (weighted_mae=0.170052), saved results/checkpoints/gat_seed0_mse.pt
2026-06-16 06:09:14,726 - INFO - [gat_seed0_mse] Epoch  48/200 | Train=0.03769 | Val=0.04708 | wMAE=0.170312 | PolarMAE=0.020171 | EMD=0.001236 | MolEMD=0.000401 | R2=0.7728 | LR=6.26e-05 | 57.5s
2026-06-16 06:10:11,975 - INFO - [gat_seed0_mse] Epoch  49/200 | Train=0.03754 | Val=0.04671 | wMAE=0.169901 | PolarMAE=0.020435 | EMD=0.001238 | MolEMD=0.000400 | R2=0.7758 | LR=5.34e-05 | 57.2s
2026-06-16 06:10:12,035 - INFO -   -> new best (weighted_mae=0.169901), saved results/checkpoints/gat_seed0_mse.pt
2026-06-16 06:11:08,656 - INFO - [gat_seed0_mse] Epoch  50/200 | Train=0.03735 | Val=0.04667 | wMAE=0.169873 | PolarMAE=0.020218 | EMD=0.001234 | MolEMD=0.000403 | R2=0.7761 | LR=4.48e-05 | 56.6s
2026-06-16 06:11:08,715 - INFO -   -> new best (weighted_mae=0.169873), saved results/checkpoints/gat_seed0_mse.pt
2026-06-16 06:12:05,651 - INFO - [gat_seed0_mse] Epoch  51/200 | Train=0.03720 | Val=0.04656 | wMAE=0.169565 | PolarMAE=0.020235 | EMD=0.001229 | MolEMD=0.000402 | R2=0.7759 | LR=3.68e-05 | 56.9s
2026-06-16 06:12:05,713 - INFO -   -> new best (weighted_mae=0.169565), saved results/checkpoints/gat_seed0_mse.pt
2026-06-16 06:13:03,268 - INFO - [gat_seed0_mse] Epoch  52/200 | Train=0.03710 | Val=0.04653 | wMAE=0.169500 | PolarMAE=0.020213 | EMD=0.001230 | MolEMD=0.000395 | R2=0.7764 | LR=2.96e-05 | 57.6s
2026-06-16 06:13:03,329 - INFO -   -> new best (weighted_mae=0.169500), saved results/checkpoints/gat_seed0_mse.pt
2026-06-16 06:14:00,065 - INFO - [gat_seed0_mse] Epoch  53/200 | Train=0.03695 | Val=0.04648 | wMAE=0.169303 | PolarMAE=0.020230 | EMD=0.001227 | MolEMD=0.000396 | R2=0.7767 | LR=2.30e-05 | 56.7s
2026-06-16 06:14:00,125 - INFO -   -> new best (weighted_mae=0.169303), saved results/checkpoints/gat_seed0_mse.pt
2026-06-16 06:14:56,794 - INFO - [gat_seed0_mse] Epoch  54/200 | Train=0.03687 | Val=0.04649 | wMAE=0.169310 | PolarMAE=0.020112 | EMD=0.001221 | MolEMD=0.000392 | R2=0.7764 | LR=1.73e-05 | 56.7s
2026-06-16 06:15:54,353 - INFO - [gat_seed0_mse] Epoch  55/200 | Train=0.03680 | Val=0.04636 | wMAE=0.169197 | PolarMAE=0.020100 | EMD=0.001227 | MolEMD=0.000396 | R2=0.7770 | LR=1.24e-05 | 57.6s
2026-06-16 06:15:54,419 - INFO -   -> new best (weighted_mae=0.169197), saved results/checkpoints/gat_seed0_mse.pt
2026-06-16 06:16:50,850 - INFO - [gat_seed0_mse] Epoch  56/200 | Train=0.03671 | Val=0.04630 | wMAE=0.168855 | PolarMAE=0.020197 | EMD=0.001226 | MolEMD=0.000394 | R2=0.7775 | LR=8.32e-06 | 56.4s
2026-06-16 06:16:50,913 - INFO -   -> new best (weighted_mae=0.168855), saved results/checkpoints/gat_seed0_mse.pt
2026-06-16 06:17:47,739 - INFO - [gat_seed0_mse] Epoch  57/200 | Train=0.03664 | Val=0.04638 | wMAE=0.168988 | PolarMAE=0.020118 | EMD=0.001225 | MolEMD=0.000394 | R2=0.7769 | LR=5.13e-06 | 56.8s
2026-06-16 06:18:44,608 - INFO - [gat_seed0_mse] Epoch  58/200 | Train=0.03660 | Val=0.04627 | wMAE=0.168792 | PolarMAE=0.020163 | EMD=0.001224 | MolEMD=0.000394 | R2=0.7779 | LR=2.84e-06 | 56.9s
2026-06-16 06:18:44,671 - INFO -   -> new best (weighted_mae=0.168792), saved results/checkpoints/gat_seed0_mse.pt
2026-06-16 06:19:41,640 - INFO - [gat_seed0_mse] Epoch  59/200 | Train=0.03658 | Val=0.04627 | wMAE=0.168700 | PolarMAE=0.020159 | EMD=0.001223 | MolEMD=0.000394 | R2=0.7780 | LR=1.46e-06 | 57.0s
2026-06-16 06:19:41,703 - INFO -   -> new best (weighted_mae=0.168700), saved results/checkpoints/gat_seed0_mse.pt
2026-06-16 06:20:38,322 - INFO - [gat_seed0_mse] Epoch  60/200 | Train=0.03656 | Val=0.04625 | wMAE=0.168788 | PolarMAE=0.020141 | EMD=0.001225 | MolEMD=0.000394 | R2=0.7779 | LR=3.00e-04 | 56.6s
2026-06-16 06:21:36,269 - INFO - [gat_seed0_mse] Epoch  61/200 | Train=0.04133 | Val=0.04870 | wMAE=0.174074 | PolarMAE=0.020502 | EMD=0.001259 | MolEMD=0.000426 | R2=0.7643 | LR=3.00e-04 | 57.9s
2026-06-16 06:22:33,029 - INFO - [gat_seed0_mse] Epoch  62/200 | Train=0.03984 | Val=0.04878 | wMAE=0.174350 | PolarMAE=0.020535 | EMD=0.001271 | MolEMD=0.000427 | R2=0.7653 | LR=3.00e-04 | 56.8s
2026-06-16 06:23:29,803 - INFO - [gat_seed0_mse] Epoch  63/200 | Train=0.03966 | Val=0.04920 | wMAE=0.177627 | PolarMAE=0.021118 | EMD=0.001282 | MolEMD=0.000418 | R2=0.7580 | LR=2.99e-04 | 56.8s
2026-06-16 06:24:26,393 - INFO - [gat_seed0_mse] Epoch  64/200 | Train=0.03949 | Val=0.04824 | wMAE=0.172174 | PolarMAE=0.020618 | EMD=0.001259 | MolEMD=0.000425 | R2=0.7683 | LR=2.98e-04 | 56.6s
2026-06-16 06:25:22,940 - INFO - [gat_seed0_mse] Epoch  65/200 | Train=0.03926 | Val=0.04815 | wMAE=0.173550 | PolarMAE=0.021113 | EMD=0.001269 | MolEMD=0.000418 | R2=0.7690 | LR=2.97e-04 | 56.5s
2026-06-16 06:26:20,019 - INFO - [gat_seed0_mse] Epoch  66/200 | Train=0.03899 | Val=0.04844 | wMAE=0.175487 | PolarMAE=0.020681 | EMD=0.001274 | MolEMD=0.000419 | R2=0.7642 | LR=2.96e-04 | 57.1s
2026-06-16 06:27:19,313 - INFO - [gat_seed0_mse] Epoch  67/200 | Train=0.03889 | Val=0.04866 | wMAE=0.173413 | PolarMAE=0.021198 | EMD=0.001273 | MolEMD=0.000423 | R2=0.7636 | LR=2.94e-04 | 59.3s
2026-06-16 06:28:15,832 - INFO - [gat_seed0_mse] Epoch  68/200 | Train=0.03872 | Val=0.04845 | wMAE=0.172810 | PolarMAE=0.020674 | EMD=0.001261 | MolEMD=0.000453 | R2=0.7657 | LR=2.93e-04 | 56.5s
2026-06-16 06:29:12,252 - INFO - [gat_seed0_mse] Epoch  69/200 | Train=0.03853 | Val=0.04685 | wMAE=0.170229 | PolarMAE=0.020456 | EMD=0.001246 | MolEMD=0.000411 | R2=0.7742 | LR=2.91e-04 | 56.4s
2026-06-16 06:30:09,835 - INFO - [gat_seed0_mse] Epoch  70/200 | Train=0.03851 | Val=0.04733 | wMAE=0.171530 | PolarMAE=0.020768 | EMD=0.001259 | MolEMD=0.000410 | R2=0.7735 | LR=2.89e-04 | 57.6s
2026-06-16 06:31:07,462 - INFO - [gat_seed0_mse] Epoch  71/200 | Train=0.03833 | Val=0.04792 | wMAE=0.172397 | PolarMAE=0.020755 | EMD=0.001262 | MolEMD=0.000416 | R2=0.7707 | LR=2.86e-04 | 57.6s
2026-06-16 06:32:03,820 - INFO - [gat_seed0_mse] Epoch  72/200 | Train=0.03802 | Val=0.04779 | wMAE=0.171318 | PolarMAE=0.020380 | EMD=0.001251 | MolEMD=0.000429 | R2=0.7705 | LR=2.84e-04 | 56.4s
2026-06-16 06:33:00,516 - INFO - [gat_seed0_mse] Epoch  73/200 | Train=0.03802 | Val=0.04889 | wMAE=0.174548 | PolarMAE=0.020410 | EMD=0.001264 | MolEMD=0.000426 | R2=0.7632 | LR=2.81e-04 | 56.7s
2026-06-16 06:34:01,478 - INFO - [gat_seed0_mse] Epoch  74/200 | Train=0.03776 | Val=0.04759 | wMAE=0.170450 | PolarMAE=0.020349 | EMD=0.001237 | MolEMD=0.000408 | R2=0.7720 | LR=2.78e-04 | 61.0s
2026-06-16 06:34:59,012 - INFO - [gat_seed0_mse] Epoch  75/200 | Train=0.03765 | Val=0.04732 | wMAE=0.171306 | PolarMAE=0.020819 | EMD=0.001257 | MolEMD=0.000416 | R2=0.7717 | LR=2.75e-04 | 57.5s
2026-06-16 06:35:55,701 - INFO - [gat_seed0_mse] Epoch  76/200 | Train=0.03746 | Val=0.04786 | wMAE=0.172069 | PolarMAE=0.020541 | EMD=0.001253 | MolEMD=0.000415 | R2=0.7704 | LR=2.71e-04 | 56.7s
2026-06-16 06:36:52,390 - INFO - [gat_seed0_mse] Epoch  77/200 | Train=0.03732 | Val=0.04741 | wMAE=0.171417 | PolarMAE=0.020581 | EMD=0.001254 | MolEMD=0.000406 | R2=0.7719 | LR=2.68e-04 | 56.7s
2026-06-16 06:37:49,365 - INFO - [gat_seed0_mse] Epoch  78/200 | Train=0.03728 | Val=0.04759 | wMAE=0.171131 | PolarMAE=0.020519 | EMD=0.001255 | MolEMD=0.000427 | R2=0.7705 | LR=2.64e-04 | 57.0s
2026-06-16 06:38:45,946 - INFO - [gat_seed0_mse] Epoch  79/200 | Train=0.03708 | Val=0.04764 | wMAE=0.170595 | PolarMAE=0.020276 | EMD=0.001239 | MolEMD=0.000409 | R2=0.7723 | LR=2.60e-04 | 56.6s
2026-06-16 06:38:45,947 - INFO - Early stopping at epoch 79.
2026-06-16 06:38:45,947 - INFO - Loading best checkpoint for test evaluation...
2026-06-16 06:39:16,590 - INFO - [gat_seed0_mse] TEST METRICS: {'loss': 0.04274220701020497, 'weighted_r2': 0.7876207828521729, 'weighted_mae': 0.16899403929710388, 'polar_mae': 0.022230297327041626, 'cosine_similarity': 0.886372121825028, 'emd_raw': 0.0012932416015145219, 'emd_normalized': 0.0012932416015145247, 'molecular_mae': 0.700019523132688, 'molecular_emd': 0.00037442895013170953, 'molecular_cosine': 0.9878941345826173, 'molecular_polar_mae': 0.2931160870078617}
2026-06-16 06:39:16,595 - INFO - Saved results to results/metrics/gat_seed0_mse.json
2026-06-16 06:39:24,621 - INFO - Device: cuda
2026-06-16 06:39:24,622 - INFO - Loading cached dataset: /mnt/tank/scratch/ikarpushkina/sigma/ASPEN/data/train_test_val_df/cache/chaos_atomic_train_with_coordinates.parquet.fac02d20b3.pt
2026-06-16 06:39:38,393 - INFO - chaos_atomic_train_with_coordinates.parquet: 36981 molecules, 1077949 atoms, extended=True, RDKit mol valid: 36981/36981 (100.0%)
2026-06-16 06:39:38,393 - INFO - Loading cached dataset: /mnt/tank/scratch/ikarpushkina/sigma/ASPEN/data/train_test_val_df/cache/chaos_atomic_val_with_coordinates.parquet.fac02d20b3.pt
2026-06-16 06:39:40,901 - INFO - chaos_atomic_val_with_coordinates.parquet: 7941 molecules, 235573 atoms, extended=True, RDKit mol valid: 7941/7941 (100.0%)
2026-06-16 06:39:40,902 - INFO - Loading cached dataset: /mnt/tank/scratch/ikarpushkina/sigma/ASPEN/data/train_test_val_df/cache/chaos_atomic_test_with_coordinates.parquet.fac02d20b3.pt
2026-06-16 06:39:44,655 - INFO - chaos_atomic_test_with_coordinates.parquet: 7800 molecules, 221748 atoms, extended=True, RDKit mol valid: 7800/7800 (100.0%)
2026-06-16 06:39:45,341 - INFO - gat: 701,683 params (target 695,667, diff 0.9%)
2026-06-16 06:40:43,808 - INFO - [gat_seed1_mse] Epoch   1/200 | Train=0.10252 | Val=0.08075 | wMAE=0.235366 | PolarMAE=0.036087 | EMD=0.002186 | MolEMD=0.001034 | R2=0.5909 | LR=2.98e-04 | 58.5s
2026-06-16 06:40:43,867 - INFO -   -> new best (weighted_mae=0.235366), saved results/checkpoints/gat_seed1_mse.pt
2026-06-16 06:41:43,379 - INFO - [gat_seed1_mse] Epoch   2/200 | Train=0.06847 | Val=0.06780 | wMAE=0.211235 | PolarMAE=0.026026 | EMD=0.001664 | MolEMD=0.000609 | R2=0.6665 | LR=2.93e-04 | 59.5s
2026-06-16 06:41:43,442 - INFO -   -> new best (weighted_mae=0.211235), saved results/checkpoints/gat_seed1_mse.pt
2026-06-16 06:42:41,184 - INFO - [gat_seed1_mse] Epoch   3/200 | Train=0.06198 | Val=0.06315 | wMAE=0.204925 | PolarMAE=0.025159 | EMD=0.001581 | MolEMD=0.000558 | R2=0.6888 | LR=2.84e-04 | 57.7s
2026-06-16 06:42:41,247 - INFO -   -> new best (weighted_mae=0.204925), saved results/checkpoints/gat_seed1_mse.pt
2026-06-16 06:43:39,174 - INFO - [gat_seed1_mse] Epoch   4/200 | Train=0.05854 | Val=0.06223 | wMAE=0.201505 | PolarMAE=0.026081 | EMD=0.001578 | MolEMD=0.000572 | R2=0.6950 | LR=2.71e-04 | 57.9s
2026-06-16 06:43:39,236 - INFO -   -> new best (weighted_mae=0.201505), saved results/checkpoints/gat_seed1_mse.pt
2026-06-16 06:44:37,777 - INFO - [gat_seed1_mse] Epoch   5/200 | Train=0.05610 | Val=0.06043 | wMAE=0.197629 | PolarMAE=0.025578 | EMD=0.001536 | MolEMD=0.000558 | R2=0.7022 | LR=2.56e-04 | 58.5s
2026-06-16 06:44:37,835 - INFO -   -> new best (weighted_mae=0.197629), saved results/checkpoints/gat_seed1_mse.pt
2026-06-16 06:45:35,953 - INFO - [gat_seed1_mse] Epoch   6/200 | Train=0.05434 | Val=0.05785 | wMAE=0.193759 | PolarMAE=0.023475 | EMD=0.001482 | MolEMD=0.000543 | R2=0.7177 | LR=2.38e-04 | 58.1s
2026-06-16 06:45:36,014 - INFO -   -> new best (weighted_mae=0.193759), saved results/checkpoints/gat_seed1_mse.pt
2026-06-16 06:46:33,658 - INFO - [gat_seed1_mse] Epoch   7/200 | Train=0.05281 | Val=0.05733 | wMAE=0.193902 | PolarMAE=0.022276 | EMD=0.001434 | MolEMD=0.000491 | R2=0.7164 | LR=2.18e-04 | 57.6s
2026-06-16 06:47:31,451 - INFO - [gat_seed1_mse] Epoch   8/200 | Train=0.05152 | Val=0.05558 | wMAE=0.191984 | PolarMAE=0.022733 | EMD=0.001433 | MolEMD=0.000483 | R2=0.7274 | LR=1.97e-04 | 57.8s
2026-06-16 06:47:31,513 - INFO -   -> new best (weighted_mae=0.191984), saved results/checkpoints/gat_seed1_mse.pt
2026-06-16 06:48:29,056 - INFO - [gat_seed1_mse] Epoch   9/200 | Train=0.05051 | Val=0.05558 | wMAE=0.190928 | PolarMAE=0.022343 | EMD=0.001397 | MolEMD=0.000470 | R2=0.7256 | LR=1.74e-04 | 57.5s
2026-06-16 06:48:29,119 - INFO -   -> new best (weighted_mae=0.190928), saved results/checkpoints/gat_seed1_mse.pt
2026-06-16 06:49:26,455 - INFO - [gat_seed1_mse] Epoch  10/200 | Train=0.04953 | Val=0.05493 | wMAE=0.188430 | PolarMAE=0.022350 | EMD=0.001384 | MolEMD=0.000482 | R2=0.7306 | LR=1.50e-04 | 57.3s
2026-06-16 06:49:26,522 - INFO -   -> new best (weighted_mae=0.188430), saved results/checkpoints/gat_seed1_mse.pt
2026-06-16 06:50:24,561 - INFO - [gat_seed1_mse] Epoch  11/200 | Train=0.04869 | Val=0.05373 | wMAE=0.187380 | PolarMAE=0.021943 | EMD=0.001374 | MolEMD=0.000451 | R2=0.7379 | LR=1.27e-04 | 58.0s
2026-06-16 06:50:24,623 - INFO -   -> new best (weighted_mae=0.187380), saved results/checkpoints/gat_seed1_mse.pt
2026-06-16 06:51:23,916 - INFO - [gat_seed1_mse] Epoch  12/200 | Train=0.04794 | Val=0.05355 | wMAE=0.186188 | PolarMAE=0.022755 | EMD=0.001381 | MolEMD=0.000454 | R2=0.7393 | LR=1.04e-04 | 59.3s
2026-06-16 06:51:23,975 - INFO -   -> new best (weighted_mae=0.186188), saved results/checkpoints/gat_seed1_mse.pt
2026-06-16 06:52:21,527 - INFO - [gat_seed1_mse] Epoch  13/200 | Train=0.04719 | Val=0.05265 | wMAE=0.184852 | PolarMAE=0.021356 | EMD=0.001346 | MolEMD=0.000457 | R2=0.7430 | LR=8.26e-05 | 57.6s
2026-06-16 06:52:21,584 - INFO -   -> new best (weighted_mae=0.184852), saved results/checkpoints/gat_seed1_mse.pt
2026-06-16 06:53:19,204 - INFO - [gat_seed1_mse] Epoch  14/200 | Train=0.04662 | Val=0.05193 | wMAE=0.183700 | PolarMAE=0.021925 | EMD=0.001350 | MolEMD=0.000430 | R2=0.7463 | LR=6.26e-05 | 57.6s
2026-06-16 06:53:19,265 - INFO -   -> new best (weighted_mae=0.183700), saved results/checkpoints/gat_seed1_mse.pt
2026-06-16 06:54:18,091 - INFO - [gat_seed1_mse] Epoch  15/200 | Train=0.04612 | Val=0.05173 | wMAE=0.182482 | PolarMAE=0.021191 | EMD=0.001327 | MolEMD=0.000434 | R2=0.7479 | LR=4.48e-05 | 58.8s
2026-06-16 06:54:18,154 - INFO -   -> new best (weighted_mae=0.182482), saved results/checkpoints/gat_seed1_mse.pt
2026-06-16 06:55:15,771 - INFO - [gat_seed1_mse] Epoch  16/200 | Train=0.04566 | Val=0.05162 | wMAE=0.182013 | PolarMAE=0.021564 | EMD=0.001332 | MolEMD=0.000432 | R2=0.7494 | LR=2.96e-05 | 57.6s
2026-06-16 06:55:15,832 - INFO -   -> new best (weighted_mae=0.182013), saved results/checkpoints/gat_seed1_mse.pt
2026-06-16 06:56:13,425 - INFO - [gat_seed1_mse] Epoch  17/200 | Train=0.04533 | Val=0.05120 | wMAE=0.181201 | PolarMAE=0.021468 | EMD=0.001328 | MolEMD=0.000434 | R2=0.7508 | LR=1.73e-05 | 57.6s
2026-06-16 06:56:13,488 - INFO -   -> new best (weighted_mae=0.181201), saved results/checkpoints/gat_seed1_mse.pt
2026-06-16 06:57:13,013 - INFO - [gat_seed1_mse] Epoch  18/200 | Train=0.04508 | Val=0.05111 | wMAE=0.180811 | PolarMAE=0.021509 | EMD=0.001325 | MolEMD=0.000425 | R2=0.7522 | LR=8.32e-06 | 59.5s
2026-06-16 06:57:13,072 - INFO -   -> new best (weighted_mae=0.180811), saved results/checkpoints/gat_seed1_mse.pt
2026-06-16 06:58:10,410 - INFO - [gat_seed1_mse] Epoch  19/200 | Train=0.04489 | Val=0.05100 | wMAE=0.180876 | PolarMAE=0.021271 | EMD=0.001319 | MolEMD=0.000426 | R2=0.7524 | LR=2.84e-06 | 57.3s
2026-06-16 06:59:09,030 - INFO - [gat_seed1_mse] Epoch  20/200 | Train=0.04479 | Val=0.05095 | wMAE=0.180857 | PolarMAE=0.021315 | EMD=0.001319 | MolEMD=0.000422 | R2=0.7525 | LR=3.00e-04 | 58.6s
2026-06-16 07:00:06,427 - INFO - [gat_seed1_mse] Epoch  21/200 | Train=0.04951 | Val=0.05290 | wMAE=0.185092 | PolarMAE=0.022426 | EMD=0.001374 | MolEMD=0.000473 | R2=0.7421 | LR=3.00e-04 | 57.4s
2026-06-16 07:01:04,146 - INFO - [gat_seed1_mse] Epoch  22/200 | Train=0.04759 | Val=0.05349 | wMAE=0.187136 | PolarMAE=0.021967 | EMD=0.001393 | MolEMD=0.000470 | R2=0.7362 | LR=2.98e-04 | 57.7s
2026-06-16 07:02:01,283 - INFO - [gat_seed1_mse] Epoch  23/200 | Train=0.04702 | Val=0.05438 | wMAE=0.188589 | PolarMAE=0.021593 | EMD=0.001369 | MolEMD=0.000533 | R2=0.7295 | LR=2.96e-04 | 57.1s
2026-06-16 07:02:58,865 - INFO - [gat_seed1_mse] Epoch  24/200 | Train=0.04645 | Val=0.05174 | wMAE=0.183675 | PolarMAE=0.021846 | EMD=0.001357 | MolEMD=0.000435 | R2=0.7462 | LR=2.93e-04 | 57.6s
2026-06-16 07:03:58,343 - INFO - [gat_seed1_mse] Epoch  25/200 | Train=0.04596 | Val=0.05139 | wMAE=0.181124 | PolarMAE=0.021274 | EMD=0.001326 | MolEMD=0.000440 | R2=0.7482 | LR=2.89e-04 | 59.5s
2026-06-16 07:04:56,205 - INFO - [gat_seed1_mse] Epoch  26/200 | Train=0.04526 | Val=0.05066 | wMAE=0.180620 | PolarMAE=0.021577 | EMD=0.001338 | MolEMD=0.000440 | R2=0.7538 | LR=2.84e-04 | 57.9s
2026-06-16 07:04:56,266 - INFO -   -> new best (weighted_mae=0.180620), saved results/checkpoints/gat_seed1_mse.pt
2026-06-16 07:05:59,178 - INFO - [gat_seed1_mse] Epoch  27/200 | Train=0.04485 | Val=0.05175 | wMAE=0.183682 | PolarMAE=0.021450 | EMD=0.001339 | MolEMD=0.000435 | R2=0.7447 | LR=2.78e-04 | 62.9s
2026-06-16 07:07:05,896 - INFO - [gat_seed1_mse] Epoch  28/200 | Train=0.04436 | Val=0.05046 | wMAE=0.178611 | PolarMAE=0.021386 | EMD=0.001310 | MolEMD=0.000449 | R2=0.7556 | LR=2.71e-04 | 66.7s
2026-06-16 07:07:05,959 - INFO -   -> new best (weighted_mae=0.178611), saved results/checkpoints/gat_seed1_mse.pt
2026-06-16 07:08:13,180 - INFO - [gat_seed1_mse] Epoch  29/200 | Train=0.04402 | Val=0.05100 | wMAE=0.181273 | PolarMAE=0.021559 | EMD=0.001353 | MolEMD=0.000448 | R2=0.7494 | LR=2.64e-04 | 67.2s
2026-06-16 07:09:21,252 - INFO - [gat_seed1_mse] Epoch  30/200 | Train=0.04354 | Val=0.05049 | wMAE=0.180395 | PolarMAE=0.021374 | EMD=0.001334 | MolEMD=0.000454 | R2=0.7541 | LR=2.56e-04 | 68.1s
2026-06-16 07:10:28,750 - INFO - [gat_seed1_mse] Epoch  31/200 | Train=0.04301 | Val=0.05024 | wMAE=0.180101 | PolarMAE=0.021455 | EMD=0.001319 | MolEMD=0.000435 | R2=0.7541 | LR=2.48e-04 | 67.5s
2026-06-16 07:11:29,954 - INFO - [gat_seed1_mse] Epoch  32/200 | Train=0.04279 | Val=0.04920 | wMAE=0.177329 | PolarMAE=0.021330 | EMD=0.001315 | MolEMD=0.000425 | R2=0.7607 | LR=2.38e-04 | 61.2s
2026-06-16 07:11:30,018 - INFO -   -> new best (weighted_mae=0.177329), saved results/checkpoints/gat_seed1_mse.pt
2026-06-16 07:12:28,010 - INFO - [gat_seed1_mse] Epoch  33/200 | Train=0.04235 | Val=0.04931 | wMAE=0.177792 | PolarMAE=0.021257 | EMD=0.001314 | MolEMD=0.000430 | R2=0.7596 | LR=2.29e-04 | 58.0s
2026-06-16 07:13:25,538 - INFO - [gat_seed1_mse] Epoch  34/200 | Train=0.04197 | Val=0.05048 | wMAE=0.180123 | PolarMAE=0.020844 | EMD=0.001311 | MolEMD=0.000429 | R2=0.7515 | LR=2.18e-04 | 57.5s
2026-06-16 07:14:23,515 - INFO - [gat_seed1_mse] Epoch  35/200 | Train=0.04163 | Val=0.04868 | wMAE=0.175965 | PolarMAE=0.021082 | EMD=0.001283 | MolEMD=0.000420 | R2=0.7627 | LR=2.08e-04 | 58.0s
2026-06-16 07:14:23,578 - INFO -   -> new best (weighted_mae=0.175965), saved results/checkpoints/gat_seed1_mse.pt
2026-06-16 07:15:20,734 - INFO - [gat_seed1_mse] Epoch  36/200 | Train=0.04117 | Val=0.04906 | wMAE=0.176675 | PolarMAE=0.020948 | EMD=0.001283 | MolEMD=0.000424 | R2=0.7597 | LR=1.97e-04 | 57.2s
2026-06-16 07:16:18,295 - INFO - [gat_seed1_mse] Epoch  37/200 | Train=0.04096 | Val=0.04871 | wMAE=0.175772 | PolarMAE=0.020648 | EMD=0.001260 | MolEMD=0.000415 | R2=0.7616 | LR=1.85e-04 | 57.6s
2026-06-16 07:16:18,355 - INFO -   -> new best (weighted_mae=0.175772), saved results/checkpoints/gat_seed1_mse.pt
2026-06-16 07:17:17,121 - INFO - [gat_seed1_mse] Epoch  38/200 | Train=0.04067 | Val=0.04784 | wMAE=0.174056 | PolarMAE=0.021171 | EMD=0.001282 | MolEMD=0.000415 | R2=0.7677 | LR=1.74e-04 | 58.8s
2026-06-16 07:17:17,186 - INFO -   -> new best (weighted_mae=0.174056), saved results/checkpoints/gat_seed1_mse.pt
2026-06-16 07:18:14,557 - INFO - [gat_seed1_mse] Epoch  39/200 | Train=0.04033 | Val=0.04791 | wMAE=0.174917 | PolarMAE=0.020894 | EMD=0.001280 | MolEMD=0.000406 | R2=0.7659 | LR=1.62e-04 | 57.4s
2026-06-16 07:19:11,698 - INFO - [gat_seed1_mse] Epoch  40/200 | Train=0.04007 | Val=0.04767 | wMAE=0.174382 | PolarMAE=0.020985 | EMD=0.001282 | MolEMD=0.000419 | R2=0.7675 | LR=1.50e-04 | 57.1s
2026-06-16 07:20:10,817 - INFO - [gat_seed1_mse] Epoch  41/200 | Train=0.03975 | Val=0.04771 | wMAE=0.174007 | PolarMAE=0.020348 | EMD=0.001262 | MolEMD=0.000409 | R2=0.7670 | LR=1.39e-04 | 59.1s
2026-06-16 07:20:10,880 - INFO -   -> new best (weighted_mae=0.174007), saved results/checkpoints/gat_seed1_mse.pt
2026-06-16 07:21:08,315 - INFO - [gat_seed1_mse] Epoch  42/200 | Train=0.03952 | Val=0.04744 | wMAE=0.172950 | PolarMAE=0.020776 | EMD=0.001267 | MolEMD=0.000407 | R2=0.7691 | LR=1.27e-04 | 57.4s
2026-06-16 07:21:08,385 - INFO -   -> new best (weighted_mae=0.172950), saved results/checkpoints/gat_seed1_mse.pt
2026-06-16 07:22:06,105 - INFO - [gat_seed1_mse] Epoch  43/200 | Train=0.03919 | Val=0.04726 | wMAE=0.173306 | PolarMAE=0.020323 | EMD=0.001264 | MolEMD=0.000408 | R2=0.7699 | LR=1.16e-04 | 57.7s
2026-06-16 07:23:04,194 - INFO - [gat_seed1_mse] Epoch  44/200 | Train=0.03899 | Val=0.04734 | wMAE=0.172758 | PolarMAE=0.020533 | EMD=0.001258 | MolEMD=0.000408 | R2=0.7701 | LR=1.04e-04 | 58.1s
2026-06-16 07:23:04,256 - INFO -   -> new best (weighted_mae=0.172758), saved results/checkpoints/gat_seed1_mse.pt
2026-06-16 07:24:01,468 - INFO - [gat_seed1_mse] Epoch  45/200 | Train=0.03875 | Val=0.04702 | wMAE=0.172060 | PolarMAE=0.020351 | EMD=0.001245 | MolEMD=0.000407 | R2=0.7716 | LR=9.33e-05 | 57.2s
2026-06-16 07:24:01,535 - INFO -   -> new best (weighted_mae=0.172060), saved results/checkpoints/gat_seed1_mse.pt
2026-06-16 07:24:58,751 - INFO - [gat_seed1_mse] Epoch  46/200 | Train=0.03858 | Val=0.04727 | wMAE=0.172127 | PolarMAE=0.020545 | EMD=0.001251 | MolEMD=0.000405 | R2=0.7702 | LR=8.26e-05 | 57.2s
2026-06-16 07:25:56,757 - INFO - [gat_seed1_mse] Epoch  47/200 | Train=0.03839 | Val=0.04661 | wMAE=0.171785 | PolarMAE=0.020309 | EMD=0.001238 | MolEMD=0.000397 | R2=0.7731 | LR=7.24e-05 | 58.0s
2026-06-16 07:25:56,817 - INFO -   -> new best (weighted_mae=0.171785), saved results/checkpoints/gat_seed1_mse.pt
2026-06-16 07:26:54,394 - INFO - [gat_seed1_mse] Epoch  48/200 | Train=0.03812 | Val=0.04734 | wMAE=0.172977 | PolarMAE=0.020101 | EMD=0.001249 | MolEMD=0.000405 | R2=0.7690 | LR=6.26e-05 | 57.6s
2026-06-16 07:27:51,566 - INFO - [gat_seed1_mse] Epoch  49/200 | Train=0.03793 | Val=0.04656 | wMAE=0.170751 | PolarMAE=0.020339 | EMD=0.001236 | MolEMD=0.000403 | R2=0.7740 | LR=5.34e-05 | 57.2s
2026-06-16 07:27:51,631 - INFO -   -> new best (weighted_mae=0.170751), saved results/checkpoints/gat_seed1_mse.pt
2026-06-16 07:28:50,149 - INFO - [gat_seed1_mse] Epoch  50/200 | Train=0.03781 | Val=0.04664 | wMAE=0.171191 | PolarMAE=0.020073 | EMD=0.001235 | MolEMD=0.000404 | R2=0.7723 | LR=4.48e-05 | 58.5s
2026-06-16 07:29:47,417 - INFO - [gat_seed1_mse] Epoch  51/200 | Train=0.03767 | Val=0.04631 | wMAE=0.170465 | PolarMAE=0.020327 | EMD=0.001235 | MolEMD=0.000398 | R2=0.7753 | LR=3.68e-05 | 57.3s
2026-06-16 07:29:47,482 - INFO -   -> new best (weighted_mae=0.170465), saved results/checkpoints/gat_seed1_mse.pt
2026-06-16 07:30:44,712 - INFO - [gat_seed1_mse] Epoch  52/200 | Train=0.03751 | Val=0.04633 | wMAE=0.170672 | PolarMAE=0.020288 | EMD=0.001236 | MolEMD=0.000396 | R2=0.7754 | LR=2.96e-05 | 57.2s
2026-06-16 07:31:42,518 - INFO - [gat_seed1_mse] Epoch  53/200 | Train=0.03738 | Val=0.04616 | wMAE=0.170080 | PolarMAE=0.020212 | EMD=0.001233 | MolEMD=0.000398 | R2=0.7760 | LR=2.30e-05 | 57.8s
2026-06-16 07:31:42,590 - INFO -   -> new best (weighted_mae=0.170080), saved results/checkpoints/gat_seed1_mse.pt
2026-06-16 07:32:40,439 - INFO - [gat_seed1_mse] Epoch  54/200 | Train=0.03731 | Val=0.04628 | wMAE=0.170255 | PolarMAE=0.020237 | EMD=0.001231 | MolEMD=0.000398 | R2=0.7756 | LR=1.73e-05 | 57.8s
2026-06-16 07:33:38,145 - INFO - [gat_seed1_mse] Epoch  55/200 | Train=0.03721 | Val=0.04607 | wMAE=0.169829 | PolarMAE=0.020161 | EMD=0.001231 | MolEMD=0.000396 | R2=0.7767 | LR=1.24e-05 | 57.7s
2026-06-16 07:33:38,208 - INFO -   -> new best (weighted_mae=0.169829), saved results/checkpoints/gat_seed1_mse.pt
2026-06-16 07:34:35,211 - INFO - [gat_seed1_mse] Epoch  56/200 | Train=0.03714 | Val=0.04604 | wMAE=0.169882 | PolarMAE=0.020169 | EMD=0.001231 | MolEMD=0.000397 | R2=0.7769 | LR=8.32e-06 | 57.0s
2026-06-16 07:35:33,180 - INFO - [gat_seed1_mse] Epoch  57/200 | Train=0.03706 | Val=0.04601 | wMAE=0.169759 | PolarMAE=0.020105 | EMD=0.001228 | MolEMD=0.000397 | R2=0.7769 | LR=5.13e-06 | 58.0s
2026-06-16 07:35:33,243 - INFO -   -> new best (weighted_mae=0.169759), saved results/checkpoints/gat_seed1_mse.pt
2026-06-16 07:36:30,605 - INFO - [gat_seed1_mse] Epoch  58/200 | Train=0.03702 | Val=0.04595 | wMAE=0.169676 | PolarMAE=0.020137 | EMD=0.001229 | MolEMD=0.000394 | R2=0.7775 | LR=2.84e-06 | 57.4s
2026-06-16 07:36:30,666 - INFO -   -> new best (weighted_mae=0.169676), saved results/checkpoints/gat_seed1_mse.pt
2026-06-16 07:37:28,338 - INFO - [gat_seed1_mse] Epoch  59/200 | Train=0.03699 | Val=0.04597 | wMAE=0.169616 | PolarMAE=0.020124 | EMD=0.001226 | MolEMD=0.000395 | R2=0.7773 | LR=1.46e-06 | 57.7s
2026-06-16 07:37:28,400 - INFO -   -> new best (weighted_mae=0.169616), saved results/checkpoints/gat_seed1_mse.pt
2026-06-16 07:38:26,533 - INFO - [gat_seed1_mse] Epoch  60/200 | Train=0.03698 | Val=0.04593 | wMAE=0.169659 | PolarMAE=0.020142 | EMD=0.001229 | MolEMD=0.000394 | R2=0.7775 | LR=3.00e-04 | 58.1s
2026-06-16 07:39:24,455 - INFO - [gat_seed1_mse] Epoch  61/200 | Train=0.04153 | Val=0.04889 | wMAE=0.175108 | PolarMAE=0.020738 | EMD=0.001272 | MolEMD=0.000432 | R2=0.7619 | LR=3.00e-04 | 57.9s
2026-06-16 07:40:21,713 - INFO - [gat_seed1_mse] Epoch  62/200 | Train=0.04032 | Val=0.04766 | wMAE=0.173033 | PolarMAE=0.020552 | EMD=0.001265 | MolEMD=0.000419 | R2=0.7678 | LR=3.00e-04 | 57.3s
2026-06-16 07:41:19,073 - INFO - [gat_seed1_mse] Epoch  63/200 | Train=0.04005 | Val=0.04926 | wMAE=0.175153 | PolarMAE=0.021831 | EMD=0.001290 | MolEMD=0.000457 | R2=0.7630 | LR=2.99e-04 | 57.4s
2026-06-16 07:42:16,442 - INFO - [gat_seed1_mse] Epoch  64/200 | Train=0.03978 | Val=0.04971 | wMAE=0.178027 | PolarMAE=0.020425 | EMD=0.001273 | MolEMD=0.000445 | R2=0.7524 | LR=2.98e-04 | 57.4s
2026-06-16 07:43:14,253 - INFO - [gat_seed1_mse] Epoch  65/200 | Train=0.03973 | Val=0.04793 | wMAE=0.173642 | PolarMAE=0.021291 | EMD=0.001267 | MolEMD=0.000435 | R2=0.7682 | LR=2.97e-04 | 57.8s
2026-06-16 07:44:11,939 - INFO - [gat_seed1_mse] Epoch  66/200 | Train=0.03937 | Val=0.04782 | wMAE=0.173155 | PolarMAE=0.020786 | EMD=0.001265 | MolEMD=0.000438 | R2=0.7691 | LR=2.96e-04 | 57.7s
2026-06-16 07:45:10,915 - INFO - [gat_seed1_mse] Epoch  67/200 | Train=0.03931 | Val=0.04771 | wMAE=0.173043 | PolarMAE=0.020858 | EMD=0.001268 | MolEMD=0.000415 | R2=0.7680 | LR=2.94e-04 | 59.0s
2026-06-16 07:46:08,110 - INFO - [gat_seed1_mse] Epoch  68/200 | Train=0.03914 | Val=0.04692 | wMAE=0.172041 | PolarMAE=0.020689 | EMD=0.001262 | MolEMD=0.000412 | R2=0.7729 | LR=2.93e-04 | 57.2s
2026-06-16 07:47:05,379 - INFO - [gat_seed1_mse] Epoch  69/200 | Train=0.03886 | Val=0.04735 | wMAE=0.172593 | PolarMAE=0.020428 | EMD=0.001253 | MolEMD=0.000421 | R2=0.7703 | LR=2.91e-04 | 57.3s
2026-06-16 07:48:03,217 - INFO - [gat_seed1_mse] Epoch  70/200 | Train=0.03879 | Val=0.04723 | wMAE=0.172837 | PolarMAE=0.020552 | EMD=0.001262 | MolEMD=0.000416 | R2=0.7695 | LR=2.89e-04 | 57.8s
2026-06-16 07:49:00,879 - INFO - [gat_seed1_mse] Epoch  71/200 | Train=0.03877 | Val=0.04734 | wMAE=0.171925 | PolarMAE=0.020847 | EMD=0.001249 | MolEMD=0.000413 | R2=0.7714 | LR=2.86e-04 | 57.7s
2026-06-16 07:49:58,387 - INFO - [gat_seed1_mse] Epoch  72/200 | Train=0.03846 | Val=0.04721 | wMAE=0.172070 | PolarMAE=0.020836 | EMD=0.001262 | MolEMD=0.000404 | R2=0.7720 | LR=2.84e-04 | 57.5s
2026-06-16 07:50:56,740 - INFO - [gat_seed1_mse] Epoch  73/200 | Train=0.03818 | Val=0.04719 | wMAE=0.173181 | PolarMAE=0.020427 | EMD=0.001276 | MolEMD=0.000427 | R2=0.7707 | LR=2.81e-04 | 58.4s
2026-06-16 07:51:54,392 - INFO - [gat_seed1_mse] Epoch  74/200 | Train=0.03817 | Val=0.04688 | wMAE=0.172091 | PolarMAE=0.020390 | EMD=0.001247 | MolEMD=0.000419 | R2=0.7719 | LR=2.78e-04 | 57.7s
2026-06-16 07:52:51,881 - INFO - [gat_seed1_mse] Epoch  75/200 | Train=0.03803 | Val=0.04758 | wMAE=0.171586 | PolarMAE=0.020585 | EMD=0.001249 | MolEMD=0.000406 | R2=0.7709 | LR=2.75e-04 | 57.5s
2026-06-16 07:53:50,245 - INFO - [gat_seed1_mse] Epoch  76/200 | Train=0.03782 | Val=0.04754 | wMAE=0.171622 | PolarMAE=0.020517 | EMD=0.001246 | MolEMD=0.000412 | R2=0.7705 | LR=2.71e-04 | 58.4s
2026-06-16 07:54:47,618 - INFO - [gat_seed1_mse] Epoch  77/200 | Train=0.03774 | Val=0.04667 | wMAE=0.170526 | PolarMAE=0.020561 | EMD=0.001242 | MolEMD=0.000398 | R2=0.7751 | LR=2.68e-04 | 57.4s
2026-06-16 07:55:45,087 - INFO - [gat_seed1_mse] Epoch  78/200 | Train=0.03749 | Val=0.04696 | wMAE=0.171016 | PolarMAE=0.020579 | EMD=0.001246 | MolEMD=0.000412 | R2=0.7732 | LR=2.64e-04 | 57.5s
2026-06-16 07:56:43,022 - INFO - [gat_seed1_mse] Epoch  79/200 | Train=0.03741 | Val=0.04670 | wMAE=0.170320 | PolarMAE=0.020547 | EMD=0.001247 | MolEMD=0.000411 | R2=0.7752 | LR=2.60e-04 | 57.9s
2026-06-16 07:56:43,022 - INFO - Early stopping at epoch 79.
2026-06-16 07:56:43,022 - INFO - Loading best checkpoint for test evaluation...
2026-06-16 07:57:13,822 - INFO - [gat_seed1_mse] TEST METRICS: {'loss': 0.04319102402489919, 'weighted_r2': 0.7858108282089233, 'weighted_mae': 0.16979016363620758, 'polar_mae': 0.02225685492157936, 'cosine_similarity': 0.8859829515414267, 'emd_raw': 0.0012947466097006166, 'emd_normalized': 0.0012947466097006195, 'molecular_mae': 0.7029198003560304, 'molecular_emd': 0.0003788169044214489, 'molecular_cosine': 0.9877951219525093, 'molecular_polar_mae': 0.2936821572974515}
2026-06-16 07:57:13,827 - INFO - Saved results to results/metrics/gat_seed1_mse.json
2026-06-16 07:57:22,094 - INFO - Device: cuda
2026-06-16 07:57:22,094 - INFO - Loading cached dataset: /mnt/tank/scratch/ikarpushkina/sigma/ASPEN/data/train_test_val_df/cache/chaos_atomic_train_with_coordinates.parquet.fac02d20b3.pt
2026-06-16 07:57:36,271 - INFO - chaos_atomic_train_with_coordinates.parquet: 36981 molecules, 1077949 atoms, extended=True, RDKit mol valid: 36981/36981 (100.0%)
2026-06-16 07:57:36,271 - INFO - Loading cached dataset: /mnt/tank/scratch/ikarpushkina/sigma/ASPEN/data/train_test_val_df/cache/chaos_atomic_val_with_coordinates.parquet.fac02d20b3.pt
2026-06-16 07:57:38,889 - INFO - chaos_atomic_val_with_coordinates.parquet: 7941 molecules, 235573 atoms, extended=True, RDKit mol valid: 7941/7941 (100.0%)
2026-06-16 07:57:38,890 - INFO - Loading cached dataset: /mnt/tank/scratch/ikarpushkina/sigma/ASPEN/data/train_test_val_df/cache/chaos_atomic_test_with_coordinates.parquet.fac02d20b3.pt
2026-06-16 07:57:42,710 - INFO - chaos_atomic_test_with_coordinates.parquet: 7800 molecules, 221748 atoms, extended=True, RDKit mol valid: 7800/7800 (100.0%)
2026-06-16 07:57:43,398 - INFO - gat: 701,683 params (target 695,667, diff 0.9%)
2026-06-16 07:58:40,982 - INFO - [gat_seed2_mse] Epoch   1/200 | Train=0.10465 | Val=0.08147 | wMAE=0.237940 | PolarMAE=0.031174 | EMD=0.002057 | MolEMD=0.000828 | R2=0.5888 | LR=2.98e-04 | 57.6s
2026-06-16 07:58:41,039 - INFO -   -> new best (weighted_mae=0.237940), saved results/checkpoints/gat_seed2_mse.pt
2026-06-16 07:59:37,983 - INFO - [gat_seed2_mse] Epoch   2/200 | Train=0.06948 | Val=0.06823 | wMAE=0.211924 | PolarMAE=0.029154 | EMD=0.001725 | MolEMD=0.000779 | R2=0.6677 | LR=2.93e-04 | 56.9s
2026-06-16 07:59:38,048 - INFO -   -> new best (weighted_mae=0.211924), saved results/checkpoints/gat_seed2_mse.pt
2026-06-16 08:00:35,689 - INFO - [gat_seed2_mse] Epoch   3/200 | Train=0.06195 | Val=0.06391 | wMAE=0.205542 | PolarMAE=0.028812 | EMD=0.001654 | MolEMD=0.000716 | R2=0.6875 | LR=2.84e-04 | 57.6s
2026-06-16 08:00:35,752 - INFO -   -> new best (weighted_mae=0.205542), saved results/checkpoints/gat_seed2_mse.pt
2026-06-16 08:01:32,764 - INFO - [gat_seed2_mse] Epoch   4/200 | Train=0.05829 | Val=0.06071 | wMAE=0.201576 | PolarMAE=0.024969 | EMD=0.001533 | MolEMD=0.000536 | R2=0.7011 | LR=2.71e-04 | 57.0s
2026-06-16 08:01:32,830 - INFO -   -> new best (weighted_mae=0.201576), saved results/checkpoints/gat_seed2_mse.pt
2026-06-16 08:02:30,360 - INFO - [gat_seed2_mse] Epoch   5/200 | Train=0.05593 | Val=0.05915 | wMAE=0.198513 | PolarMAE=0.025051 | EMD=0.001506 | MolEMD=0.000522 | R2=0.7089 | LR=2.56e-04 | 57.5s
2026-06-16 08:02:30,422 - INFO -   -> new best (weighted_mae=0.198513), saved results/checkpoints/gat_seed2_mse.pt
2026-06-16 08:03:27,715 - INFO - [gat_seed2_mse] Epoch   6/200 | Train=0.05417 | Val=0.05916 | wMAE=0.196350 | PolarMAE=0.024215 | EMD=0.001510 | MolEMD=0.000547 | R2=0.7103 | LR=2.38e-04 | 57.3s
2026-06-16 08:03:27,782 - INFO -   -> new best (weighted_mae=0.196350), saved results/checkpoints/gat_seed2_mse.pt
2026-06-16 08:04:25,255 - INFO - [gat_seed2_mse] Epoch   7/200 | Train=0.05274 | Val=0.05731 | wMAE=0.195803 | PolarMAE=0.023569 | EMD=0.001461 | MolEMD=0.000484 | R2=0.7164 | LR=2.18e-04 | 57.5s
2026-06-16 08:04:25,323 - INFO -   -> new best (weighted_mae=0.195803), saved results/checkpoints/gat_seed2_mse.pt
2026-06-16 08:05:22,248 - INFO - [gat_seed2_mse] Epoch   8/200 | Train=0.05138 | Val=0.05861 | wMAE=0.197669 | PolarMAE=0.022887 | EMD=0.001447 | MolEMD=0.000492 | R2=0.6995 | LR=1.97e-04 | 56.9s
2026-06-16 08:06:20,584 - INFO - [gat_seed2_mse] Epoch   9/200 | Train=0.05041 | Val=0.05532 | wMAE=0.189161 | PolarMAE=0.022683 | EMD=0.001399 | MolEMD=0.000462 | R2=0.7291 | LR=1.74e-04 | 58.3s
2026-06-16 08:06:20,649 - INFO -   -> new best (weighted_mae=0.189161), saved results/checkpoints/gat_seed2_mse.pt
2026-06-16 08:07:17,745 - INFO - [gat_seed2_mse] Epoch  10/200 | Train=0.04930 | Val=0.05441 | wMAE=0.188997 | PolarMAE=0.022633 | EMD=0.001392 | MolEMD=0.000468 | R2=0.7331 | LR=1.50e-04 | 57.1s
2026-06-16 08:07:17,806 - INFO -   -> new best (weighted_mae=0.188997), saved results/checkpoints/gat_seed2_mse.pt
2026-06-16 08:08:14,556 - INFO - [gat_seed2_mse] Epoch  11/200 | Train=0.04849 | Val=0.05430 | wMAE=0.187597 | PolarMAE=0.022381 | EMD=0.001389 | MolEMD=0.000467 | R2=0.7353 | LR=1.27e-04 | 56.7s
2026-06-16 08:08:14,626 - INFO -   -> new best (weighted_mae=0.187597), saved results/checkpoints/gat_seed2_mse.pt
2026-06-16 08:09:11,582 - INFO - [gat_seed2_mse] Epoch  12/200 | Train=0.04775 | Val=0.05315 | wMAE=0.186164 | PolarMAE=0.021907 | EMD=0.001357 | MolEMD=0.000442 | R2=0.7377 | LR=1.04e-04 | 57.0s
2026-06-16 08:09:11,644 - INFO -   -> new best (weighted_mae=0.186164), saved results/checkpoints/gat_seed2_mse.pt
2026-06-16 08:10:08,654 - INFO - [gat_seed2_mse] Epoch  13/200 | Train=0.04704 | Val=0.05289 | wMAE=0.184733 | PolarMAE=0.021730 | EMD=0.001341 | MolEMD=0.000444 | R2=0.7417 | LR=8.26e-05 | 57.0s
2026-06-16 08:10:08,719 - INFO -   -> new best (weighted_mae=0.184733), saved results/checkpoints/gat_seed2_mse.pt
2026-06-16 08:11:05,678 - INFO - [gat_seed2_mse] Epoch  14/200 | Train=0.04648 | Val=0.05221 | wMAE=0.183312 | PolarMAE=0.021700 | EMD=0.001341 | MolEMD=0.000446 | R2=0.7459 | LR=6.26e-05 | 57.0s
2026-06-16 08:11:05,743 - INFO -   -> new best (weighted_mae=0.183312), saved results/checkpoints/gat_seed2_mse.pt
2026-06-16 08:12:03,058 - INFO - [gat_seed2_mse] Epoch  15/200 | Train=0.04586 | Val=0.05193 | wMAE=0.182409 | PolarMAE=0.021451 | EMD=0.001321 | MolEMD=0.000437 | R2=0.7465 | LR=4.48e-05 | 57.3s
2026-06-16 08:12:03,120 - INFO -   -> new best (weighted_mae=0.182409), saved results/checkpoints/gat_seed2_mse.pt
2026-06-16 08:13:00,291 - INFO - [gat_seed2_mse] Epoch  16/200 | Train=0.04547 | Val=0.05178 | wMAE=0.181914 | PolarMAE=0.021270 | EMD=0.001310 | MolEMD=0.000429 | R2=0.7467 | LR=2.96e-05 | 57.2s
2026-06-16 08:13:00,355 - INFO -   -> new best (weighted_mae=0.181914), saved results/checkpoints/gat_seed2_mse.pt
2026-06-16 08:13:58,048 - INFO - [gat_seed2_mse] Epoch  17/200 | Train=0.04513 | Val=0.05144 | wMAE=0.180901 | PolarMAE=0.021278 | EMD=0.001307 | MolEMD=0.000432 | R2=0.7495 | LR=1.73e-05 | 57.7s
2026-06-16 08:13:58,110 - INFO -   -> new best (weighted_mae=0.180901), saved results/checkpoints/gat_seed2_mse.pt
2026-06-16 08:14:55,364 - INFO - [gat_seed2_mse] Epoch  18/200 | Train=0.04487 | Val=0.05099 | wMAE=0.180688 | PolarMAE=0.021160 | EMD=0.001315 | MolEMD=0.000425 | R2=0.7519 | LR=8.32e-06 | 57.3s
2026-06-16 08:14:55,429 - INFO -   -> new best (weighted_mae=0.180688), saved results/checkpoints/gat_seed2_mse.pt
2026-06-16 08:15:52,885 - INFO - [gat_seed2_mse] Epoch  19/200 | Train=0.04468 | Val=0.05092 | wMAE=0.180334 | PolarMAE=0.021269 | EMD=0.001310 | MolEMD=0.000426 | R2=0.7524 | LR=2.84e-06 | 57.5s
2026-06-16 08:15:52,951 - INFO -   -> new best (weighted_mae=0.180334), saved results/checkpoints/gat_seed2_mse.pt
2026-06-16 08:16:49,480 - INFO - [gat_seed2_mse] Epoch  20/200 | Train=0.04458 | Val=0.05086 | wMAE=0.180164 | PolarMAE=0.021235 | EMD=0.001310 | MolEMD=0.000425 | R2=0.7526 | LR=3.00e-04 | 56.5s
2026-06-16 08:16:49,542 - INFO -   -> new best (weighted_mae=0.180164), saved results/checkpoints/gat_seed2_mse.pt
2026-06-16 08:17:46,762 - INFO - [gat_seed2_mse] Epoch  21/200 | Train=0.04911 | Val=0.05394 | wMAE=0.185034 | PolarMAE=0.022179 | EMD=0.001361 | MolEMD=0.000483 | R2=0.7368 | LR=3.00e-04 | 57.2s
2026-06-16 08:18:44,054 - INFO - [gat_seed2_mse] Epoch  22/200 | Train=0.04762 | Val=0.05227 | wMAE=0.184034 | PolarMAE=0.022142 | EMD=0.001348 | MolEMD=0.000444 | R2=0.7450 | LR=2.98e-04 | 57.3s
2026-06-16 08:19:40,614 - INFO - [gat_seed2_mse] Epoch  23/200 | Train=0.04683 | Val=0.05296 | wMAE=0.185223 | PolarMAE=0.021882 | EMD=0.001343 | MolEMD=0.000447 | R2=0.7382 | LR=2.96e-04 | 56.6s
2026-06-16 08:20:37,781 - INFO - [gat_seed2_mse] Epoch  24/200 | Train=0.04628 | Val=0.05366 | wMAE=0.187158 | PolarMAE=0.021714 | EMD=0.001344 | MolEMD=0.000468 | R2=0.7348 | LR=2.93e-04 | 57.2s
2026-06-16 08:21:35,629 - INFO - [gat_seed2_mse] Epoch  25/200 | Train=0.04562 | Val=0.05211 | wMAE=0.183351 | PolarMAE=0.021786 | EMD=0.001349 | MolEMD=0.000449 | R2=0.7454 | LR=2.89e-04 | 57.8s
2026-06-16 08:22:32,440 - INFO - [gat_seed2_mse] Epoch  26/200 | Train=0.04523 | Val=0.05233 | wMAE=0.185555 | PolarMAE=0.021413 | EMD=0.001360 | MolEMD=0.000461 | R2=0.7412 | LR=2.84e-04 | 56.8s
2026-06-16 08:23:29,593 - INFO - [gat_seed2_mse] Epoch  27/200 | Train=0.04468 | Val=0.05122 | wMAE=0.180761 | PolarMAE=0.021736 | EMD=0.001330 | MolEMD=0.000460 | R2=0.7505 | LR=2.78e-04 | 57.2s
2026-06-16 08:24:27,708 - INFO - [gat_seed2_mse] Epoch  28/200 | Train=0.04411 | Val=0.05175 | wMAE=0.181850 | PolarMAE=0.021708 | EMD=0.001328 | MolEMD=0.000443 | R2=0.7455 | LR=2.71e-04 | 58.1s
2026-06-16 08:25:24,484 - INFO - [gat_seed2_mse] Epoch  29/200 | Train=0.04377 | Val=0.04993 | wMAE=0.178504 | PolarMAE=0.021370 | EMD=0.001327 | MolEMD=0.000440 | R2=0.7559 | LR=2.64e-04 | 56.8s
2026-06-16 08:25:24,550 - INFO -   -> new best (weighted_mae=0.178504), saved results/checkpoints/gat_seed2_mse.pt
2026-06-16 08:26:21,419 - INFO - [gat_seed2_mse] Epoch  30/200 | Train=0.04344 | Val=0.04953 | wMAE=0.178212 | PolarMAE=0.021476 | EMD=0.001312 | MolEMD=0.000443 | R2=0.7593 | LR=2.56e-04 | 56.9s
2026-06-16 08:26:21,482 - INFO -   -> new best (weighted_mae=0.178212), saved results/checkpoints/gat_seed2_mse.pt
2026-06-16 08:27:19,066 - INFO - [gat_seed2_mse] Epoch  31/200 | Train=0.04301 | Val=0.04969 | wMAE=0.177536 | PolarMAE=0.020852 | EMD=0.001291 | MolEMD=0.000442 | R2=0.7579 | LR=2.48e-04 | 57.6s
2026-06-16 08:27:19,130 - INFO -   -> new best (weighted_mae=0.177536), saved results/checkpoints/gat_seed2_mse.pt
2026-06-16 08:28:15,981 - INFO - [gat_seed2_mse] Epoch  32/200 | Train=0.04256 | Val=0.04965 | wMAE=0.177713 | PolarMAE=0.021359 | EMD=0.001306 | MolEMD=0.000442 | R2=0.7550 | LR=2.38e-04 | 56.9s
2026-06-16 08:29:13,207 - INFO - [gat_seed2_mse] Epoch  33/200 | Train=0.04216 | Val=0.04933 | wMAE=0.177772 | PolarMAE=0.021190 | EMD=0.001289 | MolEMD=0.000432 | R2=0.7597 | LR=2.29e-04 | 57.2s
2026-06-16 08:30:10,390 - INFO - [gat_seed2_mse] Epoch  34/200 | Train=0.04183 | Val=0.04915 | wMAE=0.178350 | PolarMAE=0.021499 | EMD=0.001327 | MolEMD=0.000439 | R2=0.7566 | LR=2.18e-04 | 57.2s
2026-06-16 08:31:07,249 - INFO - [gat_seed2_mse] Epoch  35/200 | Train=0.04147 | Val=0.04865 | wMAE=0.176666 | PolarMAE=0.021191 | EMD=0.001300 | MolEMD=0.000421 | R2=0.7623 | LR=2.08e-04 | 56.9s
2026-06-16 08:31:07,318 - INFO -   -> new best (weighted_mae=0.176666), saved results/checkpoints/gat_seed2_mse.pt
2026-06-16 08:32:04,484 - INFO - [gat_seed2_mse] Epoch  36/200 | Train=0.04109 | Val=0.04863 | wMAE=0.176562 | PolarMAE=0.020811 | EMD=0.001287 | MolEMD=0.000421 | R2=0.7625 | LR=1.97e-04 | 57.2s
2026-06-16 08:32:04,547 - INFO -   -> new best (weighted_mae=0.176562), saved results/checkpoints/gat_seed2_mse.pt
2026-06-16 08:33:02,478 - INFO - [gat_seed2_mse] Epoch  37/200 | Train=0.04080 | Val=0.04977 | wMAE=0.178110 | PolarMAE=0.020994 | EMD=0.001290 | MolEMD=0.000452 | R2=0.7539 | LR=1.85e-04 | 57.9s
2026-06-16 08:33:59,402 - INFO - [gat_seed2_mse] Epoch  38/200 | Train=0.04048 | Val=0.04770 | wMAE=0.174229 | PolarMAE=0.020795 | EMD=0.001278 | MolEMD=0.000425 | R2=0.7666 | LR=1.74e-04 | 56.9s
2026-06-16 08:33:59,464 - INFO -   -> new best (weighted_mae=0.174229), saved results/checkpoints/gat_seed2_mse.pt
2026-06-16 08:34:56,807 - INFO - [gat_seed2_mse] Epoch  39/200 | Train=0.04025 | Val=0.04801 | wMAE=0.173286 | PolarMAE=0.020813 | EMD=0.001261 | MolEMD=0.000416 | R2=0.7662 | LR=1.62e-04 | 57.3s
2026-06-16 08:34:56,871 - INFO -   -> new best (weighted_mae=0.173286), saved results/checkpoints/gat_seed2_mse.pt
2026-06-16 08:35:54,597 - INFO - [gat_seed2_mse] Epoch  40/200 | Train=0.03993 | Val=0.04707 | wMAE=0.172179 | PolarMAE=0.020608 | EMD=0.001260 | MolEMD=0.000409 | R2=0.7712 | LR=1.50e-04 | 57.7s
2026-06-16 08:35:54,662 - INFO -   -> new best (weighted_mae=0.172179), saved results/checkpoints/gat_seed2_mse.pt
2026-06-16 08:36:51,789 - INFO - [gat_seed2_mse] Epoch  41/200 | Train=0.03969 | Val=0.04805 | wMAE=0.174407 | PolarMAE=0.020664 | EMD=0.001266 | MolEMD=0.000419 | R2=0.7639 | LR=1.39e-04 | 57.1s
2026-06-16 08:37:48,623 - INFO - [gat_seed2_mse] Epoch  42/200 | Train=0.03942 | Val=0.04781 | wMAE=0.174578 | PolarMAE=0.020323 | EMD=0.001262 | MolEMD=0.000425 | R2=0.7652 | LR=1.27e-04 | 56.8s
2026-06-16 08:38:46,333 - INFO - [gat_seed2_mse] Epoch  43/200 | Train=0.03914 | Val=0.04730 | wMAE=0.173177 | PolarMAE=0.020562 | EMD=0.001260 | MolEMD=0.000412 | R2=0.7700 | LR=1.16e-04 | 57.7s
2026-06-16 08:39:43,802 - INFO - [gat_seed2_mse] Epoch  44/200 | Train=0.03887 | Val=0.04733 | wMAE=0.173247 | PolarMAE=0.020796 | EMD=0.001269 | MolEMD=0.000420 | R2=0.7687 | LR=1.04e-04 | 57.5s
2026-06-16 08:40:40,667 - INFO - [gat_seed2_mse] Epoch  45/200 | Train=0.03868 | Val=0.04695 | wMAE=0.172541 | PolarMAE=0.020595 | EMD=0.001263 | MolEMD=0.000409 | R2=0.7711 | LR=9.33e-05 | 56.9s
2026-06-16 08:41:38,813 - INFO - [gat_seed2_mse] Epoch  46/200 | Train=0.03850 | Val=0.04661 | wMAE=0.172059 | PolarMAE=0.020325 | EMD=0.001249 | MolEMD=0.000404 | R2=0.7724 | LR=8.26e-05 | 58.1s
2026-06-16 08:41:38,877 - INFO -   -> new best (weighted_mae=0.172059), saved results/checkpoints/gat_seed2_mse.pt
2026-06-16 08:42:36,097 - INFO - [gat_seed2_mse] Epoch  47/200 | Train=0.03827 | Val=0.04650 | wMAE=0.170770 | PolarMAE=0.020265 | EMD=0.001247 | MolEMD=0.000407 | R2=0.7737 | LR=7.24e-05 | 57.2s
2026-06-16 08:42:36,159 - INFO -   -> new best (weighted_mae=0.170770), saved results/checkpoints/gat_seed2_mse.pt
2026-06-16 08:43:33,388 - INFO - [gat_seed2_mse] Epoch  48/200 | Train=0.03807 | Val=0.04668 | wMAE=0.171838 | PolarMAE=0.020700 | EMD=0.001258 | MolEMD=0.000411 | R2=0.7727 | LR=6.26e-05 | 57.2s
2026-06-16 08:44:30,396 - INFO - [gat_seed2_mse] Epoch  49/200 | Train=0.03788 | Val=0.04654 | wMAE=0.170982 | PolarMAE=0.020215 | EMD=0.001240 | MolEMD=0.000408 | R2=0.7731 | LR=5.34e-05 | 57.0s
2026-06-16 08:45:27,591 - INFO - [gat_seed2_mse] Epoch  50/200 | Train=0.03774 | Val=0.04635 | wMAE=0.170635 | PolarMAE=0.020315 | EMD=0.001240 | MolEMD=0.000401 | R2=0.7743 | LR=4.48e-05 | 57.2s
2026-06-16 08:45:27,660 - INFO -   -> new best (weighted_mae=0.170635), saved results/checkpoints/gat_seed2_mse.pt
2026-06-16 08:46:24,016 - INFO - [gat_seed2_mse] Epoch  51/200 | Train=0.03761 | Val=0.04597 | wMAE=0.169812 | PolarMAE=0.020314 | EMD=0.001234 | MolEMD=0.000399 | R2=0.7766 | LR=3.68e-05 | 56.4s
2026-06-16 08:46:24,079 - INFO -   -> new best (weighted_mae=0.169812), saved results/checkpoints/gat_seed2_mse.pt
2026-06-16 08:47:22,283 - INFO - [gat_seed2_mse] Epoch  52/200 | Train=0.03744 | Val=0.04627 | wMAE=0.170526 | PolarMAE=0.020340 | EMD=0.001241 | MolEMD=0.000406 | R2=0.7750 | LR=2.96e-05 | 58.2s
2026-06-16 08:48:19,197 - INFO - [gat_seed2_mse] Epoch  53/200 | Train=0.03733 | Val=0.04618 | wMAE=0.170387 | PolarMAE=0.020162 | EMD=0.001234 | MolEMD=0.000401 | R2=0.7750 | LR=2.30e-05 | 56.9s
2026-06-16 08:49:16,008 - INFO - [gat_seed2_mse] Epoch  54/200 | Train=0.03725 | Val=0.04596 | wMAE=0.169648 | PolarMAE=0.020330 | EMD=0.001233 | MolEMD=0.000399 | R2=0.7765 | LR=1.73e-05 | 56.8s
2026-06-16 08:49:16,078 - INFO -   -> new best (weighted_mae=0.169648), saved results/checkpoints/gat_seed2_mse.pt
2026-06-16 08:50:13,715 - INFO - [gat_seed2_mse] Epoch  55/200 | Train=0.03714 | Val=0.04588 | wMAE=0.169661 | PolarMAE=0.020097 | EMD=0.001231 | MolEMD=0.000400 | R2=0.7771 | LR=1.24e-05 | 57.6s
2026-06-16 08:51:10,177 - INFO - [gat_seed2_mse] Epoch  56/200 | Train=0.03707 | Val=0.04592 | wMAE=0.169658 | PolarMAE=0.020251 | EMD=0.001235 | MolEMD=0.000398 | R2=0.7769 | LR=8.32e-06 | 56.5s
2026-06-16 08:52:07,187 - INFO - [gat_seed2_mse] Epoch  57/200 | Train=0.03701 | Val=0.04581 | wMAE=0.169525 | PolarMAE=0.020231 | EMD=0.001233 | MolEMD=0.000399 | R2=0.7773 | LR=5.13e-06 | 57.0s
2026-06-16 08:52:07,249 - INFO -   -> new best (weighted_mae=0.169525), saved results/checkpoints/gat_seed2_mse.pt
2026-06-16 08:53:04,871 - INFO - [gat_seed2_mse] Epoch  58/200 | Train=0.03698 | Val=0.04584 | wMAE=0.169573 | PolarMAE=0.020188 | EMD=0.001233 | MolEMD=0.000398 | R2=0.7772 | LR=2.84e-06 | 57.6s
2026-06-16 08:54:02,434 - INFO - [gat_seed2_mse] Epoch  59/200 | Train=0.03693 | Val=0.04581 | wMAE=0.169473 | PolarMAE=0.020173 | EMD=0.001231 | MolEMD=0.000398 | R2=0.7774 | LR=1.46e-06 | 57.6s
2026-06-16 08:54:02,499 - INFO -   -> new best (weighted_mae=0.169473), saved results/checkpoints/gat_seed2_mse.pt
2026-06-16 08:54:59,291 - INFO - [gat_seed2_mse] Epoch  60/200 | Train=0.03690 | Val=0.04578 | wMAE=0.169414 | PolarMAE=0.020180 | EMD=0.001232 | MolEMD=0.000398 | R2=0.7777 | LR=3.00e-04 | 56.8s
2026-06-16 08:54:59,352 - INFO -   -> new best (weighted_mae=0.169414), saved results/checkpoints/gat_seed2_mse.pt
2026-06-16 08:55:57,049 - INFO - [gat_seed2_mse] Epoch  61/200 | Train=0.04141 | Val=0.04850 | wMAE=0.175713 | PolarMAE=0.020937 | EMD=0.001280 | MolEMD=0.000427 | R2=0.7623 | LR=3.00e-04 | 57.7s
2026-06-16 08:56:54,376 - INFO - [gat_seed2_mse] Epoch  62/200 | Train=0.04026 | Val=0.04766 | wMAE=0.176250 | PolarMAE=0.020250 | EMD=0.001281 | MolEMD=0.000431 | R2=0.7670 | LR=3.00e-04 | 57.3s
2026-06-16 08:57:51,232 - INFO - [gat_seed2_mse] Epoch  63/200 | Train=0.03990 | Val=0.04899 | wMAE=0.176426 | PolarMAE=0.021004 | EMD=0.001287 | MolEMD=0.000422 | R2=0.7577 | LR=2.99e-04 | 56.9s
2026-06-16 08:58:51,102 - INFO - [gat_seed2_mse] Epoch  64/200 | Train=0.03968 | Val=0.04823 | wMAE=0.173817 | PolarMAE=0.020572 | EMD=0.001267 | MolEMD=0.000436 | R2=0.7659 | LR=2.98e-04 | 59.9s
2026-06-16 08:59:48,566 - INFO - [gat_seed2_mse] Epoch  65/200 | Train=0.03975 | Val=0.04740 | wMAE=0.173410 | PolarMAE=0.020728 | EMD=0.001273 | MolEMD=0.000422 | R2=0.7694 | LR=2.97e-04 | 57.5s
2026-06-16 09:00:45,212 - INFO - [gat_seed2_mse] Epoch  66/200 | Train=0.03928 | Val=0.04721 | wMAE=0.172466 | PolarMAE=0.020771 | EMD=0.001260 | MolEMD=0.000417 | R2=0.7701 | LR=2.96e-04 | 56.6s
2026-06-16 09:01:43,412 - INFO - [gat_seed2_mse] Epoch  67/200 | Train=0.03911 | Val=0.04812 | wMAE=0.174126 | PolarMAE=0.021298 | EMD=0.001273 | MolEMD=0.000432 | R2=0.7639 | LR=2.94e-04 | 58.2s
2026-06-16 09:02:40,640 - INFO - [gat_seed2_mse] Epoch  68/200 | Train=0.03915 | Val=0.04888 | wMAE=0.175811 | PolarMAE=0.020687 | EMD=0.001271 | MolEMD=0.000428 | R2=0.7613 | LR=2.93e-04 | 57.2s
2026-06-16 09:03:37,569 - INFO - [gat_seed2_mse] Epoch  69/200 | Train=0.03880 | Val=0.04711 | wMAE=0.172812 | PolarMAE=0.020706 | EMD=0.001267 | MolEMD=0.000413 | R2=0.7701 | LR=2.91e-04 | 56.9s
2026-06-16 09:04:35,798 - INFO - [gat_seed2_mse] Epoch  70/200 | Train=0.03874 | Val=0.04694 | wMAE=0.171978 | PolarMAE=0.020475 | EMD=0.001255 | MolEMD=0.000413 | R2=0.7725 | LR=2.89e-04 | 58.2s
2026-06-16 09:05:32,599 - INFO - [gat_seed2_mse] Epoch  71/200 | Train=0.03853 | Val=0.04754 | wMAE=0.173888 | PolarMAE=0.020371 | EMD=0.001273 | MolEMD=0.000418 | R2=0.7671 | LR=2.86e-04 | 56.8s
2026-06-16 09:06:29,744 - INFO - [gat_seed2_mse] Epoch  72/200 | Train=0.03849 | Val=0.04666 | wMAE=0.171509 | PolarMAE=0.020652 | EMD=0.001256 | MolEMD=0.000407 | R2=0.7726 | LR=2.84e-04 | 57.1s
2026-06-16 09:07:26,992 - INFO - [gat_seed2_mse] Epoch  73/200 | Train=0.03819 | Val=0.04691 | wMAE=0.171790 | PolarMAE=0.020306 | EMD=0.001252 | MolEMD=0.000407 | R2=0.7714 | LR=2.81e-04 | 57.2s
2026-06-16 09:08:23,918 - INFO - [gat_seed2_mse] Epoch  74/200 | Train=0.03805 | Val=0.04670 | wMAE=0.171536 | PolarMAE=0.020626 | EMD=0.001256 | MolEMD=0.000426 | R2=0.7729 | LR=2.78e-04 | 56.9s
2026-06-16 09:09:21,052 - INFO - [gat_seed2_mse] Epoch  75/200 | Train=0.03791 | Val=0.04698 | wMAE=0.171912 | PolarMAE=0.020628 | EMD=0.001262 | MolEMD=0.000415 | R2=0.7716 | LR=2.75e-04 | 57.1s
2026-06-16 09:10:18,468 - INFO - [gat_seed2_mse] Epoch  76/200 | Train=0.03773 | Val=0.04602 | wMAE=0.169770 | PolarMAE=0.020432 | EMD=0.001238 | MolEMD=0.000401 | R2=0.7766 | LR=2.71e-04 | 57.4s
2026-06-16 09:11:15,463 - INFO - [gat_seed2_mse] Epoch  77/200 | Train=0.03757 | Val=0.04703 | wMAE=0.172006 | PolarMAE=0.020645 | EMD=0.001254 | MolEMD=0.000416 | R2=0.7700 | LR=2.68e-04 | 57.0s
2026-06-16 09:12:12,326 - INFO - [gat_seed2_mse] Epoch  78/200 | Train=0.03747 | Val=0.04643 | wMAE=0.170609 | PolarMAE=0.020476 | EMD=0.001240 | MolEMD=0.000424 | R2=0.7750 | LR=2.64e-04 | 56.9s
2026-06-16 09:13:09,618 - INFO - [gat_seed2_mse] Epoch  79/200 | Train=0.03735 | Val=0.04636 | wMAE=0.171961 | PolarMAE=0.020104 | EMD=0.001246 | MolEMD=0.000409 | R2=0.7735 | LR=2.60e-04 | 57.3s
2026-06-16 09:14:07,527 - INFO - [gat_seed2_mse] Epoch  80/200 | Train=0.03724 | Val=0.04651 | wMAE=0.171013 | PolarMAE=0.020752 | EMD=0.001249 | MolEMD=0.000414 | R2=0.7746 | LR=2.56e-04 | 57.9s
2026-06-16 09:14:07,527 - INFO - Early stopping at epoch 80.
2026-06-16 09:14:07,527 - INFO - Loading best checkpoint for test evaluation...
2026-06-16 09:14:38,174 - INFO - [gat_seed2_mse] TEST METRICS: {'loss': 0.04287891026299733, 'weighted_r2': 0.787273645401001, 'weighted_mae': 0.16966640949249268, 'polar_mae': 0.02233584225177765, 'cosine_similarity': 0.8860149636203642, 'emd_raw': 0.0013068730046978836, 'emd_normalized': 0.0013068730046978865, 'molecular_mae': 0.6975693240131323, 'molecular_emd': 0.0003802173953772211, 'molecular_cosine': 0.9879260043112131, 'molecular_polar_mae': 0.2939981354528274}
2026-06-16 09:14:38,180 - INFO - Saved results to results/metrics/gat_seed2_mse.json
2026-06-16 09:15:01,100 - INFO - Device: cuda
2026-06-16 09:15:01,101 - INFO - Loading cached dataset: /mnt/tank/scratch/ikarpushkina/sigma/ASPEN/data/train_test_val_df/cache/chaos_atomic_train_with_coordinates.parquet.fac02d20b3.pt
2026-06-16 09:15:14,713 - INFO - chaos_atomic_train_with_coordinates.parquet: 36981 molecules, 1077949 atoms, extended=True, RDKit mol valid: 36981/36981 (100.0%)
2026-06-16 09:15:14,714 - INFO - Loading cached dataset: /mnt/tank/scratch/ikarpushkina/sigma/ASPEN/data/train_test_val_df/cache/chaos_atomic_val_with_coordinates.parquet.fac02d20b3.pt
2026-06-16 09:15:17,208 - INFO - chaos_atomic_val_with_coordinates.parquet: 7941 molecules, 235573 atoms, extended=True, RDKit mol valid: 7941/7941 (100.0%)
2026-06-16 09:15:17,208 - INFO - Loading cached dataset: /mnt/tank/scratch/ikarpushkina/sigma/ASPEN/data/train_test_val_df/cache/chaos_atomic_test_with_coordinates.parquet.fac02d20b3.pt
2026-06-16 09:15:20,951 - INFO - chaos_atomic_test_with_coordinates.parquet: 7800 molecules, 221748 atoms, extended=True, RDKit mol valid: 7800/7800 (100.0%)
2026-06-16 09:15:21,655 - INFO - gatv2: 690,981 params (target 695,667, diff 0.7%)
2026-06-16 09:16:20,505 - INFO - [gatv2_seed0_mse] Epoch   1/200 | Train=0.10235 | Val=0.07483 | wMAE=0.226296 | PolarMAE=0.033325 | EMD=0.001943 | MolEMD=0.000780 | R2=0.6257 | LR=2.98e-04 | 58.8s
2026-06-16 09:16:20,563 - INFO -   -> new best (weighted_mae=0.226296), saved results/checkpoints/gatv2_seed0_mse.pt
2026-06-16 09:17:19,236 - INFO - [gatv2_seed0_mse] Epoch   2/200 | Train=0.06783 | Val=0.06585 | wMAE=0.209313 | PolarMAE=0.027510 | EMD=0.001673 | MolEMD=0.000597 | R2=0.6752 | LR=2.93e-04 | 58.7s
2026-06-16 09:17:19,301 - INFO -   -> new best (weighted_mae=0.209313), saved results/checkpoints/gatv2_seed0_mse.pt
2026-06-16 09:18:17,545 - INFO - [gatv2_seed0_mse] Epoch   3/200 | Train=0.06130 | Val=0.06311 | wMAE=0.204877 | PolarMAE=0.025906 | EMD=0.001581 | MolEMD=0.000559 | R2=0.6856 | LR=2.84e-04 | 58.2s
2026-06-16 09:18:17,610 - INFO -   -> new best (weighted_mae=0.204877), saved results/checkpoints/gatv2_seed0_mse.pt
2026-06-16 09:19:15,476 - INFO - [gatv2_seed0_mse] Epoch   4/200 | Train=0.05774 | Val=0.06082 | wMAE=0.202810 | PolarMAE=0.025859 | EMD=0.001551 | MolEMD=0.000536 | R2=0.6969 | LR=2.71e-04 | 57.9s
2026-06-16 09:19:15,571 - INFO -   -> new best (weighted_mae=0.202810), saved results/checkpoints/gatv2_seed0_mse.pt
2026-06-16 09:20:13,513 - INFO - [gatv2_seed0_mse] Epoch   5/200 | Train=0.05527 | Val=0.06138 | wMAE=0.204399 | PolarMAE=0.024276 | EMD=0.001518 | MolEMD=0.000555 | R2=0.6842 | LR=2.56e-04 | 57.9s
2026-06-16 09:21:11,802 - INFO - [gatv2_seed0_mse] Epoch   6/200 | Train=0.05358 | Val=0.05769 | wMAE=0.194604 | PolarMAE=0.023542 | EMD=0.001473 | MolEMD=0.000520 | R2=0.7179 | LR=2.38e-04 | 58.3s
2026-06-16 09:21:11,864 - INFO -   -> new best (weighted_mae=0.194604), saved results/checkpoints/gatv2_seed0_mse.pt
2026-06-16 09:22:10,628 - INFO - [gatv2_seed0_mse] Epoch   7/200 | Train=0.05206 | Val=0.05602 | wMAE=0.193468 | PolarMAE=0.023191 | EMD=0.001421 | MolEMD=0.000475 | R2=0.7226 | LR=2.18e-04 | 58.8s
2026-06-16 09:22:10,688 - INFO -   -> new best (weighted_mae=0.193468), saved results/checkpoints/gatv2_seed0_mse.pt
2026-06-16 09:23:08,713 - INFO - [gatv2_seed0_mse] Epoch   8/200 | Train=0.05076 | Val=0.05465 | wMAE=0.188268 | PolarMAE=0.024033 | EMD=0.001436 | MolEMD=0.000497 | R2=0.7336 | LR=1.97e-04 | 58.0s
2026-06-16 09:23:08,780 - INFO -   -> new best (weighted_mae=0.188268), saved results/checkpoints/gatv2_seed0_mse.pt
2026-06-16 09:24:06,879 - INFO - [gatv2_seed0_mse] Epoch   9/200 | Train=0.04967 | Val=0.05398 | wMAE=0.185691 | PolarMAE=0.022527 | EMD=0.001398 | MolEMD=0.000467 | R2=0.7364 | LR=1.74e-04 | 58.1s
2026-06-16 09:24:06,943 - INFO -   -> new best (weighted_mae=0.185691), saved results/checkpoints/gatv2_seed0_mse.pt
2026-06-16 09:25:06,128 - INFO - [gatv2_seed0_mse] Epoch  10/200 | Train=0.04868 | Val=0.05381 | wMAE=0.188121 | PolarMAE=0.022482 | EMD=0.001391 | MolEMD=0.000490 | R2=0.7322 | LR=1.50e-04 | 59.2s
2026-06-16 09:26:03,821 - INFO - [gatv2_seed0_mse] Epoch  11/200 | Train=0.04790 | Val=0.05232 | wMAE=0.183401 | PolarMAE=0.022615 | EMD=0.001377 | MolEMD=0.000449 | R2=0.7444 | LR=1.27e-04 | 57.7s
2026-06-16 09:26:03,885 - INFO -   -> new best (weighted_mae=0.183401), saved results/checkpoints/gatv2_seed0_mse.pt
2026-06-16 09:27:01,691 - INFO - [gatv2_seed0_mse] Epoch  12/200 | Train=0.04717 | Val=0.05196 | wMAE=0.183515 | PolarMAE=0.022332 | EMD=0.001374 | MolEMD=0.000447 | R2=0.7441 | LR=1.04e-04 | 57.8s
2026-06-16 09:28:01,595 - INFO - [gatv2_seed0_mse] Epoch  13/200 | Train=0.04645 | Val=0.05138 | wMAE=0.182351 | PolarMAE=0.021966 | EMD=0.001352 | MolEMD=0.000435 | R2=0.7483 | LR=8.26e-05 | 59.9s
2026-06-16 09:28:01,661 - INFO -   -> new best (weighted_mae=0.182351), saved results/checkpoints/gatv2_seed0_mse.pt
2026-06-16 09:28:59,737 - INFO - [gatv2_seed0_mse] Epoch  14/200 | Train=0.04589 | Val=0.05089 | wMAE=0.180611 | PolarMAE=0.021670 | EMD=0.001334 | MolEMD=0.000433 | R2=0.7511 | LR=6.26e-05 | 58.1s
2026-06-16 09:28:59,799 - INFO -   -> new best (weighted_mae=0.180611), saved results/checkpoints/gatv2_seed0_mse.pt
2026-06-16 09:29:57,893 - INFO - [gatv2_seed0_mse] Epoch  15/200 | Train=0.04539 | Val=0.05079 | wMAE=0.180572 | PolarMAE=0.021769 | EMD=0.001339 | MolEMD=0.000435 | R2=0.7509 | LR=4.48e-05 | 58.1s
2026-06-16 09:29:57,956 - INFO -   -> new best (weighted_mae=0.180572), saved results/checkpoints/gatv2_seed0_mse.pt
2026-06-16 09:30:56,258 - INFO - [gatv2_seed0_mse] Epoch  16/200 | Train=0.04500 | Val=0.05112 | wMAE=0.182593 | PolarMAE=0.021304 | EMD=0.001323 | MolEMD=0.000429 | R2=0.7482 | LR=2.96e-05 | 58.3s
2026-06-16 09:31:55,024 - INFO - [gatv2_seed0_mse] Epoch  17/200 | Train=0.04472 | Val=0.05006 | wMAE=0.179217 | PolarMAE=0.021853 | EMD=0.001336 | MolEMD=0.000428 | R2=0.7558 | LR=1.73e-05 | 58.8s
2026-06-16 09:31:55,087 - INFO -   -> new best (weighted_mae=0.179217), saved results/checkpoints/gatv2_seed0_mse.pt
2026-06-16 09:32:53,422 - INFO - [gatv2_seed0_mse] Epoch  18/200 | Train=0.04444 | Val=0.04985 | wMAE=0.178919 | PolarMAE=0.021407 | EMD=0.001319 | MolEMD=0.000420 | R2=0.7565 | LR=8.32e-06 | 58.3s
2026-06-16 09:32:53,483 - INFO -   -> new best (weighted_mae=0.178919), saved results/checkpoints/gatv2_seed0_mse.pt
2026-06-16 09:33:52,046 - INFO - [gatv2_seed0_mse] Epoch  19/200 | Train=0.04429 | Val=0.04967 | wMAE=0.178376 | PolarMAE=0.021399 | EMD=0.001316 | MolEMD=0.000418 | R2=0.7577 | LR=2.84e-06 | 58.6s
2026-06-16 09:33:52,108 - INFO -   -> new best (weighted_mae=0.178376), saved results/checkpoints/gatv2_seed0_mse.pt
2026-06-16 09:34:50,129 - INFO - [gatv2_seed0_mse] Epoch  20/200 | Train=0.04416 | Val=0.04971 | wMAE=0.178497 | PolarMAE=0.021260 | EMD=0.001313 | MolEMD=0.000418 | R2=0.7575 | LR=3.00e-04 | 58.0s
2026-06-16 09:35:47,879 - INFO - [gatv2_seed0_mse] Epoch  21/200 | Train=0.04841 | Val=0.05232 | wMAE=0.182881 | PolarMAE=0.022333 | EMD=0.001361 | MolEMD=0.000446 | R2=0.7454 | LR=3.00e-04 | 57.7s
2026-06-16 09:36:45,925 - INFO - [gatv2_seed0_mse] Epoch  22/200 | Train=0.04678 | Val=0.05212 | wMAE=0.181788 | PolarMAE=0.022073 | EMD=0.001335 | MolEMD=0.000449 | R2=0.7448 | LR=2.98e-04 | 58.0s
2026-06-16 09:37:44,534 - INFO - [gatv2_seed0_mse] Epoch  23/200 | Train=0.04616 | Val=0.05113 | wMAE=0.180541 | PolarMAE=0.021708 | EMD=0.001343 | MolEMD=0.000444 | R2=0.7511 | LR=2.96e-04 | 58.6s
2026-06-16 09:38:42,269 - INFO - [gatv2_seed0_mse] Epoch  24/200 | Train=0.04545 | Val=0.05101 | wMAE=0.181756 | PolarMAE=0.021326 | EMD=0.001328 | MolEMD=0.000433 | R2=0.7492 | LR=2.93e-04 | 57.7s
2026-06-16 09:39:39,778 - INFO - [gatv2_seed0_mse] Epoch  25/200 | Train=0.04507 | Val=0.05035 | wMAE=0.180362 | PolarMAE=0.021846 | EMD=0.001332 | MolEMD=0.000440 | R2=0.7529 | LR=2.89e-04 | 57.5s
2026-06-16 09:40:38,451 - INFO - [gatv2_seed0_mse] Epoch  26/200 | Train=0.04439 | Val=0.05079 | wMAE=0.180185 | PolarMAE=0.021233 | EMD=0.001328 | MolEMD=0.000458 | R2=0.7495 | LR=2.84e-04 | 58.7s
2026-06-16 09:41:36,049 - INFO - [gatv2_seed0_mse] Epoch  27/200 | Train=0.04405 | Val=0.05452 | wMAE=0.191287 | PolarMAE=0.022047 | EMD=0.001377 | MolEMD=0.000450 | R2=0.7229 | LR=2.78e-04 | 57.6s
2026-06-16 09:42:33,967 - INFO - [gatv2_seed0_mse] Epoch  28/200 | Train=0.04355 | Val=0.05117 | wMAE=0.179060 | PolarMAE=0.021207 | EMD=0.001299 | MolEMD=0.000433 | R2=0.7495 | LR=2.71e-04 | 57.9s
2026-06-16 09:43:31,894 - INFO - [gatv2_seed0_mse] Epoch  29/200 | Train=0.04317 | Val=0.04883 | wMAE=0.175746 | PolarMAE=0.021114 | EMD=0.001283 | MolEMD=0.000420 | R2=0.7627 | LR=2.64e-04 | 57.9s
2026-06-16 09:43:31,954 - INFO -   -> new best (weighted_mae=0.175746), saved results/checkpoints/gatv2_seed0_mse.pt
2026-06-16 09:44:29,659 - INFO - [gatv2_seed0_mse] Epoch  30/200 | Train=0.04273 | Val=0.04899 | wMAE=0.176315 | PolarMAE=0.020970 | EMD=0.001301 | MolEMD=0.000445 | R2=0.7601 | LR=2.56e-04 | 57.7s
2026-06-16 09:45:27,567 - INFO - [gatv2_seed0_mse] Epoch  31/200 | Train=0.04226 | Val=0.04860 | wMAE=0.175166 | PolarMAE=0.021100 | EMD=0.001282 | MolEMD=0.000435 | R2=0.7639 | LR=2.48e-04 | 57.9s
2026-06-16 09:45:27,628 - INFO -   -> new best (weighted_mae=0.175166), saved results/checkpoints/gatv2_seed0_mse.pt
2026-06-16 09:46:25,716 - INFO - [gatv2_seed0_mse] Epoch  32/200 | Train=0.04190 | Val=0.04791 | wMAE=0.173982 | PolarMAE=0.021128 | EMD=0.001290 | MolEMD=0.000421 | R2=0.7651 | LR=2.38e-04 | 58.1s
2026-06-16 09:46:25,776 - INFO -   -> new best (weighted_mae=0.173982), saved results/checkpoints/gatv2_seed0_mse.pt
2026-06-16 09:47:23,482 - INFO - [gatv2_seed0_mse] Epoch  33/200 | Train=0.04151 | Val=0.04780 | wMAE=0.173639 | PolarMAE=0.020733 | EMD=0.001276 | MolEMD=0.000412 | R2=0.7668 | LR=2.29e-04 | 57.7s
2026-06-16 09:47:23,544 - INFO -   -> new best (weighted_mae=0.173639), saved results/checkpoints/gatv2_seed0_mse.pt
2026-06-16 09:48:21,312 - INFO - [gatv2_seed0_mse] Epoch  34/200 | Train=0.04117 | Val=0.04876 | wMAE=0.175600 | PolarMAE=0.020873 | EMD=0.001291 | MolEMD=0.000422 | R2=0.7618 | LR=2.18e-04 | 57.8s
2026-06-16 09:49:19,599 - INFO - [gatv2_seed0_mse] Epoch  35/200 | Train=0.04087 | Val=0.04779 | wMAE=0.174981 | PolarMAE=0.020860 | EMD=0.001276 | MolEMD=0.000418 | R2=0.7650 | LR=2.08e-04 | 58.3s
2026-06-16 09:50:17,706 - INFO - [gatv2_seed0_mse] Epoch  36/200 | Train=0.04048 | Val=0.04758 | wMAE=0.171633 | PolarMAE=0.020654 | EMD=0.001250 | MolEMD=0.000425 | R2=0.7685 | LR=1.97e-04 | 58.1s
2026-06-16 09:50:17,767 - INFO -   -> new best (weighted_mae=0.171633), saved results/checkpoints/gatv2_seed0_mse.pt
2026-06-16 09:51:16,076 - INFO - [gatv2_seed0_mse] Epoch  37/200 | Train=0.04027 | Val=0.04716 | wMAE=0.172227 | PolarMAE=0.020805 | EMD=0.001260 | MolEMD=0.000410 | R2=0.7704 | LR=1.85e-04 | 58.3s
2026-06-16 09:52:18,158 - INFO - [gatv2_seed0_mse] Epoch  38/200 | Train=0.03992 | Val=0.04671 | wMAE=0.172216 | PolarMAE=0.020875 | EMD=0.001267 | MolEMD=0.000415 | R2=0.7726 | LR=1.74e-04 | 62.1s
2026-06-16 09:53:19,775 - INFO - [gatv2_seed0_mse] Epoch  39/200 | Train=0.03974 | Val=0.04660 | wMAE=0.172285 | PolarMAE=0.020277 | EMD=0.001256 | MolEMD=0.000419 | R2=0.7726 | LR=1.62e-04 | 61.6s
2026-06-16 09:54:22,277 - INFO - [gatv2_seed0_mse] Epoch  40/200 | Train=0.03931 | Val=0.04713 | wMAE=0.172734 | PolarMAE=0.020245 | EMD=0.001245 | MolEMD=0.000412 | R2=0.7688 | LR=1.50e-04 | 62.5s
2026-06-16 09:55:24,592 - INFO - [gatv2_seed0_mse] Epoch  41/200 | Train=0.03917 | Val=0.04743 | wMAE=0.172100 | PolarMAE=0.020723 | EMD=0.001245 | MolEMD=0.000401 | R2=0.7676 | LR=1.39e-04 | 62.3s
2026-06-16 09:56:27,459 - INFO - [gatv2_seed0_mse] Epoch  42/200 | Train=0.03879 | Val=0.04577 | wMAE=0.169412 | PolarMAE=0.020239 | EMD=0.001243 | MolEMD=0.000401 | R2=0.7780 | LR=1.27e-04 | 62.9s
2026-06-16 09:56:27,520 - INFO -   -> new best (weighted_mae=0.169412), saved results/checkpoints/gatv2_seed0_mse.pt
2026-06-16 09:57:29,890 - INFO - [gatv2_seed0_mse] Epoch  43/200 | Train=0.03857 | Val=0.04636 | wMAE=0.171560 | PolarMAE=0.020376 | EMD=0.001255 | MolEMD=0.000409 | R2=0.7727 | LR=1.16e-04 | 62.4s
2026-06-16 09:58:31,688 - INFO - [gatv2_seed0_mse] Epoch  44/200 | Train=0.03831 | Val=0.04548 | wMAE=0.169486 | PolarMAE=0.020455 | EMD=0.001245 | MolEMD=0.000406 | R2=0.7789 | LR=1.04e-04 | 61.8s
2026-06-16 09:59:33,601 - INFO - [gatv2_seed0_mse] Epoch  45/200 | Train=0.03811 | Val=0.04556 | wMAE=0.169132 | PolarMAE=0.020195 | EMD=0.001233 | MolEMD=0.000396 | R2=0.7787 | LR=9.33e-05 | 61.9s
2026-06-16 09:59:33,665 - INFO -   -> new best (weighted_mae=0.169132), saved results/checkpoints/gatv2_seed0_mse.pt
2026-06-16 10:00:35,084 - INFO - [gatv2_seed0_mse] Epoch  46/200 | Train=0.03787 | Val=0.04554 | wMAE=0.169227 | PolarMAE=0.020080 | EMD=0.001236 | MolEMD=0.000399 | R2=0.7786 | LR=8.26e-05 | 61.4s
2026-06-16 10:01:34,393 - INFO - [gatv2_seed0_mse] Epoch  47/200 | Train=0.03774 | Val=0.04537 | wMAE=0.168286 | PolarMAE=0.020097 | EMD=0.001224 | MolEMD=0.000397 | R2=0.7800 | LR=7.24e-05 | 59.3s
2026-06-16 10:01:34,457 - INFO -   -> new best (weighted_mae=0.168286), saved results/checkpoints/gatv2_seed0_mse.pt
2026-06-16 10:02:38,500 - INFO - [gatv2_seed0_mse] Epoch  48/200 | Train=0.03751 | Val=0.04511 | wMAE=0.168034 | PolarMAE=0.020146 | EMD=0.001230 | MolEMD=0.000395 | R2=0.7814 | LR=6.26e-05 | 64.0s
2026-06-16 10:02:38,606 - INFO -   -> new best (weighted_mae=0.168034), saved results/checkpoints/gatv2_seed0_mse.pt
2026-06-16 10:03:46,491 - INFO - [gatv2_seed0_mse] Epoch  49/200 | Train=0.03736 | Val=0.04526 | wMAE=0.167866 | PolarMAE=0.020062 | EMD=0.001226 | MolEMD=0.000396 | R2=0.7805 | LR=5.34e-05 | 67.9s
2026-06-16 10:03:46,582 - INFO -   -> new best (weighted_mae=0.167866), saved results/checkpoints/gatv2_seed0_mse.pt
2026-06-16 10:04:52,662 - INFO - [gatv2_seed0_mse] Epoch  50/200 | Train=0.03721 | Val=0.04511 | wMAE=0.168132 | PolarMAE=0.019997 | EMD=0.001225 | MolEMD=0.000396 | R2=0.7807 | LR=4.48e-05 | 66.1s
2026-06-16 10:05:59,013 - INFO - [gatv2_seed0_mse] Epoch  51/200 | Train=0.03707 | Val=0.04539 | wMAE=0.168602 | PolarMAE=0.020060 | EMD=0.001227 | MolEMD=0.000397 | R2=0.7791 | LR=3.68e-05 | 66.3s
2026-06-16 10:07:04,668 - INFO - [gatv2_seed0_mse] Epoch  52/200 | Train=0.03694 | Val=0.04491 | wMAE=0.167587 | PolarMAE=0.020050 | EMD=0.001224 | MolEMD=0.000393 | R2=0.7825 | LR=2.96e-05 | 65.7s
2026-06-16 10:07:04,735 - INFO -   -> new best (weighted_mae=0.167587), saved results/checkpoints/gatv2_seed0_mse.pt
2026-06-16 10:08:12,276 - INFO - [gatv2_seed0_mse] Epoch  53/200 | Train=0.03684 | Val=0.04479 | wMAE=0.166806 | PolarMAE=0.019960 | EMD=0.001219 | MolEMD=0.000393 | R2=0.7831 | LR=2.30e-05 | 67.5s
2026-06-16 10:08:12,343 - INFO -   -> new best (weighted_mae=0.166806), saved results/checkpoints/gatv2_seed0_mse.pt
2026-06-16 10:09:24,730 - INFO - [gatv2_seed0_mse] Epoch  54/200 | Train=0.03673 | Val=0.04469 | wMAE=0.167058 | PolarMAE=0.019938 | EMD=0.001219 | MolEMD=0.000389 | R2=0.7837 | LR=1.73e-05 | 72.4s
2026-06-16 10:10:30,522 - INFO - [gatv2_seed0_mse] Epoch  55/200 | Train=0.03664 | Val=0.04471 | wMAE=0.166940 | PolarMAE=0.019974 | EMD=0.001219 | MolEMD=0.000390 | R2=0.7837 | LR=1.24e-05 | 65.8s
2026-06-16 10:11:38,602 - INFO - [gatv2_seed0_mse] Epoch  56/200 | Train=0.03657 | Val=0.04468 | wMAE=0.166961 | PolarMAE=0.020045 | EMD=0.001219 | MolEMD=0.000390 | R2=0.7838 | LR=8.32e-06 | 68.1s
2026-06-16 10:12:46,020 - INFO - [gatv2_seed0_mse] Epoch  57/200 | Train=0.03653 | Val=0.04465 | wMAE=0.166609 | PolarMAE=0.019962 | EMD=0.001215 | MolEMD=0.000389 | R2=0.7839 | LR=5.13e-06 | 67.4s
2026-06-16 10:12:46,082 - INFO -   -> new best (weighted_mae=0.166609), saved results/checkpoints/gatv2_seed0_mse.pt
2026-06-16 10:13:51,350 - INFO - [gatv2_seed0_mse] Epoch  58/200 | Train=0.03645 | Val=0.04466 | wMAE=0.166772 | PolarMAE=0.019969 | EMD=0.001216 | MolEMD=0.000389 | R2=0.7837 | LR=2.84e-06 | 65.3s
2026-06-16 10:14:58,220 - INFO - [gatv2_seed0_mse] Epoch  59/200 | Train=0.03642 | Val=0.04467 | wMAE=0.166773 | PolarMAE=0.019955 | EMD=0.001216 | MolEMD=0.000389 | R2=0.7837 | LR=1.46e-06 | 66.9s
2026-06-16 10:16:04,685 - INFO - [gatv2_seed0_mse] Epoch  60/200 | Train=0.03641 | Val=0.04459 | wMAE=0.166641 | PolarMAE=0.019963 | EMD=0.001216 | MolEMD=0.000389 | R2=0.7842 | LR=3.00e-04 | 66.5s
2026-06-16 10:17:10,080 - INFO - [gatv2_seed0_mse] Epoch  61/200 | Train=0.04086 | Val=0.04704 | wMAE=0.172076 | PolarMAE=0.020801 | EMD=0.001257 | MolEMD=0.000413 | R2=0.7703 | LR=3.00e-04 | 65.4s
2026-06-16 10:18:21,925 - INFO - [gatv2_seed0_mse] Epoch  62/200 | Train=0.03951 | Val=0.04673 | wMAE=0.171162 | PolarMAE=0.020976 | EMD=0.001250 | MolEMD=0.000410 | R2=0.7734 | LR=3.00e-04 | 71.8s
2026-06-16 10:19:27,050 - INFO - [gatv2_seed0_mse] Epoch  63/200 | Train=0.03930 | Val=0.04716 | wMAE=0.172528 | PolarMAE=0.020877 | EMD=0.001263 | MolEMD=0.000429 | R2=0.7701 | LR=2.99e-04 | 65.1s
2026-06-16 10:20:34,792 - INFO - [gatv2_seed0_mse] Epoch  64/200 | Train=0.03907 | Val=0.04937 | wMAE=0.176677 | PolarMAE=0.020578 | EMD=0.001256 | MolEMD=0.000411 | R2=0.7524 | LR=2.98e-04 | 67.7s
2026-06-16 10:21:43,129 - INFO - [gatv2_seed0_mse] Epoch  65/200 | Train=0.03884 | Val=0.04697 | wMAE=0.172404 | PolarMAE=0.020300 | EMD=0.001248 | MolEMD=0.000412 | R2=0.7711 | LR=2.97e-04 | 68.3s
2026-06-16 10:22:49,097 - INFO - [gatv2_seed0_mse] Epoch  66/200 | Train=0.03873 | Val=0.04659 | wMAE=0.169170 | PolarMAE=0.020726 | EMD=0.001249 | MolEMD=0.000423 | R2=0.7735 | LR=2.96e-04 | 66.0s
2026-06-16 10:24:00,870 - INFO - [gatv2_seed0_mse] Epoch  67/200 | Train=0.03846 | Val=0.04661 | wMAE=0.169066 | PolarMAE=0.020447 | EMD=0.001244 | MolEMD=0.000418 | R2=0.7755 | LR=2.94e-04 | 71.8s
2026-06-16 10:25:06,254 - INFO - [gatv2_seed0_mse] Epoch  68/200 | Train=0.03844 | Val=0.04594 | wMAE=0.170464 | PolarMAE=0.020182 | EMD=0.001239 | MolEMD=0.000409 | R2=0.7758 | LR=2.93e-04 | 65.4s
2026-06-16 10:26:20,361 - INFO - [gatv2_seed0_mse] Epoch  69/200 | Train=0.03828 | Val=0.04715 | wMAE=0.171415 | PolarMAE=0.020298 | EMD=0.001242 | MolEMD=0.000411 | R2=0.7702 | LR=2.91e-04 | 74.1s
2026-06-16 10:27:25,727 - INFO - [gatv2_seed0_mse] Epoch  70/200 | Train=0.03811 | Val=0.04665 | wMAE=0.171093 | PolarMAE=0.020880 | EMD=0.001260 | MolEMD=0.000407 | R2=0.7745 | LR=2.89e-04 | 65.4s
2026-06-16 10:28:35,723 - INFO - [gatv2_seed0_mse] Epoch  71/200 | Train=0.03782 | Val=0.04694 | wMAE=0.169817 | PolarMAE=0.020555 | EMD=0.001251 | MolEMD=0.000431 | R2=0.7730 | LR=2.86e-04 | 70.0s
2026-06-16 10:29:40,812 - INFO - [gatv2_seed0_mse] Epoch  72/200 | Train=0.03777 | Val=0.04605 | wMAE=0.168838 | PolarMAE=0.020487 | EMD=0.001240 | MolEMD=0.000401 | R2=0.7778 | LR=2.84e-04 | 65.1s
2026-06-16 10:30:48,056 - INFO - [gatv2_seed0_mse] Epoch  73/200 | Train=0.03757 | Val=0.04681 | wMAE=0.170063 | PolarMAE=0.020465 | EMD=0.001244 | MolEMD=0.000414 | R2=0.7725 | LR=2.81e-04 | 67.2s
2026-06-16 10:31:54,218 - INFO - [gatv2_seed0_mse] Epoch  74/200 | Train=0.03746 | Val=0.04541 | wMAE=0.168604 | PolarMAE=0.020806 | EMD=0.001235 | MolEMD=0.000411 | R2=0.7795 | LR=2.78e-04 | 66.2s
2026-06-16 10:32:58,765 - INFO - [gatv2_seed0_mse] Epoch  75/200 | Train=0.03725 | Val=0.04635 | wMAE=0.171110 | PolarMAE=0.020137 | EMD=0.001246 | MolEMD=0.000406 | R2=0.7736 | LR=2.75e-04 | 64.5s
2026-06-16 10:34:04,128 - INFO - [gatv2_seed0_mse] Epoch  76/200 | Train=0.03706 | Val=0.04547 | wMAE=0.169600 | PolarMAE=0.020766 | EMD=0.001265 | MolEMD=0.000406 | R2=0.7789 | LR=2.71e-04 | 65.4s
2026-06-16 10:35:08,771 - INFO - [gatv2_seed0_mse] Epoch  77/200 | Train=0.03708 | Val=0.04525 | wMAE=0.168451 | PolarMAE=0.020734 | EMD=0.001227 | MolEMD=0.000396 | R2=0.7806 | LR=2.68e-04 | 64.6s
2026-06-16 10:35:08,772 - INFO - Early stopping at epoch 77.
2026-06-16 10:35:08,772 - INFO - Loading best checkpoint for test evaluation...
2026-06-16 10:35:42,671 - INFO - [gatv2_seed0_mse] TEST METRICS: {'loss': 0.042061045141174244, 'weighted_r2': 0.7909829020500183, 'weighted_mae': 0.1673545092344284, 'polar_mae': 0.022169454023241997, 'cosine_similarity': 0.8880562384371103, 'emd_raw': 0.0012856318732203471, 'emd_normalized': 0.00128563187322035, 'molecular_mae': 0.6889536203386691, 'molecular_emd': 0.0003716057173723069, 'molecular_cosine': 0.9881054677107395, 'molecular_polar_mae': 0.28988898334350105}
2026-06-16 10:35:42,696 - INFO - Saved results to results/metrics/gatv2_seed0_mse.json
2026-06-16 10:35:59,241 - INFO - Device: cuda
2026-06-16 10:35:59,242 - INFO - Loading cached dataset: /mnt/tank/scratch/ikarpushkina/sigma/ASPEN/data/train_test_val_df/cache/chaos_atomic_train_with_coordinates.parquet.fac02d20b3.pt
2026-06-16 10:36:19,496 - INFO - chaos_atomic_train_with_coordinates.parquet: 36981 molecules, 1077949 atoms, extended=True, RDKit mol valid: 36981/36981 (100.0%)
2026-06-16 10:36:19,497 - INFO - Loading cached dataset: /mnt/tank/scratch/ikarpushkina/sigma/ASPEN/data/train_test_val_df/cache/chaos_atomic_val_with_coordinates.parquet.fac02d20b3.pt
2026-06-16 10:36:22,279 - INFO - chaos_atomic_val_with_coordinates.parquet: 7941 molecules, 235573 atoms, extended=True, RDKit mol valid: 7941/7941 (100.0%)
2026-06-16 10:36:22,280 - INFO - Loading cached dataset: /mnt/tank/scratch/ikarpushkina/sigma/ASPEN/data/train_test_val_df/cache/chaos_atomic_test_with_coordinates.parquet.fac02d20b3.pt
2026-06-16 10:36:26,524 - INFO - chaos_atomic_test_with_coordinates.parquet: 7800 molecules, 221748 atoms, extended=True, RDKit mol valid: 7800/7800 (100.0%)
2026-06-16 10:36:27,331 - INFO - gatv2: 690,981 params (target 695,667, diff 0.7%)
2026-06-16 10:37:32,452 - INFO - [gatv2_seed1_mse] Epoch   1/200 | Train=0.10168 | Val=0.07737 | wMAE=0.233180 | PolarMAE=0.030439 | EMD=0.001881 | MolEMD=0.000756 | R2=0.6124 | LR=2.98e-04 | 65.1s
2026-06-16 10:37:32,514 - INFO -   -> new best (weighted_mae=0.233180), saved results/checkpoints/gatv2_seed1_mse.pt
2026-06-16 10:38:36,849 - INFO - [gatv2_seed1_mse] Epoch   2/200 | Train=0.06707 | Val=0.06694 | wMAE=0.211540 | PolarMAE=0.026380 | EMD=0.001648 | MolEMD=0.000610 | R2=0.6661 | LR=2.93e-04 | 64.3s
2026-06-16 10:38:36,912 - INFO -   -> new best (weighted_mae=0.211540), saved results/checkpoints/gatv2_seed1_mse.pt
2026-06-16 10:39:41,824 - INFO - [gatv2_seed1_mse] Epoch   3/200 | Train=0.06011 | Val=0.06393 | wMAE=0.205973 | PolarMAE=0.024978 | EMD=0.001569 | MolEMD=0.000548 | R2=0.6770 | LR=2.84e-04 | 64.9s
2026-06-16 10:39:41,896 - INFO -   -> new best (weighted_mae=0.205973), saved results/checkpoints/gatv2_seed1_mse.pt
2026-06-16 10:40:46,389 - INFO - [gatv2_seed1_mse] Epoch   4/200 | Train=0.05692 | Val=0.05887 | wMAE=0.197744 | PolarMAE=0.024521 | EMD=0.001519 | MolEMD=0.000534 | R2=0.7110 | LR=2.71e-04 | 64.5s
2026-06-16 10:40:46,457 - INFO -   -> new best (weighted_mae=0.197744), saved results/checkpoints/gatv2_seed1_mse.pt
2026-06-16 10:41:52,174 - INFO - [gatv2_seed1_mse] Epoch   5/200 | Train=0.05459 | Val=0.05709 | wMAE=0.193993 | PolarMAE=0.024932 | EMD=0.001492 | MolEMD=0.000515 | R2=0.7208 | LR=2.56e-04 | 65.7s
2026-06-16 10:41:52,237 - INFO -   -> new best (weighted_mae=0.193993), saved results/checkpoints/gatv2_seed1_mse.pt
2026-06-16 10:42:56,167 - INFO - [gatv2_seed1_mse] Epoch   6/200 | Train=0.05280 | Val=0.05705 | wMAE=0.192884 | PolarMAE=0.024283 | EMD=0.001463 | MolEMD=0.000511 | R2=0.7213 | LR=2.38e-04 | 63.9s
2026-06-16 10:42:56,237 - INFO -   -> new best (weighted_mae=0.192884), saved results/checkpoints/gatv2_seed1_mse.pt
2026-06-16 10:44:00,555 - INFO - [gatv2_seed1_mse] Epoch   7/200 | Train=0.05139 | Val=0.05592 | wMAE=0.191176 | PolarMAE=0.023287 | EMD=0.001442 | MolEMD=0.000489 | R2=0.7250 | LR=2.18e-04 | 64.3s
2026-06-16 10:44:00,618 - INFO -   -> new best (weighted_mae=0.191176), saved results/checkpoints/gatv2_seed1_mse.pt
2026-06-16 10:45:07,630 - INFO - [gatv2_seed1_mse] Epoch   8/200 | Train=0.05017 | Val=0.05489 | wMAE=0.188940 | PolarMAE=0.022683 | EMD=0.001410 | MolEMD=0.000482 | R2=0.7309 | LR=1.97e-04 | 67.0s
2026-06-16 10:45:07,699 - INFO -   -> new best (weighted_mae=0.188940), saved results/checkpoints/gatv2_seed1_mse.pt
2026-06-16 10:46:12,027 - INFO - [gatv2_seed1_mse] Epoch   9/200 | Train=0.04914 | Val=0.05412 | wMAE=0.186841 | PolarMAE=0.023019 | EMD=0.001391 | MolEMD=0.000466 | R2=0.7351 | LR=1.74e-04 | 64.3s
2026-06-16 10:46:12,093 - INFO -   -> new best (weighted_mae=0.186841), saved results/checkpoints/gatv2_seed1_mse.pt
2026-06-16 10:47:22,741 - INFO - [gatv2_seed1_mse] Epoch  10/200 | Train=0.04828 | Val=0.05329 | wMAE=0.185884 | PolarMAE=0.022158 | EMD=0.001371 | MolEMD=0.000458 | R2=0.7376 | LR=1.50e-04 | 70.6s
2026-06-16 10:47:22,815 - INFO -   -> new best (weighted_mae=0.185884), saved results/checkpoints/gatv2_seed1_mse.pt
2026-06-16 10:48:27,141 - INFO - [gatv2_seed1_mse] Epoch  11/200 | Train=0.04746 | Val=0.05350 | wMAE=0.186635 | PolarMAE=0.023334 | EMD=0.001415 | MolEMD=0.000494 | R2=0.7368 | LR=1.27e-04 | 64.3s
2026-06-16 10:49:31,430 - INFO - [gatv2_seed1_mse] Epoch  12/200 | Train=0.04676 | Val=0.05248 | wMAE=0.184097 | PolarMAE=0.022181 | EMD=0.001362 | MolEMD=0.000439 | R2=0.7422 | LR=1.04e-04 | 64.3s
2026-06-16 10:49:31,495 - INFO -   -> new best (weighted_mae=0.184097), saved results/checkpoints/gatv2_seed1_mse.pt
2026-06-16 10:50:30,090 - INFO - [gatv2_seed1_mse] Epoch  13/200 | Train=0.04614 | Val=0.05129 | wMAE=0.181248 | PolarMAE=0.021495 | EMD=0.001334 | MolEMD=0.000430 | R2=0.7489 | LR=8.26e-05 | 58.6s
2026-06-16 10:50:30,153 - INFO -   -> new best (weighted_mae=0.181248), saved results/checkpoints/gatv2_seed1_mse.pt
2026-06-16 10:51:27,458 - INFO - [gatv2_seed1_mse] Epoch  14/200 | Train=0.04557 | Val=0.05136 | wMAE=0.181263 | PolarMAE=0.022222 | EMD=0.001340 | MolEMD=0.000445 | R2=0.7493 | LR=6.26e-05 | 57.3s
2026-06-16 10:52:24,953 - INFO - [gatv2_seed1_mse] Epoch  15/200 | Train=0.04513 | Val=0.05104 | wMAE=0.180693 | PolarMAE=0.021658 | EMD=0.001325 | MolEMD=0.000431 | R2=0.7510 | LR=4.48e-05 | 57.5s
2026-06-16 10:52:25,017 - INFO -   -> new best (weighted_mae=0.180693), saved results/checkpoints/gatv2_seed1_mse.pt
2026-06-16 10:53:23,782 - INFO - [gatv2_seed1_mse] Epoch  16/200 | Train=0.04468 | Val=0.05035 | wMAE=0.179986 | PolarMAE=0.021314 | EMD=0.001318 | MolEMD=0.000424 | R2=0.7543 | LR=2.96e-05 | 58.8s
2026-06-16 10:53:23,846 - INFO -   -> new best (weighted_mae=0.179986), saved results/checkpoints/gatv2_seed1_mse.pt
2026-06-16 10:54:20,853 - INFO - [gatv2_seed1_mse] Epoch  17/200 | Train=0.04441 | Val=0.05022 | wMAE=0.179040 | PolarMAE=0.021205 | EMD=0.001308 | MolEMD=0.000423 | R2=0.7546 | LR=1.73e-05 | 57.0s
2026-06-16 10:54:20,917 - INFO -   -> new best (weighted_mae=0.179040), saved results/checkpoints/gatv2_seed1_mse.pt
2026-06-16 10:55:18,181 - INFO - [gatv2_seed1_mse] Epoch  18/200 | Train=0.04414 | Val=0.05002 | wMAE=0.179130 | PolarMAE=0.021306 | EMD=0.001311 | MolEMD=0.000421 | R2=0.7557 | LR=8.32e-06 | 57.3s
2026-06-16 10:56:21,872 - INFO - [gatv2_seed1_mse] Epoch  19/200 | Train=0.04400 | Val=0.04996 | wMAE=0.178580 | PolarMAE=0.021344 | EMD=0.001308 | MolEMD=0.000420 | R2=0.7562 | LR=2.84e-06 | 63.7s
2026-06-16 10:56:21,937 - INFO -   -> new best (weighted_mae=0.178580), saved results/checkpoints/gatv2_seed1_mse.pt
2026-06-16 10:57:23,802 - INFO - [gatv2_seed1_mse] Epoch  20/200 | Train=0.04388 | Val=0.04988 | wMAE=0.178716 | PolarMAE=0.021290 | EMD=0.001309 | MolEMD=0.000419 | R2=0.7566 | LR=3.00e-04 | 61.9s
2026-06-16 10:58:26,850 - INFO - [gatv2_seed1_mse] Epoch  21/200 | Train=0.04794 | Val=0.05338 | wMAE=0.184992 | PolarMAE=0.022296 | EMD=0.001350 | MolEMD=0.000454 | R2=0.7380 | LR=3.00e-04 | 63.0s
2026-06-16 10:59:29,730 - INFO - [gatv2_seed1_mse] Epoch  22/200 | Train=0.04642 | Val=0.05251 | wMAE=0.184330 | PolarMAE=0.021786 | EMD=0.001370 | MolEMD=0.000439 | R2=0.7399 | LR=2.98e-04 | 62.9s
2026-06-16 11:00:32,838 - INFO - [gatv2_seed1_mse] Epoch  23/200 | Train=0.04567 | Val=0.05071 | wMAE=0.181302 | PolarMAE=0.021788 | EMD=0.001340 | MolEMD=0.000428 | R2=0.7519 | LR=2.96e-04 | 63.1s
2026-06-16 11:01:35,334 - INFO - [gatv2_seed1_mse] Epoch  24/200 | Train=0.04519 | Val=0.05288 | wMAE=0.185184 | PolarMAE=0.021749 | EMD=0.001352 | MolEMD=0.000439 | R2=0.7344 | LR=2.93e-04 | 62.5s
2026-06-16 11:02:38,198 - INFO - [gatv2_seed1_mse] Epoch  25/200 | Train=0.04466 | Val=0.05101 | wMAE=0.180119 | PolarMAE=0.021621 | EMD=0.001323 | MolEMD=0.000439 | R2=0.7507 | LR=2.89e-04 | 62.9s
2026-06-16 11:03:43,585 - INFO - [gatv2_seed1_mse] Epoch  26/200 | Train=0.04419 | Val=0.05048 | wMAE=0.179217 | PolarMAE=0.021684 | EMD=0.001319 | MolEMD=0.000438 | R2=0.7523 | LR=2.84e-04 | 65.4s
2026-06-16 11:04:51,166 - INFO - [gatv2_seed1_mse] Epoch  27/200 | Train=0.04367 | Val=0.05089 | wMAE=0.181108 | PolarMAE=0.021215 | EMD=0.001320 | MolEMD=0.000427 | R2=0.7478 | LR=2.78e-04 | 67.6s
2026-06-16 11:05:55,441 - INFO - [gatv2_seed1_mse] Epoch  28/200 | Train=0.04333 | Val=0.05025 | wMAE=0.177436 | PolarMAE=0.021764 | EMD=0.001303 | MolEMD=0.000445 | R2=0.7538 | LR=2.71e-04 | 64.3s
2026-06-16 11:05:55,505 - INFO -   -> new best (weighted_mae=0.177436), saved results/checkpoints/gatv2_seed1_mse.pt
2026-06-16 11:07:02,072 - INFO - [gatv2_seed1_mse] Epoch  29/200 | Train=0.04288 | Val=0.05049 | wMAE=0.180243 | PolarMAE=0.021490 | EMD=0.001315 | MolEMD=0.000443 | R2=0.7496 | LR=2.64e-04 | 66.6s
2026-06-16 11:08:06,013 - INFO - [gatv2_seed1_mse] Epoch  30/200 | Train=0.04245 | Val=0.04879 | wMAE=0.175926 | PolarMAE=0.021149 | EMD=0.001296 | MolEMD=0.000421 | R2=0.7621 | LR=2.56e-04 | 63.9s
2026-06-16 11:08:06,143 - INFO -   -> new best (weighted_mae=0.175926), saved results/checkpoints/gatv2_seed1_mse.pt
2026-06-16 11:09:11,024 - INFO - [gatv2_seed1_mse] Epoch  31/200 | Train=0.04197 | Val=0.04880 | wMAE=0.176180 | PolarMAE=0.021165 | EMD=0.001292 | MolEMD=0.000426 | R2=0.7616 | LR=2.48e-04 | 64.9s
2026-06-16 11:10:17,798 - INFO - [gatv2_seed1_mse] Epoch  32/200 | Train=0.04173 | Val=0.04824 | wMAE=0.175839 | PolarMAE=0.021468 | EMD=0.001287 | MolEMD=0.000416 | R2=0.7635 | LR=2.38e-04 | 66.8s
2026-06-16 11:10:17,864 - INFO -   -> new best (weighted_mae=0.175839), saved results/checkpoints/gatv2_seed1_mse.pt
2026-06-16 11:11:23,148 - INFO - [gatv2_seed1_mse] Epoch  33/200 | Train=0.04126 | Val=0.04910 | wMAE=0.177492 | PolarMAE=0.021576 | EMD=0.001297 | MolEMD=0.000439 | R2=0.7584 | LR=2.29e-04 | 65.3s
2026-06-16 11:12:33,585 - INFO - [gatv2_seed1_mse] Epoch  34/200 | Train=0.04098 | Val=0.04774 | wMAE=0.173684 | PolarMAE=0.021225 | EMD=0.001287 | MolEMD=0.000420 | R2=0.7679 | LR=2.18e-04 | 70.4s
2026-06-16 11:12:33,650 - INFO -   -> new best (weighted_mae=0.173684), saved results/checkpoints/gatv2_seed1_mse.pt
2026-06-16 11:13:41,488 - INFO - [gatv2_seed1_mse] Epoch  35/200 | Train=0.04066 | Val=0.04758 | wMAE=0.174010 | PolarMAE=0.020916 | EMD=0.001282 | MolEMD=0.000422 | R2=0.7673 | LR=2.08e-04 | 67.8s
2026-06-16 11:14:51,238 - INFO - [gatv2_seed1_mse] Epoch  36/200 | Train=0.04031 | Val=0.04728 | wMAE=0.172803 | PolarMAE=0.020711 | EMD=0.001267 | MolEMD=0.000412 | R2=0.7695 | LR=1.97e-04 | 69.7s
2026-06-16 11:14:51,301 - INFO -   -> new best (weighted_mae=0.172803), saved results/checkpoints/gatv2_seed1_mse.pt
2026-06-16 11:15:57,858 - INFO - [gatv2_seed1_mse] Epoch  37/200 | Train=0.04003 | Val=0.04706 | wMAE=0.172385 | PolarMAE=0.020954 | EMD=0.001263 | MolEMD=0.000406 | R2=0.7713 | LR=1.85e-04 | 66.6s
2026-06-16 11:15:57,920 - INFO -   -> new best (weighted_mae=0.172385), saved results/checkpoints/gatv2_seed1_mse.pt
2026-06-16 11:17:02,528 - INFO - [gatv2_seed1_mse] Epoch  38/200 | Train=0.03973 | Val=0.04882 | wMAE=0.177490 | PolarMAE=0.020923 | EMD=0.001294 | MolEMD=0.000414 | R2=0.7558 | LR=1.74e-04 | 64.6s
2026-06-16 11:18:10,782 - INFO - [gatv2_seed1_mse] Epoch  39/200 | Train=0.03945 | Val=0.04677 | wMAE=0.171501 | PolarMAE=0.020417 | EMD=0.001250 | MolEMD=0.000401 | R2=0.7707 | LR=1.62e-04 | 68.3s
2026-06-16 11:18:10,848 - INFO -   -> new best (weighted_mae=0.171501), saved results/checkpoints/gatv2_seed1_mse.pt
2026-06-16 11:19:18,588 - INFO - [gatv2_seed1_mse] Epoch  40/200 | Train=0.03915 | Val=0.04692 | wMAE=0.171959 | PolarMAE=0.020950 | EMD=0.001268 | MolEMD=0.000417 | R2=0.7717 | LR=1.50e-04 | 67.7s
2026-06-16 11:20:19,726 - INFO - [gatv2_seed1_mse] Epoch  41/200 | Train=0.03889 | Val=0.04655 | wMAE=0.171087 | PolarMAE=0.020294 | EMD=0.001242 | MolEMD=0.000402 | R2=0.7727 | LR=1.39e-04 | 61.1s
2026-06-16 11:20:19,787 - INFO -   -> new best (weighted_mae=0.171087), saved results/checkpoints/gatv2_seed1_mse.pt
2026-06-16 11:21:22,490 - INFO - [gatv2_seed1_mse] Epoch  42/200 | Train=0.03858 | Val=0.04690 | wMAE=0.173020 | PolarMAE=0.020210 | EMD=0.001259 | MolEMD=0.000406 | R2=0.7688 | LR=1.27e-04 | 62.7s
2026-06-16 11:22:24,125 - INFO - [gatv2_seed1_mse] Epoch  43/200 | Train=0.03840 | Val=0.04576 | wMAE=0.169923 | PolarMAE=0.020351 | EMD=0.001239 | MolEMD=0.000395 | R2=0.7769 | LR=1.16e-04 | 61.6s
2026-06-16 11:22:24,194 - INFO -   -> new best (weighted_mae=0.169923), saved results/checkpoints/gatv2_seed1_mse.pt
2026-06-16 11:23:25,623 - INFO - [gatv2_seed1_mse] Epoch  44/200 | Train=0.03813 | Val=0.04604 | wMAE=0.170613 | PolarMAE=0.020192 | EMD=0.001243 | MolEMD=0.000399 | R2=0.7747 | LR=1.04e-04 | 61.4s
2026-06-16 11:24:27,171 - INFO - [gatv2_seed1_mse] Epoch  45/200 | Train=0.03792 | Val=0.04584 | wMAE=0.169689 | PolarMAE=0.020317 | EMD=0.001234 | MolEMD=0.000404 | R2=0.7763 | LR=9.33e-05 | 61.5s
2026-06-16 11:24:27,235 - INFO -   -> new best (weighted_mae=0.169689), saved results/checkpoints/gatv2_seed1_mse.pt
2026-06-16 11:25:29,054 - INFO - [gatv2_seed1_mse] Epoch  46/200 | Train=0.03777 | Val=0.04580 | wMAE=0.169035 | PolarMAE=0.020317 | EMD=0.001234 | MolEMD=0.000397 | R2=0.7768 | LR=8.26e-05 | 61.8s
2026-06-16 11:25:29,120 - INFO -   -> new best (weighted_mae=0.169035), saved results/checkpoints/gatv2_seed1_mse.pt
2026-06-16 11:26:32,026 - INFO - [gatv2_seed1_mse] Epoch  47/200 | Train=0.03760 | Val=0.04584 | wMAE=0.169144 | PolarMAE=0.020164 | EMD=0.001228 | MolEMD=0.000398 | R2=0.7761 | LR=7.24e-05 | 62.9s
2026-06-16 11:27:37,020 - INFO - [gatv2_seed1_mse] Epoch  48/200 | Train=0.03738 | Val=0.04554 | wMAE=0.168873 | PolarMAE=0.020032 | EMD=0.001232 | MolEMD=0.000400 | R2=0.7785 | LR=6.26e-05 | 65.0s
2026-06-16 11:27:37,085 - INFO -   -> new best (weighted_mae=0.168873), saved results/checkpoints/gatv2_seed1_mse.pt
2026-06-16 11:28:43,462 - INFO - [gatv2_seed1_mse] Epoch  49/200 | Train=0.03720 | Val=0.04541 | wMAE=0.168618 | PolarMAE=0.020169 | EMD=0.001223 | MolEMD=0.000396 | R2=0.7786 | LR=5.34e-05 | 66.4s
2026-06-16 11:28:43,525 - INFO -   -> new best (weighted_mae=0.168618), saved results/checkpoints/gatv2_seed1_mse.pt
2026-06-16 11:29:47,936 - INFO - [gatv2_seed1_mse] Epoch  50/200 | Train=0.03707 | Val=0.04517 | wMAE=0.168500 | PolarMAE=0.020100 | EMD=0.001220 | MolEMD=0.000394 | R2=0.7801 | LR=4.48e-05 | 64.4s
2026-06-16 11:29:47,998 - INFO -   -> new best (weighted_mae=0.168500), saved results/checkpoints/gatv2_seed1_mse.pt
2026-06-16 11:30:53,429 - INFO - [gatv2_seed1_mse] Epoch  51/200 | Train=0.03694 | Val=0.04512 | wMAE=0.168381 | PolarMAE=0.020098 | EMD=0.001227 | MolEMD=0.000397 | R2=0.7800 | LR=3.68e-05 | 65.4s
2026-06-16 11:30:53,495 - INFO -   -> new best (weighted_mae=0.168381), saved results/checkpoints/gatv2_seed1_mse.pt
2026-06-16 11:32:02,541 - INFO - [gatv2_seed1_mse] Epoch  52/200 | Train=0.03682 | Val=0.04492 | wMAE=0.167961 | PolarMAE=0.020073 | EMD=0.001220 | MolEMD=0.000390 | R2=0.7810 | LR=2.96e-05 | 69.0s
2026-06-16 11:32:02,622 - INFO -   -> new best (weighted_mae=0.167961), saved results/checkpoints/gatv2_seed1_mse.pt
2026-06-16 11:33:11,817 - INFO - [gatv2_seed1_mse] Epoch  53/200 | Train=0.03671 | Val=0.04522 | wMAE=0.167728 | PolarMAE=0.020072 | EMD=0.001217 | MolEMD=0.000394 | R2=0.7802 | LR=2.30e-05 | 69.2s
2026-06-16 11:33:11,885 - INFO -   -> new best (weighted_mae=0.167728), saved results/checkpoints/gatv2_seed1_mse.pt
2026-06-16 11:34:14,848 - INFO - [gatv2_seed1_mse] Epoch  54/200 | Train=0.03660 | Val=0.04509 | wMAE=0.167752 | PolarMAE=0.020025 | EMD=0.001217 | MolEMD=0.000390 | R2=0.7804 | LR=1.73e-05 | 63.0s
2026-06-16 11:35:15,651 - INFO - [gatv2_seed1_mse] Epoch  55/200 | Train=0.03653 | Val=0.04483 | wMAE=0.167273 | PolarMAE=0.020064 | EMD=0.001218 | MolEMD=0.000391 | R2=0.7822 | LR=1.24e-05 | 60.8s
2026-06-16 11:35:15,740 - INFO -   -> new best (weighted_mae=0.167273), saved results/checkpoints/gatv2_seed1_mse.pt
2026-06-16 11:36:22,320 - INFO - [gatv2_seed1_mse] Epoch  56/200 | Train=0.03645 | Val=0.04481 | wMAE=0.167246 | PolarMAE=0.020067 | EMD=0.001216 | MolEMD=0.000390 | R2=0.7819 | LR=8.32e-06 | 66.6s
2026-06-16 11:36:22,385 - INFO -   -> new best (weighted_mae=0.167246), saved results/checkpoints/gatv2_seed1_mse.pt
2026-06-16 11:37:28,419 - INFO - [gatv2_seed1_mse] Epoch  57/200 | Train=0.03642 | Val=0.04478 | wMAE=0.167169 | PolarMAE=0.020061 | EMD=0.001215 | MolEMD=0.000390 | R2=0.7824 | LR=5.13e-06 | 66.0s
2026-06-16 11:37:28,487 - INFO -   -> new best (weighted_mae=0.167169), saved results/checkpoints/gatv2_seed1_mse.pt
2026-06-16 11:38:33,489 - INFO - [gatv2_seed1_mse] Epoch  58/200 | Train=0.03635 | Val=0.04477 | wMAE=0.167065 | PolarMAE=0.020009 | EMD=0.001213 | MolEMD=0.000390 | R2=0.7824 | LR=2.84e-06 | 65.0s
2026-06-16 11:38:33,552 - INFO -   -> new best (weighted_mae=0.167065), saved results/checkpoints/gatv2_seed1_mse.pt
2026-06-16 11:39:42,293 - INFO - [gatv2_seed1_mse] Epoch  59/200 | Train=0.03632 | Val=0.04479 | wMAE=0.167088 | PolarMAE=0.020007 | EMD=0.001213 | MolEMD=0.000388 | R2=0.7822 | LR=1.46e-06 | 68.7s
2026-06-16 11:40:50,883 - INFO - [gatv2_seed1_mse] Epoch  60/200 | Train=0.03629 | Val=0.04476 | wMAE=0.167027 | PolarMAE=0.019975 | EMD=0.001213 | MolEMD=0.000388 | R2=0.7824 | LR=3.00e-04 | 68.6s
2026-06-16 11:40:50,952 - INFO -   -> new best (weighted_mae=0.167027), saved results/checkpoints/gatv2_seed1_mse.pt
2026-06-16 11:42:03,732 - INFO - [gatv2_seed1_mse] Epoch  61/200 | Train=0.04031 | Val=0.04759 | wMAE=0.173457 | PolarMAE=0.021001 | EMD=0.001279 | MolEMD=0.000420 | R2=0.7669 | LR=3.00e-04 | 72.8s
2026-06-16 11:43:10,767 - INFO - [gatv2_seed1_mse] Epoch  62/200 | Train=0.03938 | Val=0.04752 | wMAE=0.172599 | PolarMAE=0.020785 | EMD=0.001264 | MolEMD=0.000412 | R2=0.7674 | LR=3.00e-04 | 67.0s
2026-06-16 11:44:17,618 - INFO - [gatv2_seed1_mse] Epoch  63/200 | Train=0.03905 | Val=0.04619 | wMAE=0.170430 | PolarMAE=0.020742 | EMD=0.001246 | MolEMD=0.000410 | R2=0.7756 | LR=2.99e-04 | 66.8s
2026-06-16 11:45:30,464 - INFO - [gatv2_seed1_mse] Epoch  64/200 | Train=0.03882 | Val=0.04637 | wMAE=0.171289 | PolarMAE=0.021575 | EMD=0.001288 | MolEMD=0.000418 | R2=0.7741 | LR=2.98e-04 | 72.8s
2026-06-16 11:46:35,803 - INFO - [gatv2_seed1_mse] Epoch  65/200 | Train=0.03859 | Val=0.04641 | wMAE=0.171210 | PolarMAE=0.020507 | EMD=0.001249 | MolEMD=0.000412 | R2=0.7723 | LR=2.97e-04 | 65.3s
2026-06-16 11:47:43,965 - INFO - [gatv2_seed1_mse] Epoch  66/200 | Train=0.03848 | Val=0.04719 | wMAE=0.172933 | PolarMAE=0.020614 | EMD=0.001256 | MolEMD=0.000406 | R2=0.7699 | LR=2.96e-04 | 68.2s
2026-06-16 11:48:53,130 - INFO - [gatv2_seed1_mse] Epoch  67/200 | Train=0.03839 | Val=0.04609 | wMAE=0.169642 | PolarMAE=0.020527 | EMD=0.001243 | MolEMD=0.000408 | R2=0.7755 | LR=2.94e-04 | 69.2s
2026-06-16 11:49:57,325 - INFO - [gatv2_seed1_mse] Epoch  68/200 | Train=0.03807 | Val=0.04581 | wMAE=0.169455 | PolarMAE=0.021050 | EMD=0.001256 | MolEMD=0.000431 | R2=0.7774 | LR=2.93e-04 | 64.2s
2026-06-16 11:51:09,451 - INFO - [gatv2_seed1_mse] Epoch  69/200 | Train=0.03805 | Val=0.04542 | wMAE=0.168713 | PolarMAE=0.020572 | EMD=0.001249 | MolEMD=0.000401 | R2=0.7787 | LR=2.91e-04 | 72.1s
2026-06-16 11:52:14,271 - INFO - [gatv2_seed1_mse] Epoch  70/200 | Train=0.03783 | Val=0.04550 | wMAE=0.169057 | PolarMAE=0.020087 | EMD=0.001228 | MolEMD=0.000399 | R2=0.7787 | LR=2.89e-04 | 64.8s
2026-06-16 11:53:18,952 - INFO - [gatv2_seed1_mse] Epoch  71/200 | Train=0.03767 | Val=0.04649 | wMAE=0.170785 | PolarMAE=0.020486 | EMD=0.001249 | MolEMD=0.000406 | R2=0.7713 | LR=2.86e-04 | 64.7s
2026-06-16 11:54:37,124 - INFO - [gatv2_seed1_mse] Epoch  72/200 | Train=0.03748 | Val=0.04544 | wMAE=0.169281 | PolarMAE=0.020294 | EMD=0.001233 | MolEMD=0.000406 | R2=0.7796 | LR=2.84e-04 | 78.2s
2026-06-16 11:55:43,759 - INFO - [gatv2_seed1_mse] Epoch  73/200 | Train=0.03736 | Val=0.04589 | wMAE=0.169740 | PolarMAE=0.020335 | EMD=0.001241 | MolEMD=0.000406 | R2=0.7763 | LR=2.81e-04 | 66.6s
2026-06-16 11:56:56,873 - INFO - [gatv2_seed1_mse] Epoch  74/200 | Train=0.03724 | Val=0.04580 | wMAE=0.168737 | PolarMAE=0.020129 | EMD=0.001226 | MolEMD=0.000399 | R2=0.7778 | LR=2.78e-04 | 73.1s
2026-06-16 11:58:02,228 - INFO - [gatv2_seed1_mse] Epoch  75/200 | Train=0.03723 | Val=0.04533 | wMAE=0.167729 | PolarMAE=0.020158 | EMD=0.001223 | MolEMD=0.000403 | R2=0.7799 | LR=2.75e-04 | 65.4s
2026-06-16 11:59:08,749 - INFO - [gatv2_seed1_mse] Epoch  76/200 | Train=0.03703 | Val=0.04578 | wMAE=0.169956 | PolarMAE=0.020025 | EMD=0.001234 | MolEMD=0.000403 | R2=0.7763 | LR=2.71e-04 | 66.5s
2026-06-16 12:00:19,804 - INFO - [gatv2_seed1_mse] Epoch  77/200 | Train=0.03696 | Val=0.04611 | wMAE=0.172043 | PolarMAE=0.020479 | EMD=0.001254 | MolEMD=0.000402 | R2=0.7720 | LR=2.68e-04 | 71.1s
2026-06-16 12:01:24,780 - INFO - [gatv2_seed1_mse] Epoch  78/200 | Train=0.03671 | Val=0.04582 | wMAE=0.169024 | PolarMAE=0.020233 | EMD=0.001222 | MolEMD=0.000405 | R2=0.7765 | LR=2.64e-04 | 65.0s
2026-06-16 12:02:39,272 - INFO - [gatv2_seed1_mse] Epoch  79/200 | Train=0.03651 | Val=0.04514 | wMAE=0.167258 | PolarMAE=0.020138 | EMD=0.001211 | MolEMD=0.000395 | R2=0.7806 | LR=2.60e-04 | 74.5s
2026-06-16 12:03:45,890 - INFO - [gatv2_seed1_mse] Epoch  80/200 | Train=0.03635 | Val=0.04508 | wMAE=0.167191 | PolarMAE=0.020511 | EMD=0.001217 | MolEMD=0.000400 | R2=0.7816 | LR=2.56e-04 | 66.6s
2026-06-16 12:03:45,891 - INFO - Early stopping at epoch 80.
2026-06-16 12:03:45,891 - INFO - Loading best checkpoint for test evaluation...
2026-06-16 12:04:20,161 - INFO - [gatv2_seed1_mse] TEST METRICS: {'loss': 0.04163360151533897, 'weighted_r2': 0.7928171753883362, 'weighted_mae': 0.16704224050045013, 'polar_mae': 0.022113043814897537, 'cosine_similarity': 0.8881860524773545, 'emd_raw': 0.0012845295439234549, 'emd_normalized': 0.0012845295439234577, 'molecular_mae': 0.6850950506310433, 'molecular_emd': 0.0003692355134967347, 'molecular_cosine': 0.9883762398514992, 'molecular_polar_mae': 0.2892852824473252}
2026-06-16 12:04:20,167 - INFO - Saved results to results/metrics/gatv2_seed1_mse.json
2026-06-16 12:04:33,960 - INFO - Device: cuda
2026-06-16 12:04:33,961 - INFO - Loading cached dataset: /mnt/tank/scratch/ikarpushkina/sigma/ASPEN/data/train_test_val_df/cache/chaos_atomic_train_with_coordinates.parquet.fac02d20b3.pt
2026-06-16 12:05:39,055 - INFO - chaos_atomic_train_with_coordinates.parquet: 36981 molecules, 1077949 atoms, extended=True, RDKit mol valid: 36981/36981 (100.0%)
2026-06-16 12:05:39,056 - INFO - Loading cached dataset: /mnt/tank/scratch/ikarpushkina/sigma/ASPEN/data/train_test_val_df/cache/chaos_atomic_val_with_coordinates.parquet.fac02d20b3.pt
2026-06-16 12:05:51,624 - INFO - chaos_atomic_val_with_coordinates.parquet: 7941 molecules, 235573 atoms, extended=True, RDKit mol valid: 7941/7941 (100.0%)
2026-06-16 12:05:51,624 - INFO - Loading cached dataset: /mnt/tank/scratch/ikarpushkina/sigma/ASPEN/data/train_test_val_df/cache/chaos_atomic_test_with_coordinates.parquet.fac02d20b3.pt
2026-06-16 12:06:06,376 - INFO - chaos_atomic_test_with_coordinates.parquet: 7800 molecules, 221748 atoms, extended=True, RDKit mol valid: 7800/7800 (100.0%)
2026-06-16 12:06:07,192 - INFO - gatv2: 690,981 params (target 695,667, diff 0.7%)
2026-06-16 12:07:16,124 - INFO - [gatv2_seed2_mse] Epoch   1/200 | Train=0.09939 | Val=0.07510 | wMAE=0.226298 | PolarMAE=0.031235 | EMD=0.001884 | MolEMD=0.000760 | R2=0.6221 | LR=2.98e-04 | 68.9s
2026-06-16 12:07:16,220 - INFO -   -> new best (weighted_mae=0.226298), saved results/checkpoints/gatv2_seed2_mse.pt
2026-06-16 12:08:21,560 - INFO - [gatv2_seed2_mse] Epoch   2/200 | Train=0.06710 | Val=0.06864 | wMAE=0.211872 | PolarMAE=0.028000 | EMD=0.001741 | MolEMD=0.000731 | R2=0.6544 | LR=2.93e-04 | 65.3s
2026-06-16 12:08:21,627 - INFO -   -> new best (weighted_mae=0.211872), saved results/checkpoints/gatv2_seed2_mse.pt
2026-06-16 12:09:30,614 - INFO - [gatv2_seed2_mse] Epoch   3/200 | Train=0.06121 | Val=0.06219 | wMAE=0.202143 | PolarMAE=0.026602 | EMD=0.001591 | MolEMD=0.000562 | R2=0.6939 | LR=2.84e-04 | 69.0s
2026-06-16 12:09:30,680 - INFO -   -> new best (weighted_mae=0.202143), saved results/checkpoints/gatv2_seed2_mse.pt
2026-06-16 12:10:38,487 - INFO - [gatv2_seed2_mse] Epoch   4/200 | Train=0.05770 | Val=0.06302 | wMAE=0.203301 | PolarMAE=0.026442 | EMD=0.001635 | MolEMD=0.000612 | R2=0.6844 | LR=2.71e-04 | 67.8s
2026-06-16 12:11:44,665 - INFO - [gatv2_seed2_mse] Epoch   5/200 | Train=0.05550 | Val=0.05827 | wMAE=0.193739 | PolarMAE=0.023668 | EMD=0.001497 | MolEMD=0.000512 | R2=0.7137 | LR=2.56e-04 | 66.2s
2026-06-16 12:11:44,728 - INFO -   -> new best (weighted_mae=0.193739), saved results/checkpoints/gatv2_seed2_mse.pt
2026-06-16 12:12:55,928 - INFO - [gatv2_seed2_mse] Epoch   6/200 | Train=0.05365 | Val=0.05970 | wMAE=0.199102 | PolarMAE=0.024128 | EMD=0.001526 | MolEMD=0.000516 | R2=0.6997 | LR=2.38e-04 | 71.2s
2026-06-16 12:14:04,743 - INFO - [gatv2_seed2_mse] Epoch   7/200 | Train=0.05231 | Val=0.05639 | wMAE=0.191011 | PolarMAE=0.023856 | EMD=0.001471 | MolEMD=0.000492 | R2=0.7232 | LR=2.18e-04 | 68.8s
2026-06-16 12:14:04,806 - INFO -   -> new best (weighted_mae=0.191011), saved results/checkpoints/gatv2_seed2_mse.pt
2026-06-16 12:15:10,729 - INFO - [gatv2_seed2_mse] Epoch   8/200 | Train=0.05083 | Val=0.05570 | wMAE=0.189704 | PolarMAE=0.023077 | EMD=0.001451 | MolEMD=0.000481 | R2=0.7263 | LR=1.97e-04 | 65.9s
2026-06-16 12:15:10,795 - INFO -   -> new best (weighted_mae=0.189704), saved results/checkpoints/gatv2_seed2_mse.pt
2026-06-16 12:16:22,508 - INFO - [gatv2_seed2_mse] Epoch   9/200 | Train=0.04975 | Val=0.05446 | wMAE=0.187919 | PolarMAE=0.023194 | EMD=0.001395 | MolEMD=0.000471 | R2=0.7334 | LR=1.74e-04 | 71.7s
2026-06-16 12:16:22,573 - INFO -   -> new best (weighted_mae=0.187919), saved results/checkpoints/gatv2_seed2_mse.pt
2026-06-16 12:17:31,115 - INFO - [gatv2_seed2_mse] Epoch  10/200 | Train=0.04875 | Val=0.05357 | wMAE=0.186486 | PolarMAE=0.021973 | EMD=0.001381 | MolEMD=0.000448 | R2=0.7374 | LR=1.50e-04 | 68.5s
2026-06-16 12:17:31,178 - INFO -   -> new best (weighted_mae=0.186486), saved results/checkpoints/gatv2_seed2_mse.pt
2026-06-16 12:18:38,746 - INFO - [gatv2_seed2_mse] Epoch  11/200 | Train=0.04790 | Val=0.05263 | wMAE=0.184925 | PolarMAE=0.021755 | EMD=0.001366 | MolEMD=0.000441 | R2=0.7424 | LR=1.27e-04 | 67.6s
2026-06-16 12:18:38,813 - INFO -   -> new best (weighted_mae=0.184925), saved results/checkpoints/gatv2_seed2_mse.pt
2026-06-16 12:19:51,359 - INFO - [gatv2_seed2_mse] Epoch  12/200 | Train=0.04719 | Val=0.05195 | wMAE=0.183090 | PolarMAE=0.021657 | EMD=0.001344 | MolEMD=0.000443 | R2=0.7458 | LR=1.04e-04 | 72.5s
2026-06-16 12:19:51,423 - INFO -   -> new best (weighted_mae=0.183090), saved results/checkpoints/gatv2_seed2_mse.pt
2026-06-16 12:20:56,820 - INFO - [gatv2_seed2_mse] Epoch  13/200 | Train=0.04653 | Val=0.05139 | wMAE=0.181482 | PolarMAE=0.022209 | EMD=0.001348 | MolEMD=0.000439 | R2=0.7497 | LR=8.26e-05 | 65.4s
2026-06-16 12:20:56,885 - INFO -   -> new best (weighted_mae=0.181482), saved results/checkpoints/gatv2_seed2_mse.pt
2026-06-16 12:22:03,716 - INFO - [gatv2_seed2_mse] Epoch  14/200 | Train=0.04600 | Val=0.05117 | wMAE=0.181357 | PolarMAE=0.021766 | EMD=0.001330 | MolEMD=0.000433 | R2=0.7498 | LR=6.26e-05 | 66.8s
2026-06-16 12:22:03,777 - INFO -   -> new best (weighted_mae=0.181357), saved results/checkpoints/gatv2_seed2_mse.pt
2026-06-16 12:23:16,638 - INFO - [gatv2_seed2_mse] Epoch  15/200 | Train=0.04550 | Val=0.05082 | wMAE=0.180290 | PolarMAE=0.021425 | EMD=0.001317 | MolEMD=0.000424 | R2=0.7528 | LR=4.48e-05 | 72.9s
2026-06-16 12:23:16,706 - INFO -   -> new best (weighted_mae=0.180290), saved results/checkpoints/gatv2_seed2_mse.pt
2026-06-16 12:24:27,449 - INFO - [gatv2_seed2_mse] Epoch  16/200 | Train=0.04513 | Val=0.05036 | wMAE=0.179611 | PolarMAE=0.021452 | EMD=0.001316 | MolEMD=0.000424 | R2=0.7546 | LR=2.96e-05 | 70.7s
2026-06-16 12:24:27,514 - INFO -   -> new best (weighted_mae=0.179611), saved results/checkpoints/gatv2_seed2_mse.pt
2026-06-16 12:25:36,552 - INFO - [gatv2_seed2_mse] Epoch  17/200 | Train=0.04480 | Val=0.05034 | wMAE=0.179133 | PolarMAE=0.021577 | EMD=0.001314 | MolEMD=0.000423 | R2=0.7537 | LR=1.73e-05 | 69.0s
2026-06-16 12:25:36,621 - INFO -   -> new best (weighted_mae=0.179133), saved results/checkpoints/gatv2_seed2_mse.pt
2026-06-16 12:26:35,284 - INFO - [gatv2_seed2_mse] Epoch  18/200 | Train=0.04455 | Val=0.05002 | wMAE=0.178889 | PolarMAE=0.021320 | EMD=0.001314 | MolEMD=0.000419 | R2=0.7566 | LR=8.32e-06 | 58.7s
2026-06-16 12:26:35,344 - INFO -   -> new best (weighted_mae=0.178889), saved results/checkpoints/gatv2_seed2_mse.pt
2026-06-16 12:27:32,924 - INFO - [gatv2_seed2_mse] Epoch  19/200 | Train=0.04438 | Val=0.04994 | wMAE=0.178546 | PolarMAE=0.021329 | EMD=0.001311 | MolEMD=0.000419 | R2=0.7570 | LR=2.84e-06 | 57.6s
2026-06-16 12:27:32,988 - INFO -   -> new best (weighted_mae=0.178546), saved results/checkpoints/gatv2_seed2_mse.pt
2026-06-16 12:28:30,824 - INFO - [gatv2_seed2_mse] Epoch  20/200 | Train=0.04432 | Val=0.04990 | wMAE=0.178436 | PolarMAE=0.021315 | EMD=0.001308 | MolEMD=0.000418 | R2=0.7572 | LR=3.00e-04 | 57.8s
2026-06-16 12:28:30,888 - INFO -   -> new best (weighted_mae=0.178436), saved results/checkpoints/gatv2_seed2_mse.pt
2026-06-16 12:29:29,000 - INFO - [gatv2_seed2_mse] Epoch  21/200 | Train=0.04814 | Val=0.05201 | wMAE=0.182191 | PolarMAE=0.021275 | EMD=0.001331 | MolEMD=0.000458 | R2=0.7452 | LR=3.00e-04 | 58.1s
2026-06-16 12:30:26,463 - INFO - [gatv2_seed2_mse] Epoch  22/200 | Train=0.04687 | Val=0.05326 | wMAE=0.185420 | PolarMAE=0.022127 | EMD=0.001355 | MolEMD=0.000446 | R2=0.7353 | LR=2.98e-04 | 57.5s
2026-06-16 12:31:26,406 - INFO - [gatv2_seed2_mse] Epoch  23/200 | Train=0.04609 | Val=0.05172 | wMAE=0.184020 | PolarMAE=0.022319 | EMD=0.001376 | MolEMD=0.000441 | R2=0.7448 | LR=2.96e-04 | 59.9s
2026-06-16 12:32:25,159 - INFO - [gatv2_seed2_mse] Epoch  24/200 | Train=0.04542 | Val=0.05020 | wMAE=0.180203 | PolarMAE=0.021989 | EMD=0.001346 | MolEMD=0.000432 | R2=0.7537 | LR=2.93e-04 | 58.8s
2026-06-16 12:33:22,825 - INFO - [gatv2_seed2_mse] Epoch  25/200 | Train=0.04497 | Val=0.05051 | wMAE=0.179208 | PolarMAE=0.021021 | EMD=0.001299 | MolEMD=0.000437 | R2=0.7535 | LR=2.89e-04 | 57.7s
2026-06-16 12:34:20,845 - INFO - [gatv2_seed2_mse] Epoch  26/200 | Train=0.04442 | Val=0.05057 | wMAE=0.180841 | PolarMAE=0.021581 | EMD=0.001332 | MolEMD=0.000445 | R2=0.7513 | LR=2.84e-04 | 58.0s
2026-06-16 12:35:19,910 - INFO - [gatv2_seed2_mse] Epoch  27/200 | Train=0.04394 | Val=0.04898 | wMAE=0.177126 | PolarMAE=0.021271 | EMD=0.001308 | MolEMD=0.000424 | R2=0.7603 | LR=2.78e-04 | 59.1s
2026-06-16 12:35:19,972 - INFO -   -> new best (weighted_mae=0.177126), saved results/checkpoints/gatv2_seed2_mse.pt
2026-06-16 12:36:17,651 - INFO - [gatv2_seed2_mse] Epoch  28/200 | Train=0.04351 | Val=0.04981 | wMAE=0.179306 | PolarMAE=0.021396 | EMD=0.001325 | MolEMD=0.000421 | R2=0.7537 | LR=2.71e-04 | 57.7s
2026-06-16 12:37:15,633 - INFO - [gatv2_seed2_mse] Epoch  29/200 | Train=0.04306 | Val=0.04946 | wMAE=0.177227 | PolarMAE=0.021694 | EMD=0.001320 | MolEMD=0.000433 | R2=0.7594 | LR=2.64e-04 | 58.0s
2026-06-16 12:38:13,344 - INFO - [gatv2_seed2_mse] Epoch  30/200 | Train=0.04259 | Val=0.04876 | wMAE=0.175601 | PolarMAE=0.020968 | EMD=0.001286 | MolEMD=0.000422 | R2=0.7619 | LR=2.56e-04 | 57.7s
2026-06-16 12:38:13,408 - INFO -   -> new best (weighted_mae=0.175601), saved results/checkpoints/gatv2_seed2_mse.pt
2026-06-16 12:39:11,615 - INFO - [gatv2_seed2_mse] Epoch  31/200 | Train=0.04224 | Val=0.04908 | wMAE=0.177181 | PolarMAE=0.021438 | EMD=0.001308 | MolEMD=0.000420 | R2=0.7599 | LR=2.48e-04 | 58.2s
2026-06-16 12:40:09,401 - INFO - [gatv2_seed2_mse] Epoch  32/200 | Train=0.04195 | Val=0.04823 | wMAE=0.174882 | PolarMAE=0.021182 | EMD=0.001284 | MolEMD=0.000411 | R2=0.7650 | LR=2.38e-04 | 57.8s
2026-06-16 12:40:09,465 - INFO -   -> new best (weighted_mae=0.174882), saved results/checkpoints/gatv2_seed2_mse.pt
2026-06-16 12:41:08,032 - INFO - [gatv2_seed2_mse] Epoch  33/200 | Train=0.04165 | Val=0.04905 | wMAE=0.176885 | PolarMAE=0.021336 | EMD=0.001298 | MolEMD=0.000424 | R2=0.7602 | LR=2.29e-04 | 58.6s
2026-06-16 12:42:05,849 - INFO - [gatv2_seed2_mse] Epoch  34/200 | Train=0.04127 | Val=0.04795 | wMAE=0.174889 | PolarMAE=0.021022 | EMD=0.001290 | MolEMD=0.000423 | R2=0.7663 | LR=2.18e-04 | 57.8s
2026-06-16 12:43:03,199 - INFO - [gatv2_seed2_mse] Epoch  35/200 | Train=0.04091 | Val=0.04741 | wMAE=0.173025 | PolarMAE=0.020865 | EMD=0.001272 | MolEMD=0.000406 | R2=0.7689 | LR=2.08e-04 | 57.3s
2026-06-16 12:43:03,261 - INFO -   -> new best (weighted_mae=0.173025), saved results/checkpoints/gatv2_seed2_mse.pt
2026-06-16 12:44:02,142 - INFO - [gatv2_seed2_mse] Epoch  36/200 | Train=0.04056 | Val=0.04719 | wMAE=0.172123 | PolarMAE=0.020794 | EMD=0.001259 | MolEMD=0.000414 | R2=0.7714 | LR=1.97e-04 | 58.9s
2026-06-16 12:44:02,205 - INFO -   -> new best (weighted_mae=0.172123), saved results/checkpoints/gatv2_seed2_mse.pt
2026-06-16 12:45:00,407 - INFO - [gatv2_seed2_mse] Epoch  37/200 | Train=0.04035 | Val=0.04700 | wMAE=0.172999 | PolarMAE=0.020909 | EMD=0.001278 | MolEMD=0.000411 | R2=0.7718 | LR=1.85e-04 | 58.2s
2026-06-16 12:45:59,282 - INFO - [gatv2_seed2_mse] Epoch  38/200 | Train=0.03991 | Val=0.04736 | wMAE=0.171866 | PolarMAE=0.020615 | EMD=0.001266 | MolEMD=0.000427 | R2=0.7698 | LR=1.74e-04 | 58.9s
2026-06-16 12:45:59,581 - INFO -   -> new best (weighted_mae=0.171866), saved results/checkpoints/gatv2_seed2_mse.pt
2026-06-16 12:46:57,669 - INFO - [gatv2_seed2_mse] Epoch  39/200 | Train=0.03972 | Val=0.04670 | wMAE=0.172308 | PolarMAE=0.020791 | EMD=0.001272 | MolEMD=0.000408 | R2=0.7724 | LR=1.62e-04 | 58.1s
2026-06-16 12:47:54,837 - INFO - [gatv2_seed2_mse] Epoch  40/200 | Train=0.03943 | Val=0.04641 | wMAE=0.171716 | PolarMAE=0.020640 | EMD=0.001264 | MolEMD=0.000408 | R2=0.7735 | LR=1.50e-04 | 57.2s
2026-06-16 12:47:54,898 - INFO -   -> new best (weighted_mae=0.171716), saved results/checkpoints/gatv2_seed2_mse.pt
2026-06-16 12:48:54,173 - INFO - [gatv2_seed2_mse] Epoch  41/200 | Train=0.03916 | Val=0.04652 | wMAE=0.172090 | PolarMAE=0.020677 | EMD=0.001266 | MolEMD=0.000401 | R2=0.7734 | LR=1.39e-04 | 59.3s
2026-06-16 12:49:51,545 - INFO - [gatv2_seed2_mse] Epoch  42/200 | Train=0.03890 | Val=0.04610 | wMAE=0.170722 | PolarMAE=0.020719 | EMD=0.001265 | MolEMD=0.000410 | R2=0.7757 | LR=1.27e-04 | 57.4s
2026-06-16 12:49:51,607 - INFO -   -> new best (weighted_mae=0.170722), saved results/checkpoints/gatv2_seed2_mse.pt
2026-06-16 12:50:50,156 - INFO - [gatv2_seed2_mse] Epoch  43/200 | Train=0.03860 | Val=0.04598 | wMAE=0.169979 | PolarMAE=0.020144 | EMD=0.001236 | MolEMD=0.000399 | R2=0.7769 | LR=1.16e-04 | 58.5s
2026-06-16 12:50:50,219 - INFO -   -> new best (weighted_mae=0.169979), saved results/checkpoints/gatv2_seed2_mse.pt
2026-06-16 12:51:47,330 - INFO - [gatv2_seed2_mse] Epoch  44/200 | Train=0.03848 | Val=0.04686 | wMAE=0.172021 | PolarMAE=0.020293 | EMD=0.001250 | MolEMD=0.000406 | R2=0.7711 | LR=1.04e-04 | 57.1s
2026-06-16 12:52:44,589 - INFO - [gatv2_seed2_mse] Epoch  45/200 | Train=0.03828 | Val=0.04603 | wMAE=0.170019 | PolarMAE=0.020240 | EMD=0.001242 | MolEMD=0.000399 | R2=0.7762 | LR=9.33e-05 | 57.3s
2026-06-16 12:53:43,289 - INFO - [gatv2_seed2_mse] Epoch  46/200 | Train=0.03803 | Val=0.04605 | wMAE=0.170576 | PolarMAE=0.020422 | EMD=0.001245 | MolEMD=0.000406 | R2=0.7753 | LR=8.26e-05 | 58.7s
2026-06-16 12:54:40,819 - INFO - [gatv2_seed2_mse] Epoch  47/200 | Train=0.03786 | Val=0.04552 | wMAE=0.169135 | PolarMAE=0.020098 | EMD=0.001233 | MolEMD=0.000394 | R2=0.7791 | LR=7.24e-05 | 57.5s
2026-06-16 12:54:40,879 - INFO -   -> new best (weighted_mae=0.169135), saved results/checkpoints/gatv2_seed2_mse.pt
2026-06-16 12:55:39,802 - INFO - [gatv2_seed2_mse] Epoch  48/200 | Train=0.03763 | Val=0.04553 | wMAE=0.169549 | PolarMAE=0.020246 | EMD=0.001236 | MolEMD=0.000396 | R2=0.7785 | LR=6.26e-05 | 58.9s
2026-06-16 12:56:37,259 - INFO - [gatv2_seed2_mse] Epoch  49/200 | Train=0.03749 | Val=0.04553 | wMAE=0.168877 | PolarMAE=0.020210 | EMD=0.001238 | MolEMD=0.000398 | R2=0.7790 | LR=5.34e-05 | 57.5s
2026-06-16 12:56:37,324 - INFO -   -> new best (weighted_mae=0.168877), saved results/checkpoints/gatv2_seed2_mse.pt
2026-06-16 12:57:35,242 - INFO - [gatv2_seed2_mse] Epoch  50/200 | Train=0.03736 | Val=0.04518 | wMAE=0.168730 | PolarMAE=0.020059 | EMD=0.001235 | MolEMD=0.000392 | R2=0.7807 | LR=4.48e-05 | 57.9s
2026-06-16 12:57:35,303 - INFO -   -> new best (weighted_mae=0.168730), saved results/checkpoints/gatv2_seed2_mse.pt
2026-06-16 12:58:34,607 - INFO - [gatv2_seed2_mse] Epoch  51/200 | Train=0.03720 | Val=0.04514 | wMAE=0.168043 | PolarMAE=0.020202 | EMD=0.001231 | MolEMD=0.000394 | R2=0.7815 | LR=3.68e-05 | 59.3s
2026-06-16 12:58:34,670 - INFO -   -> new best (weighted_mae=0.168043), saved results/checkpoints/gatv2_seed2_mse.pt
2026-06-16 12:59:31,900 - INFO - [gatv2_seed2_mse] Epoch  52/200 | Train=0.03708 | Val=0.04514 | wMAE=0.168329 | PolarMAE=0.020042 | EMD=0.001228 | MolEMD=0.000392 | R2=0.7812 | LR=2.96e-05 | 57.2s
2026-06-16 13:00:31,736 - INFO - [gatv2_seed2_mse] Epoch  53/200 | Train=0.03697 | Val=0.04511 | wMAE=0.167887 | PolarMAE=0.020040 | EMD=0.001227 | MolEMD=0.000393 | R2=0.7811 | LR=2.30e-05 | 59.8s
2026-06-16 13:00:31,802 - INFO -   -> new best (weighted_mae=0.167887), saved results/checkpoints/gatv2_seed2_mse.pt
2026-06-16 13:01:29,264 - INFO - [gatv2_seed2_mse] Epoch  54/200 | Train=0.03690 | Val=0.04506 | wMAE=0.167755 | PolarMAE=0.020043 | EMD=0.001221 | MolEMD=0.000392 | R2=0.7816 | LR=1.73e-05 | 57.5s
2026-06-16 13:01:29,327 - INFO -   -> new best (weighted_mae=0.167755), saved results/checkpoints/gatv2_seed2_mse.pt
2026-06-16 13:02:27,212 - INFO - [gatv2_seed2_mse] Epoch  55/200 | Train=0.03683 | Val=0.04486 | wMAE=0.167536 | PolarMAE=0.020055 | EMD=0.001224 | MolEMD=0.000390 | R2=0.7828 | LR=1.24e-05 | 57.9s
2026-06-16 13:02:27,276 - INFO -   -> new best (weighted_mae=0.167536), saved results/checkpoints/gatv2_seed2_mse.pt
2026-06-16 13:03:26,424 - INFO - [gatv2_seed2_mse] Epoch  56/200 | Train=0.03673 | Val=0.04487 | wMAE=0.167681 | PolarMAE=0.020018 | EMD=0.001223 | MolEMD=0.000391 | R2=0.7826 | LR=8.32e-06 | 59.1s
2026-06-16 13:04:23,638 - INFO - [gatv2_seed2_mse] Epoch  57/200 | Train=0.03667 | Val=0.04482 | wMAE=0.167457 | PolarMAE=0.019973 | EMD=0.001221 | MolEMD=0.000389 | R2=0.7831 | LR=5.13e-06 | 57.2s
2026-06-16 13:04:23,701 - INFO -   -> new best (weighted_mae=0.167457), saved results/checkpoints/gatv2_seed2_mse.pt
2026-06-16 13:05:24,762 - INFO - [gatv2_seed2_mse] Epoch  58/200 | Train=0.03664 | Val=0.04483 | wMAE=0.167472 | PolarMAE=0.019977 | EMD=0.001220 | MolEMD=0.000390 | R2=0.7829 | LR=2.84e-06 | 61.1s
2026-06-16 13:06:22,176 - INFO - [gatv2_seed2_mse] Epoch  59/200 | Train=0.03659 | Val=0.04483 | wMAE=0.167436 | PolarMAE=0.020007 | EMD=0.001221 | MolEMD=0.000389 | R2=0.7831 | LR=1.46e-06 | 57.4s
2026-06-16 13:06:22,240 - INFO -   -> new best (weighted_mae=0.167436), saved results/checkpoints/gatv2_seed2_mse.pt
2026-06-16 13:07:19,450 - INFO - [gatv2_seed2_mse] Epoch  60/200 | Train=0.03658 | Val=0.04478 | wMAE=0.167409 | PolarMAE=0.019985 | EMD=0.001221 | MolEMD=0.000389 | R2=0.7833 | LR=3.00e-04 | 57.2s
2026-06-16 13:07:19,514 - INFO -   -> new best (weighted_mae=0.167409), saved results/checkpoints/gatv2_seed2_mse.pt
2026-06-16 13:08:18,637 - INFO - [gatv2_seed2_mse] Epoch  61/200 | Train=0.04055 | Val=0.04794 | wMAE=0.174855 | PolarMAE=0.020427 | EMD=0.001278 | MolEMD=0.000428 | R2=0.7642 | LR=3.00e-04 | 59.1s
2026-06-16 13:09:16,116 - INFO - [gatv2_seed2_mse] Epoch  62/200 | Train=0.03953 | Val=0.04604 | wMAE=0.171148 | PolarMAE=0.020293 | EMD=0.001259 | MolEMD=0.000407 | R2=0.7767 | LR=3.00e-04 | 57.5s
2026-06-16 13:10:14,046 - INFO - [gatv2_seed2_mse] Epoch  63/200 | Train=0.03933 | Val=0.04836 | wMAE=0.175350 | PolarMAE=0.020774 | EMD=0.001284 | MolEMD=0.000437 | R2=0.7633 | LR=2.99e-04 | 57.9s
2026-06-16 13:11:11,580 - INFO - [gatv2_seed2_mse] Epoch  64/200 | Train=0.03899 | Val=0.04645 | wMAE=0.172466 | PolarMAE=0.020433 | EMD=0.001270 | MolEMD=0.000404 | R2=0.7728 | LR=2.98e-04 | 57.5s
2026-06-16 13:12:09,377 - INFO - [gatv2_seed2_mse] Epoch  65/200 | Train=0.03894 | Val=0.04776 | wMAE=0.175759 | PolarMAE=0.020520 | EMD=0.001284 | MolEMD=0.000429 | R2=0.7620 | LR=2.97e-04 | 57.8s
2026-06-16 13:13:07,665 - INFO - [gatv2_seed2_mse] Epoch  66/200 | Train=0.03866 | Val=0.04617 | wMAE=0.170367 | PolarMAE=0.020654 | EMD=0.001257 | MolEMD=0.000405 | R2=0.7767 | LR=2.96e-04 | 58.3s
2026-06-16 13:14:05,373 - INFO - [gatv2_seed2_mse] Epoch  67/200 | Train=0.03843 | Val=0.04592 | wMAE=0.170332 | PolarMAE=0.020128 | EMD=0.001244 | MolEMD=0.000408 | R2=0.7767 | LR=2.94e-04 | 57.7s
2026-06-16 13:15:03,387 - INFO - [gatv2_seed2_mse] Epoch  68/200 | Train=0.03836 | Val=0.04557 | wMAE=0.168976 | PolarMAE=0.020626 | EMD=0.001249 | MolEMD=0.000416 | R2=0.7786 | LR=2.93e-04 | 58.0s
2026-06-16 13:16:01,657 - INFO - [gatv2_seed2_mse] Epoch  69/200 | Train=0.03825 | Val=0.04693 | wMAE=0.173061 | PolarMAE=0.019994 | EMD=0.001248 | MolEMD=0.000428 | R2=0.7685 | LR=2.91e-04 | 58.3s
2026-06-16 13:16:59,199 - INFO - [gatv2_seed2_mse] Epoch  70/200 | Train=0.03799 | Val=0.04587 | wMAE=0.170285 | PolarMAE=0.020729 | EMD=0.001262 | MolEMD=0.000423 | R2=0.7783 | LR=2.89e-04 | 57.5s
2026-06-16 13:17:57,709 - INFO - [gatv2_seed2_mse] Epoch  71/200 | Train=0.03799 | Val=0.04662 | wMAE=0.171554 | PolarMAE=0.020488 | EMD=0.001255 | MolEMD=0.000408 | R2=0.7732 | LR=2.86e-04 | 58.5s
2026-06-16 13:18:55,115 - INFO - [gatv2_seed2_mse] Epoch  72/200 | Train=0.03777 | Val=0.04572 | wMAE=0.169770 | PolarMAE=0.020392 | EMD=0.001237 | MolEMD=0.000402 | R2=0.7767 | LR=2.84e-04 | 57.4s
2026-06-16 13:19:52,535 - INFO - [gatv2_seed2_mse] Epoch  73/200 | Train=0.03761 | Val=0.04561 | wMAE=0.169469 | PolarMAE=0.020498 | EMD=0.001248 | MolEMD=0.000411 | R2=0.7788 | LR=2.81e-04 | 57.4s
2026-06-16 13:20:51,364 - INFO - [gatv2_seed2_mse] Epoch  74/200 | Train=0.03740 | Val=0.04569 | wMAE=0.169671 | PolarMAE=0.020468 | EMD=0.001252 | MolEMD=0.000422 | R2=0.7776 | LR=2.78e-04 | 58.8s
2026-06-16 13:21:49,847 - INFO - [gatv2_seed2_mse] Epoch  75/200 | Train=0.03718 | Val=0.04625 | wMAE=0.171515 | PolarMAE=0.020221 | EMD=0.001243 | MolEMD=0.000398 | R2=0.7725 | LR=2.75e-04 | 58.5s
2026-06-16 13:22:47,431 - INFO - [gatv2_seed2_mse] Epoch  76/200 | Train=0.03720 | Val=0.04520 | wMAE=0.168772 | PolarMAE=0.020486 | EMD=0.001243 | MolEMD=0.000414 | R2=0.7807 | LR=2.71e-04 | 57.6s
2026-06-16 13:23:46,172 - INFO - [gatv2_seed2_mse] Epoch  77/200 | Train=0.03706 | Val=0.04487 | wMAE=0.168588 | PolarMAE=0.020089 | EMD=0.001231 | MolEMD=0.000393 | R2=0.7801 | LR=2.68e-04 | 58.7s
2026-06-16 13:24:43,839 - INFO - [gatv2_seed2_mse] Epoch  78/200 | Train=0.03687 | Val=0.04528 | wMAE=0.168605 | PolarMAE=0.020166 | EMD=0.001231 | MolEMD=0.000396 | R2=0.7801 | LR=2.64e-04 | 57.7s
2026-06-16 13:25:42,172 - INFO - [gatv2_seed2_mse] Epoch  79/200 | Train=0.03677 | Val=0.04493 | wMAE=0.168706 | PolarMAE=0.020222 | EMD=0.001235 | MolEMD=0.000398 | R2=0.7820 | LR=2.60e-04 | 58.3s
2026-06-16 13:26:39,312 - INFO - [gatv2_seed2_mse] Epoch  80/200 | Train=0.03664 | Val=0.04471 | wMAE=0.168100 | PolarMAE=0.019990 | EMD=0.001223 | MolEMD=0.000395 | R2=0.7835 | LR=2.56e-04 | 57.1s
2026-06-16 13:26:39,312 - INFO - Early stopping at epoch 80.
2026-06-16 13:26:39,312 - INFO - Loading best checkpoint for test evaluation...
2026-06-16 13:27:09,748 - INFO - [gatv2_seed2_mse] TEST METRICS: {'loss': 0.04205479736511524, 'weighted_r2': 0.791422426700592, 'weighted_mae': 0.16773651540279388, 'polar_mae': 0.022130001336336136, 'cosine_similarity': 0.8875762344932945, 'emd_raw': 0.0012923824977720438, 'emd_normalized': 0.0012923824977720464, 'molecular_mae': 0.6882784172185721, 'molecular_emd': 0.0003723383088289865, 'molecular_cosine': 0.9881431294480959, 'molecular_polar_mae': 0.2912613265039041}
2026-06-16 13:27:09,752 - INFO - Saved results to results/metrics/gatv2_seed2_mse.json
2026-06-16 13:27:33,067 - INFO - Device: cuda
2026-06-16 13:27:33,069 - INFO - Loading cached dataset: /mnt/tank/scratch/ikarpushkina/sigma/ASPEN/data/train_test_val_df/cache/chaos_atomic_train_with_coordinates.parquet.fac02d20b3.pt
2026-06-16 13:27:47,022 - INFO - chaos_atomic_train_with_coordinates.parquet: 36981 molecules, 1077949 atoms, extended=True, RDKit mol valid: 36981/36981 (100.0%)
2026-06-16 13:27:47,023 - INFO - Loading cached dataset: /mnt/tank/scratch/ikarpushkina/sigma/ASPEN/data/train_test_val_df/cache/chaos_atomic_val_with_coordinates.parquet.fac02d20b3.pt
2026-06-16 13:27:49,589 - INFO - chaos_atomic_val_with_coordinates.parquet: 7941 molecules, 235573 atoms, extended=True, RDKit mol valid: 7941/7941 (100.0%)
2026-06-16 13:27:49,589 - INFO - Loading cached dataset: /mnt/tank/scratch/ikarpushkina/sigma/ASPEN/data/train_test_val_df/cache/chaos_atomic_test_with_coordinates.parquet.fac02d20b3.pt
2026-06-16 13:27:53,417 - INFO - chaos_atomic_test_with_coordinates.parquet: 7800 molecules, 221748 atoms, extended=True, RDKit mol valid: 7800/7800 (100.0%)
2026-06-16 13:27:54,145 - INFO - gine: 693,494 params (target 695,667, diff 0.3%)
2026-06-16 13:28:51,565 - INFO - [gine_seed0_mse] Epoch   1/200 | Train=0.08691 | Val=0.05705 | wMAE=0.187021 | PolarMAE=0.029077 | EMD=0.001753 | MolEMD=0.000657 | R2=0.7429 | LR=2.98e-04 | 57.4s
2026-06-16 13:28:51,632 - INFO -   -> new best (weighted_mae=0.187021), saved results/checkpoints/gine_seed0_mse.pt
2026-06-16 13:29:47,502 - INFO - [gine_seed0_mse] Epoch   2/200 | Train=0.04784 | Val=0.05149 | wMAE=0.182667 | PolarMAE=0.024172 | EMD=0.001516 | MolEMD=0.000633 | R2=0.7535 | LR=2.93e-04 | 55.9s
2026-06-16 13:29:47,566 - INFO -   -> new best (weighted_mae=0.182667), saved results/checkpoints/gine_seed0_mse.pt
2026-06-16 13:30:45,514 - INFO - [gine_seed0_mse] Epoch   3/200 | Train=0.04063 | Val=0.04537 | wMAE=0.166364 | PolarMAE=0.025783 | EMD=0.001445 | MolEMD=0.000589 | R2=0.7942 | LR=2.84e-04 | 57.9s
2026-06-16 13:30:45,580 - INFO -   -> new best (weighted_mae=0.166364), saved results/checkpoints/gine_seed0_mse.pt
2026-06-16 13:31:41,652 - INFO - [gine_seed0_mse] Epoch   4/200 | Train=0.03691 | Val=0.04153 | wMAE=0.164388 | PolarMAE=0.022072 | EMD=0.001298 | MolEMD=0.000483 | R2=0.8043 | LR=2.71e-04 | 56.1s
2026-06-16 13:31:41,716 - INFO -   -> new best (weighted_mae=0.164388), saved results/checkpoints/gine_seed0_mse.pt
2026-06-16 13:32:37,624 - INFO - [gine_seed0_mse] Epoch   5/200 | Train=0.03466 | Val=0.03748 | wMAE=0.153685 | PolarMAE=0.020651 | EMD=0.001199 | MolEMD=0.000450 | R2=0.8269 | LR=2.56e-04 | 55.9s
2026-06-16 13:32:37,691 - INFO -   -> new best (weighted_mae=0.153685), saved results/checkpoints/gine_seed0_mse.pt
2026-06-16 13:33:34,948 - INFO - [gine_seed0_mse] Epoch   6/200 | Train=0.03292 | Val=0.03694 | wMAE=0.152752 | PolarMAE=0.020639 | EMD=0.001154 | MolEMD=0.000439 | R2=0.8261 | LR=2.38e-04 | 57.3s
2026-06-16 13:33:35,026 - INFO -   -> new best (weighted_mae=0.152752), saved results/checkpoints/gine_seed0_mse.pt
2026-06-16 13:34:31,507 - INFO - [gine_seed0_mse] Epoch   7/200 | Train=0.03158 | Val=0.03477 | wMAE=0.147501 | PolarMAE=0.019515 | EMD=0.001129 | MolEMD=0.000420 | R2=0.8402 | LR=2.18e-04 | 56.5s
2026-06-16 13:34:31,571 - INFO -   -> new best (weighted_mae=0.147501), saved results/checkpoints/gine_seed0_mse.pt
2026-06-16 13:35:28,481 - INFO - [gine_seed0_mse] Epoch   8/200 | Train=0.03031 | Val=0.03396 | wMAE=0.147343 | PolarMAE=0.019228 | EMD=0.001106 | MolEMD=0.000445 | R2=0.8408 | LR=1.97e-04 | 56.9s
2026-06-16 13:35:28,566 - INFO -   -> new best (weighted_mae=0.147343), saved results/checkpoints/gine_seed0_mse.pt
2026-06-16 13:36:26,239 - INFO - [gine_seed0_mse] Epoch   9/200 | Train=0.02928 | Val=0.03425 | wMAE=0.146853 | PolarMAE=0.019975 | EMD=0.001095 | MolEMD=0.000397 | R2=0.8367 | LR=1.74e-04 | 57.7s
2026-06-16 13:36:26,303 - INFO -   -> new best (weighted_mae=0.146853), saved results/checkpoints/gine_seed0_mse.pt
2026-06-16 13:37:22,372 - INFO - [gine_seed0_mse] Epoch  10/200 | Train=0.02842 | Val=0.03151 | wMAE=0.141269 | PolarMAE=0.019130 | EMD=0.001042 | MolEMD=0.000366 | R2=0.8535 | LR=1.50e-04 | 56.1s
2026-06-16 13:37:22,441 - INFO -   -> new best (weighted_mae=0.141269), saved results/checkpoints/gine_seed0_mse.pt
2026-06-16 13:38:19,526 - INFO - [gine_seed0_mse] Epoch  11/200 | Train=0.02760 | Val=0.03176 | wMAE=0.141623 | PolarMAE=0.018829 | EMD=0.001035 | MolEMD=0.000394 | R2=0.8520 | LR=1.27e-04 | 57.1s
2026-06-16 13:39:16,242 - INFO - [gine_seed0_mse] Epoch  12/200 | Train=0.02694 | Val=0.03057 | wMAE=0.137482 | PolarMAE=0.018399 | EMD=0.000989 | MolEMD=0.000361 | R2=0.8572 | LR=1.04e-04 | 56.7s
2026-06-16 13:39:16,307 - INFO -   -> new best (weighted_mae=0.137482), saved results/checkpoints/gine_seed0_mse.pt
2026-06-16 13:40:12,799 - INFO - [gine_seed0_mse] Epoch  13/200 | Train=0.02637 | Val=0.02954 | wMAE=0.137379 | PolarMAE=0.018373 | EMD=0.000989 | MolEMD=0.000355 | R2=0.8620 | LR=8.26e-05 | 56.5s
2026-06-16 13:40:12,864 - INFO -   -> new best (weighted_mae=0.137379), saved results/checkpoints/gine_seed0_mse.pt
2026-06-16 13:41:12,058 - INFO - [gine_seed0_mse] Epoch  14/200 | Train=0.02589 | Val=0.02922 | wMAE=0.136257 | PolarMAE=0.018257 | EMD=0.000969 | MolEMD=0.000336 | R2=0.8637 | LR=6.26e-05 | 59.2s
2026-06-16 13:41:12,125 - INFO -   -> new best (weighted_mae=0.136257), saved results/checkpoints/gine_seed0_mse.pt
2026-06-16 13:42:08,606 - INFO - [gine_seed0_mse] Epoch  15/200 | Train=0.02546 | Val=0.02863 | wMAE=0.134607 | PolarMAE=0.018197 | EMD=0.000957 | MolEMD=0.000330 | R2=0.8665 | LR=4.48e-05 | 56.5s
2026-06-16 13:42:08,668 - INFO -   -> new best (weighted_mae=0.134607), saved results/checkpoints/gine_seed0_mse.pt
2026-06-16 13:43:05,205 - INFO - [gine_seed0_mse] Epoch  16/200 | Train=0.02507 | Val=0.02845 | wMAE=0.133603 | PolarMAE=0.018088 | EMD=0.000944 | MolEMD=0.000332 | R2=0.8675 | LR=2.96e-05 | 56.5s
2026-06-16 13:43:05,276 - INFO -   -> new best (weighted_mae=0.133603), saved results/checkpoints/gine_seed0_mse.pt
2026-06-16 13:44:02,407 - INFO - [gine_seed0_mse] Epoch  17/200 | Train=0.02479 | Val=0.02833 | wMAE=0.133389 | PolarMAE=0.017904 | EMD=0.000937 | MolEMD=0.000331 | R2=0.8676 | LR=1.73e-05 | 57.1s
2026-06-16 13:44:02,463 - INFO -   -> new best (weighted_mae=0.133389), saved results/checkpoints/gine_seed0_mse.pt
2026-06-16 13:44:58,830 - INFO - [gine_seed0_mse] Epoch  18/200 | Train=0.02456 | Val=0.02818 | wMAE=0.133399 | PolarMAE=0.017767 | EMD=0.000932 | MolEMD=0.000331 | R2=0.8682 | LR=8.32e-06 | 56.4s
2026-06-16 13:45:55,239 - INFO - [gine_seed0_mse] Epoch  19/200 | Train=0.02440 | Val=0.02795 | wMAE=0.132427 | PolarMAE=0.017756 | EMD=0.000927 | MolEMD=0.000324 | R2=0.8696 | LR=2.84e-06 | 56.4s
2026-06-16 13:45:55,301 - INFO -   -> new best (weighted_mae=0.132427), saved results/checkpoints/gine_seed0_mse.pt
2026-06-16 13:46:51,963 - INFO - [gine_seed0_mse] Epoch  20/200 | Train=0.02431 | Val=0.02783 | wMAE=0.132376 | PolarMAE=0.017683 | EMD=0.000925 | MolEMD=0.000323 | R2=0.8702 | LR=3.00e-04 | 56.7s
2026-06-16 13:46:52,028 - INFO -   -> new best (weighted_mae=0.132376), saved results/checkpoints/gine_seed0_mse.pt
2026-06-16 13:47:48,792 - INFO - [gine_seed0_mse] Epoch  21/200 | Train=0.02858 | Val=0.03089 | wMAE=0.139849 | PolarMAE=0.018624 | EMD=0.000995 | MolEMD=0.000362 | R2=0.8549 | LR=3.00e-04 | 56.8s
2026-06-16 13:48:44,912 - INFO - [gine_seed0_mse] Epoch  22/200 | Train=0.02657 | Val=0.03122 | wMAE=0.138135 | PolarMAE=0.018240 | EMD=0.000969 | MolEMD=0.000370 | R2=0.8545 | LR=2.98e-04 | 56.1s
2026-06-16 13:49:41,188 - INFO - [gine_seed0_mse] Epoch  23/200 | Train=0.02600 | Val=0.02969 | wMAE=0.137437 | PolarMAE=0.017695 | EMD=0.000963 | MolEMD=0.000360 | R2=0.8604 | LR=2.96e-04 | 56.3s
2026-06-16 13:50:37,306 - INFO - [gine_seed0_mse] Epoch  24/200 | Train=0.02556 | Val=0.02947 | wMAE=0.134416 | PolarMAE=0.018219 | EMD=0.000932 | MolEMD=0.000336 | R2=0.8620 | LR=2.93e-04 | 56.1s
2026-06-16 13:51:33,981 - INFO - [gine_seed0_mse] Epoch  25/200 | Train=0.02523 | Val=0.02883 | wMAE=0.135678 | PolarMAE=0.017807 | EMD=0.000937 | MolEMD=0.000353 | R2=0.8626 | LR=2.89e-04 | 56.7s
2026-06-16 13:52:30,445 - INFO - [gine_seed0_mse] Epoch  26/200 | Train=0.02477 | Val=0.02835 | wMAE=0.132057 | PolarMAE=0.018117 | EMD=0.000939 | MolEMD=0.000342 | R2=0.8670 | LR=2.84e-04 | 56.5s
2026-06-16 13:52:30,502 - INFO -   -> new best (weighted_mae=0.132057), saved results/checkpoints/gine_seed0_mse.pt
2026-06-16 13:53:26,443 - INFO - [gine_seed0_mse] Epoch  27/200 | Train=0.02435 | Val=0.02732 | wMAE=0.131082 | PolarMAE=0.018080 | EMD=0.000907 | MolEMD=0.000333 | R2=0.8720 | LR=2.78e-04 | 55.9s
2026-06-16 13:53:26,509 - INFO -   -> new best (weighted_mae=0.131082), saved results/checkpoints/gine_seed0_mse.pt
2026-06-16 13:54:22,602 - INFO - [gine_seed0_mse] Epoch  28/200 | Train=0.02396 | Val=0.02825 | wMAE=0.133726 | PolarMAE=0.017825 | EMD=0.000940 | MolEMD=0.000337 | R2=0.8673 | LR=2.71e-04 | 56.1s
2026-06-16 13:55:18,759 - INFO - [gine_seed0_mse] Epoch  29/200 | Train=0.02364 | Val=0.02817 | wMAE=0.131471 | PolarMAE=0.017809 | EMD=0.000898 | MolEMD=0.000343 | R2=0.8685 | LR=2.64e-04 | 56.2s
2026-06-16 13:56:15,608 - INFO - [gine_seed0_mse] Epoch  30/200 | Train=0.02341 | Val=0.02653 | wMAE=0.130506 | PolarMAE=0.017538 | EMD=0.000878 | MolEMD=0.000319 | R2=0.8749 | LR=2.56e-04 | 56.8s
2026-06-16 13:56:15,674 - INFO -   -> new best (weighted_mae=0.130506), saved results/checkpoints/gine_seed0_mse.pt
2026-06-16 13:57:13,210 - INFO - [gine_seed0_mse] Epoch  31/200 | Train=0.02304 | Val=0.02669 | wMAE=0.128932 | PolarMAE=0.017398 | EMD=0.000878 | MolEMD=0.000320 | R2=0.8747 | LR=2.48e-04 | 57.5s
2026-06-16 13:57:13,275 - INFO -   -> new best (weighted_mae=0.128932), saved results/checkpoints/gine_seed0_mse.pt
2026-06-16 13:58:11,555 - INFO - [gine_seed0_mse] Epoch  32/200 | Train=0.02271 | Val=0.02636 | wMAE=0.129289 | PolarMAE=0.016963 | EMD=0.000876 | MolEMD=0.000322 | R2=0.8755 | LR=2.38e-04 | 58.3s
2026-06-16 13:59:08,354 - INFO - [gine_seed0_mse] Epoch  33/200 | Train=0.02254 | Val=0.02578 | wMAE=0.127931 | PolarMAE=0.017467 | EMD=0.000881 | MolEMD=0.000326 | R2=0.8790 | LR=2.29e-04 | 56.8s
2026-06-16 13:59:08,417 - INFO -   -> new best (weighted_mae=0.127931), saved results/checkpoints/gine_seed0_mse.pt
2026-06-16 14:00:04,941 - INFO - [gine_seed0_mse] Epoch  34/200 | Train=0.02222 | Val=0.02580 | wMAE=0.127615 | PolarMAE=0.017668 | EMD=0.000879 | MolEMD=0.000333 | R2=0.8782 | LR=2.18e-04 | 56.5s
2026-06-16 14:00:05,012 - INFO -   -> new best (weighted_mae=0.127615), saved results/checkpoints/gine_seed0_mse.pt
2026-06-16 14:01:01,150 - INFO - [gine_seed0_mse] Epoch  35/200 | Train=0.02192 | Val=0.02537 | wMAE=0.126443 | PolarMAE=0.016820 | EMD=0.000839 | MolEMD=0.000313 | R2=0.8799 | LR=2.08e-04 | 56.1s
2026-06-16 14:01:01,238 - INFO -   -> new best (weighted_mae=0.126443), saved results/checkpoints/gine_seed0_mse.pt
2026-06-16 14:01:58,329 - INFO - [gine_seed0_mse] Epoch  36/200 | Train=0.02175 | Val=0.02510 | wMAE=0.126079 | PolarMAE=0.016813 | EMD=0.000846 | MolEMD=0.000305 | R2=0.8810 | LR=1.97e-04 | 57.1s
2026-06-16 14:01:58,399 - INFO -   -> new best (weighted_mae=0.126079), saved results/checkpoints/gine_seed0_mse.pt
2026-06-16 14:02:56,554 - INFO - [gine_seed0_mse] Epoch  37/200 | Train=0.02153 | Val=0.02476 | wMAE=0.124821 | PolarMAE=0.016697 | EMD=0.000832 | MolEMD=0.000302 | R2=0.8828 | LR=1.85e-04 | 58.2s
2026-06-16 14:02:56,621 - INFO -   -> new best (weighted_mae=0.124821), saved results/checkpoints/gine_seed0_mse.pt
2026-06-16 14:03:53,044 - INFO - [gine_seed0_mse] Epoch  38/200 | Train=0.02129 | Val=0.02503 | wMAE=0.125814 | PolarMAE=0.017237 | EMD=0.000854 | MolEMD=0.000315 | R2=0.8811 | LR=1.74e-04 | 56.4s
2026-06-16 14:04:49,272 - INFO - [gine_seed0_mse] Epoch  39/200 | Train=0.02106 | Val=0.02462 | wMAE=0.124590 | PolarMAE=0.016779 | EMD=0.000826 | MolEMD=0.000297 | R2=0.8841 | LR=1.62e-04 | 56.2s
2026-06-16 14:04:49,335 - INFO -   -> new best (weighted_mae=0.124590), saved results/checkpoints/gine_seed0_mse.pt
2026-06-16 14:05:46,446 - INFO - [gine_seed0_mse] Epoch  40/200 | Train=0.02093 | Val=0.02480 | wMAE=0.125372 | PolarMAE=0.016794 | EMD=0.000825 | MolEMD=0.000301 | R2=0.8826 | LR=1.50e-04 | 57.1s
2026-06-16 14:06:46,504 - INFO - [gine_seed0_mse] Epoch  41/200 | Train=0.02071 | Val=0.02404 | wMAE=0.123221 | PolarMAE=0.016866 | EMD=0.000817 | MolEMD=0.000292 | R2=0.8866 | LR=1.39e-04 | 60.1s
2026-06-16 14:06:46,569 - INFO -   -> new best (weighted_mae=0.123221), saved results/checkpoints/gine_seed0_mse.pt
2026-06-16 14:07:42,902 - INFO - [gine_seed0_mse] Epoch  42/200 | Train=0.02054 | Val=0.02403 | wMAE=0.123923 | PolarMAE=0.016560 | EMD=0.000816 | MolEMD=0.000296 | R2=0.8871 | LR=1.27e-04 | 56.3s
2026-06-16 14:08:39,059 - INFO - [gine_seed0_mse] Epoch  43/200 | Train=0.02038 | Val=0.02375 | wMAE=0.122434 | PolarMAE=0.016587 | EMD=0.000805 | MolEMD=0.000293 | R2=0.8882 | LR=1.16e-04 | 56.2s
2026-06-16 14:08:39,126 - INFO -   -> new best (weighted_mae=0.122434), saved results/checkpoints/gine_seed0_mse.pt
2026-06-16 14:09:36,781 - INFO - [gine_seed0_mse] Epoch  44/200 | Train=0.02022 | Val=0.02400 | wMAE=0.123015 | PolarMAE=0.016577 | EMD=0.000807 | MolEMD=0.000290 | R2=0.8868 | LR=1.04e-04 | 57.7s
2026-06-16 14:10:33,615 - INFO - [gine_seed0_mse] Epoch  45/200 | Train=0.02008 | Val=0.02360 | wMAE=0.121788 | PolarMAE=0.016573 | EMD=0.000795 | MolEMD=0.000284 | R2=0.8890 | LR=9.33e-05 | 56.8s
2026-06-16 14:10:33,683 - INFO -   -> new best (weighted_mae=0.121788), saved results/checkpoints/gine_seed0_mse.pt
2026-06-16 14:11:29,701 - INFO - [gine_seed0_mse] Epoch  46/200 | Train=0.01994 | Val=0.02347 | wMAE=0.121943 | PolarMAE=0.016580 | EMD=0.000807 | MolEMD=0.000296 | R2=0.8895 | LR=8.26e-05 | 56.0s
2026-06-16 14:12:25,866 - INFO - [gine_seed0_mse] Epoch  47/200 | Train=0.01983 | Val=0.02328 | wMAE=0.121148 | PolarMAE=0.016395 | EMD=0.000793 | MolEMD=0.000284 | R2=0.8902 | LR=7.24e-05 | 56.2s
2026-06-16 14:12:25,929 - INFO -   -> new best (weighted_mae=0.121148), saved results/checkpoints/gine_seed0_mse.pt
2026-06-16 14:13:22,469 - INFO - [gine_seed0_mse] Epoch  48/200 | Train=0.01970 | Val=0.02326 | wMAE=0.121269 | PolarMAE=0.016438 | EMD=0.000793 | MolEMD=0.000285 | R2=0.8903 | LR=6.26e-05 | 56.5s
2026-06-16 14:14:18,737 - INFO - [gine_seed0_mse] Epoch  49/200 | Train=0.01959 | Val=0.02323 | wMAE=0.120880 | PolarMAE=0.016196 | EMD=0.000786 | MolEMD=0.000283 | R2=0.8904 | LR=5.34e-05 | 56.3s
2026-06-16 14:14:18,801 - INFO -   -> new best (weighted_mae=0.120880), saved results/checkpoints/gine_seed0_mse.pt
2026-06-16 14:15:15,064 - INFO - [gine_seed0_mse] Epoch  50/200 | Train=0.01949 | Val=0.02314 | wMAE=0.121062 | PolarMAE=0.016460 | EMD=0.000789 | MolEMD=0.000281 | R2=0.8910 | LR=4.48e-05 | 56.3s
2026-06-16 14:16:11,732 - INFO - [gine_seed0_mse] Epoch  51/200 | Train=0.01940 | Val=0.02306 | wMAE=0.120731 | PolarMAE=0.016485 | EMD=0.000788 | MolEMD=0.000282 | R2=0.8916 | LR=3.68e-05 | 56.7s
2026-06-16 14:16:11,800 - INFO -   -> new best (weighted_mae=0.120731), saved results/checkpoints/gine_seed0_mse.pt
2026-06-16 14:17:08,556 - INFO - [gine_seed0_mse] Epoch  52/200 | Train=0.01929 | Val=0.02306 | wMAE=0.120525 | PolarMAE=0.016377 | EMD=0.000782 | MolEMD=0.000282 | R2=0.8913 | LR=2.96e-05 | 56.8s
2026-06-16 14:17:08,621 - INFO -   -> new best (weighted_mae=0.120525), saved results/checkpoints/gine_seed0_mse.pt
2026-06-16 14:18:04,762 - INFO - [gine_seed0_mse] Epoch  53/200 | Train=0.01924 | Val=0.02301 | wMAE=0.120480 | PolarMAE=0.016172 | EMD=0.000777 | MolEMD=0.000281 | R2=0.8915 | LR=2.30e-05 | 56.1s
2026-06-16 14:18:04,826 - INFO -   -> new best (weighted_mae=0.120480), saved results/checkpoints/gine_seed0_mse.pt
2026-06-16 14:19:01,049 - INFO - [gine_seed0_mse] Epoch  54/200 | Train=0.01917 | Val=0.02292 | wMAE=0.120115 | PolarMAE=0.016219 | EMD=0.000776 | MolEMD=0.000279 | R2=0.8921 | LR=1.73e-05 | 56.2s
2026-06-16 14:19:01,119 - INFO -   -> new best (weighted_mae=0.120115), saved results/checkpoints/gine_seed0_mse.pt
2026-06-16 14:19:59,496 - INFO - [gine_seed0_mse] Epoch  55/200 | Train=0.01911 | Val=0.02286 | wMAE=0.120258 | PolarMAE=0.016230 | EMD=0.000777 | MolEMD=0.000278 | R2=0.8923 | LR=1.24e-05 | 58.4s
2026-06-16 14:20:55,754 - INFO - [gine_seed0_mse] Epoch  56/200 | Train=0.01907 | Val=0.02285 | wMAE=0.120020 | PolarMAE=0.016213 | EMD=0.000774 | MolEMD=0.000278 | R2=0.8925 | LR=8.32e-06 | 56.3s
2026-06-16 14:20:55,818 - INFO -   -> new best (weighted_mae=0.120020), saved results/checkpoints/gine_seed0_mse.pt
2026-06-16 14:21:51,957 - INFO - [gine_seed0_mse] Epoch  57/200 | Train=0.01902 | Val=0.02284 | wMAE=0.120038 | PolarMAE=0.016201 | EMD=0.000774 | MolEMD=0.000278 | R2=0.8925 | LR=5.13e-06 | 56.1s
2026-06-16 14:22:48,905 - INFO - [gine_seed0_mse] Epoch  58/200 | Train=0.01899 | Val=0.02279 | wMAE=0.119992 | PolarMAE=0.016221 | EMD=0.000775 | MolEMD=0.000278 | R2=0.8927 | LR=2.84e-06 | 56.9s
2026-06-16 14:22:49,044 - INFO -   -> new best (weighted_mae=0.119992), saved results/checkpoints/gine_seed0_mse.pt
2026-06-16 14:23:45,236 - INFO - [gine_seed0_mse] Epoch  59/200 | Train=0.01898 | Val=0.02278 | wMAE=0.119874 | PolarMAE=0.016185 | EMD=0.000773 | MolEMD=0.000277 | R2=0.8927 | LR=1.46e-06 | 56.2s
2026-06-16 14:23:45,328 - INFO -   -> new best (weighted_mae=0.119874), saved results/checkpoints/gine_seed0_mse.pt
2026-06-16 14:24:41,513 - INFO - [gine_seed0_mse] Epoch  60/200 | Train=0.01898 | Val=0.02277 | wMAE=0.119856 | PolarMAE=0.016178 | EMD=0.000773 | MolEMD=0.000277 | R2=0.8928 | LR=3.00e-04 | 56.2s
2026-06-16 14:24:41,580 - INFO -   -> new best (weighted_mae=0.119856), saved results/checkpoints/gine_seed0_mse.pt
2026-06-16 14:25:40,806 - INFO - [gine_seed0_mse] Epoch  61/200 | Train=0.02192 | Val=0.02516 | wMAE=0.124591 | PolarMAE=0.016635 | EMD=0.000824 | MolEMD=0.000318 | R2=0.8812 | LR=3.00e-04 | 59.2s
2026-06-16 14:26:36,609 - INFO - [gine_seed0_mse] Epoch  62/200 | Train=0.02108 | Val=0.02443 | wMAE=0.123358 | PolarMAE=0.017060 | EMD=0.000820 | MolEMD=0.000306 | R2=0.8855 | LR=3.00e-04 | 55.8s
2026-06-16 14:27:32,760 - INFO - [gine_seed0_mse] Epoch  63/200 | Train=0.02081 | Val=0.02500 | wMAE=0.124278 | PolarMAE=0.016980 | EMD=0.000822 | MolEMD=0.000316 | R2=0.8836 | LR=2.99e-04 | 56.1s
2026-06-16 14:28:34,501 - INFO - [gine_seed0_mse] Epoch  64/200 | Train=0.02065 | Val=0.02463 | wMAE=0.123684 | PolarMAE=0.016531 | EMD=0.000817 | MolEMD=0.000309 | R2=0.8843 | LR=2.98e-04 | 61.7s
2026-06-16 14:29:30,814 - INFO - [gine_seed0_mse] Epoch  65/200 | Train=0.02050 | Val=0.02413 | wMAE=0.123323 | PolarMAE=0.016879 | EMD=0.000811 | MolEMD=0.000298 | R2=0.8867 | LR=2.97e-04 | 56.3s
2026-06-16 14:30:26,731 - INFO - [gine_seed0_mse] Epoch  66/200 | Train=0.02052 | Val=0.02482 | wMAE=0.124488 | PolarMAE=0.016862 | EMD=0.000822 | MolEMD=0.000332 | R2=0.8842 | LR=2.96e-04 | 55.9s
2026-06-16 14:31:24,351 - INFO - [gine_seed0_mse] Epoch  67/200 | Train=0.02036 | Val=0.02412 | wMAE=0.123446 | PolarMAE=0.016846 | EMD=0.000810 | MolEMD=0.000292 | R2=0.8862 | LR=2.94e-04 | 57.6s
2026-06-16 14:32:20,602 - INFO - [gine_seed0_mse] Epoch  68/200 | Train=0.02017 | Val=0.02452 | wMAE=0.123074 | PolarMAE=0.017001 | EMD=0.000815 | MolEMD=0.000306 | R2=0.8849 | LR=2.93e-04 | 56.2s
2026-06-16 14:33:16,628 - INFO - [gine_seed0_mse] Epoch  69/200 | Train=0.02009 | Val=0.02369 | wMAE=0.121855 | PolarMAE=0.016573 | EMD=0.000807 | MolEMD=0.000291 | R2=0.8889 | LR=2.91e-04 | 56.0s
2026-06-16 14:34:13,257 - INFO - [gine_seed0_mse] Epoch  70/200 | Train=0.02000 | Val=0.02386 | wMAE=0.122079 | PolarMAE=0.016830 | EMD=0.000795 | MolEMD=0.000294 | R2=0.8871 | LR=2.89e-04 | 56.6s
2026-06-16 14:35:11,683 - INFO - [gine_seed0_mse] Epoch  71/200 | Train=0.01990 | Val=0.02373 | wMAE=0.122444 | PolarMAE=0.016816 | EMD=0.000811 | MolEMD=0.000302 | R2=0.8880 | LR=2.86e-04 | 58.4s
2026-06-16 14:36:08,018 - INFO - [gine_seed0_mse] Epoch  72/200 | Train=0.01979 | Val=0.02352 | wMAE=0.121452 | PolarMAE=0.016733 | EMD=0.000802 | MolEMD=0.000304 | R2=0.8888 | LR=2.84e-04 | 56.3s
2026-06-16 14:37:04,492 - INFO - [gine_seed0_mse] Epoch  73/200 | Train=0.01973 | Val=0.02400 | wMAE=0.122070 | PolarMAE=0.016618 | EMD=0.000800 | MolEMD=0.000299 | R2=0.8863 | LR=2.81e-04 | 56.5s
2026-06-16 14:38:01,309 - INFO - [gine_seed0_mse] Epoch  74/200 | Train=0.01959 | Val=0.02351 | wMAE=0.121930 | PolarMAE=0.016644 | EMD=0.000792 | MolEMD=0.000285 | R2=0.8894 | LR=2.78e-04 | 56.8s
2026-06-16 14:38:57,314 - INFO - [gine_seed0_mse] Epoch  75/200 | Train=0.01947 | Val=0.02367 | wMAE=0.121497 | PolarMAE=0.016351 | EMD=0.000792 | MolEMD=0.000286 | R2=0.8890 | LR=2.75e-04 | 56.0s
2026-06-16 14:39:53,517 - INFO - [gine_seed0_mse] Epoch  76/200 | Train=0.01943 | Val=0.02336 | wMAE=0.120889 | PolarMAE=0.016627 | EMD=0.000790 | MolEMD=0.000298 | R2=0.8902 | LR=2.71e-04 | 56.2s
2026-06-16 14:40:51,173 - INFO - [gine_seed0_mse] Epoch  77/200 | Train=0.01935 | Val=0.02340 | wMAE=0.120140 | PolarMAE=0.016313 | EMD=0.000777 | MolEMD=0.000287 | R2=0.8902 | LR=2.68e-04 | 57.7s
2026-06-16 14:41:47,277 - INFO - [gine_seed0_mse] Epoch  78/200 | Train=0.01925 | Val=0.02343 | wMAE=0.120758 | PolarMAE=0.016370 | EMD=0.000781 | MolEMD=0.000288 | R2=0.8899 | LR=2.64e-04 | 56.1s
2026-06-16 14:42:43,441 - INFO - [gine_seed0_mse] Epoch  79/200 | Train=0.01912 | Val=0.02303 | wMAE=0.119459 | PolarMAE=0.016422 | EMD=0.000768 | MolEMD=0.000283 | R2=0.8918 | LR=2.60e-04 | 56.2s
2026-06-16 14:42:43,510 - INFO -   -> new best (weighted_mae=0.119459), saved results/checkpoints/gine_seed0_mse.pt
2026-06-16 14:43:40,459 - INFO - [gine_seed0_mse] Epoch  80/200 | Train=0.01909 | Val=0.02302 | wMAE=0.119729 | PolarMAE=0.016295 | EMD=0.000766 | MolEMD=0.000280 | R2=0.8922 | LR=2.56e-04 | 56.9s
2026-06-16 14:44:39,118 - INFO - [gine_seed0_mse] Epoch  81/200 | Train=0.01899 | Val=0.02355 | wMAE=0.119672 | PolarMAE=0.016310 | EMD=0.000764 | MolEMD=0.000291 | R2=0.8903 | LR=2.52e-04 | 58.7s
2026-06-16 14:45:35,291 - INFO - [gine_seed0_mse] Epoch  82/200 | Train=0.01895 | Val=0.02319 | wMAE=0.120692 | PolarMAE=0.016384 | EMD=0.000775 | MolEMD=0.000288 | R2=0.8908 | LR=2.48e-04 | 56.2s
2026-06-16 14:46:32,344 - INFO - [gine_seed0_mse] Epoch  83/200 | Train=0.01881 | Val=0.02285 | wMAE=0.119335 | PolarMAE=0.016306 | EMD=0.000772 | MolEMD=0.000296 | R2=0.8923 | LR=2.43e-04 | 57.1s
2026-06-16 14:46:32,407 - INFO -   -> new best (weighted_mae=0.119335), saved results/checkpoints/gine_seed0_mse.pt
2026-06-16 14:47:29,115 - INFO - [gine_seed0_mse] Epoch  84/200 | Train=0.01868 | Val=0.02262 | wMAE=0.118985 | PolarMAE=0.016218 | EMD=0.000761 | MolEMD=0.000284 | R2=0.8939 | LR=2.38e-04 | 56.7s
2026-06-16 14:47:29,178 - INFO -   -> new best (weighted_mae=0.118985), saved results/checkpoints/gine_seed0_mse.pt
2026-06-16 14:48:25,449 - INFO - [gine_seed0_mse] Epoch  85/200 | Train=0.01866 | Val=0.02275 | wMAE=0.119353 | PolarMAE=0.016192 | EMD=0.000767 | MolEMD=0.000275 | R2=0.8932 | LR=2.34e-04 | 56.3s
2026-06-16 14:49:21,672 - INFO - [gine_seed0_mse] Epoch  86/200 | Train=0.01860 | Val=0.02274 | wMAE=0.119004 | PolarMAE=0.016371 | EMD=0.000767 | MolEMD=0.000280 | R2=0.8932 | LR=2.29e-04 | 56.2s
2026-06-16 14:50:18,927 - INFO - [gine_seed0_mse] Epoch  87/200 | Train=0.01851 | Val=0.02254 | wMAE=0.118000 | PolarMAE=0.016138 | EMD=0.000754 | MolEMD=0.000280 | R2=0.8945 | LR=2.24e-04 | 57.3s
2026-06-16 14:50:18,995 - INFO -   -> new best (weighted_mae=0.118000), saved results/checkpoints/gine_seed0_mse.pt
2026-06-16 14:51:15,545 - INFO - [gine_seed0_mse] Epoch  88/200 | Train=0.01846 | Val=0.02294 | wMAE=0.119438 | PolarMAE=0.016254 | EMD=0.000768 | MolEMD=0.000295 | R2=0.8925 | LR=2.18e-04 | 56.5s
2026-06-16 14:52:11,836 - INFO - [gine_seed0_mse] Epoch  89/200 | Train=0.01836 | Val=0.02276 | wMAE=0.119151 | PolarMAE=0.016191 | EMD=0.000760 | MolEMD=0.000282 | R2=0.8932 | LR=2.13e-04 | 56.3s
2026-06-16 14:53:09,421 - INFO - [gine_seed0_mse] Epoch  90/200 | Train=0.01827 | Val=0.02248 | wMAE=0.118273 | PolarMAE=0.016350 | EMD=0.000753 | MolEMD=0.000274 | R2=0.8946 | LR=2.08e-04 | 57.6s
2026-06-16 14:54:07,724 - INFO - [gine_seed0_mse] Epoch  91/200 | Train=0.01822 | Val=0.02243 | wMAE=0.117969 | PolarMAE=0.016113 | EMD=0.000752 | MolEMD=0.000288 | R2=0.8949 | LR=2.02e-04 | 58.3s
2026-06-16 14:54:07,792 - INFO -   -> new best (weighted_mae=0.117969), saved results/checkpoints/gine_seed0_mse.pt
2026-06-16 14:55:04,013 - INFO - [gine_seed0_mse] Epoch  92/200 | Train=0.01816 | Val=0.02256 | wMAE=0.118030 | PolarMAE=0.016142 | EMD=0.000750 | MolEMD=0.000281 | R2=0.8945 | LR=1.97e-04 | 56.2s
2026-06-16 14:56:01,025 - INFO - [gine_seed0_mse] Epoch  93/200 | Train=0.01807 | Val=0.02229 | wMAE=0.117467 | PolarMAE=0.016291 | EMD=0.000753 | MolEMD=0.000277 | R2=0.8956 | LR=1.91e-04 | 57.0s
2026-06-16 14:56:01,092 - INFO -   -> new best (weighted_mae=0.117467), saved results/checkpoints/gine_seed0_mse.pt
2026-06-16 14:56:57,433 - INFO - [gine_seed0_mse] Epoch  94/200 | Train=0.01800 | Val=0.02243 | wMAE=0.117200 | PolarMAE=0.016103 | EMD=0.000741 | MolEMD=0.000271 | R2=0.8951 | LR=1.85e-04 | 56.3s
2026-06-16 14:56:57,498 - INFO -   -> new best (weighted_mae=0.117200), saved results/checkpoints/gine_seed0_mse.pt
2026-06-16 14:57:53,589 - INFO - [gine_seed0_mse] Epoch  95/200 | Train=0.01795 | Val=0.02252 | wMAE=0.117844 | PolarMAE=0.015838 | EMD=0.000737 | MolEMD=0.000271 | R2=0.8950 | LR=1.80e-04 | 56.1s
2026-06-16 14:58:50,134 - INFO - [gine_seed0_mse] Epoch  96/200 | Train=0.01790 | Val=0.02223 | wMAE=0.117548 | PolarMAE=0.016240 | EMD=0.000748 | MolEMD=0.000271 | R2=0.8957 | LR=1.74e-04 | 56.5s
2026-06-16 14:59:48,497 - INFO - [gine_seed0_mse] Epoch  97/200 | Train=0.01783 | Val=0.02212 | wMAE=0.117126 | PolarMAE=0.016059 | EMD=0.000739 | MolEMD=0.000272 | R2=0.8967 | LR=1.68e-04 | 58.4s
2026-06-16 14:59:48,572 - INFO -   -> new best (weighted_mae=0.117126), saved results/checkpoints/gine_seed0_mse.pt
2026-06-16 15:00:44,867 - INFO - [gine_seed0_mse] Epoch  98/200 | Train=0.01776 | Val=0.02225 | wMAE=0.117450 | PolarMAE=0.015944 | EMD=0.000736 | MolEMD=0.000271 | R2=0.8956 | LR=1.62e-04 | 56.3s
2026-06-16 15:01:42,234 - INFO - [gine_seed0_mse] Epoch  99/200 | Train=0.01771 | Val=0.02194 | wMAE=0.117121 | PolarMAE=0.015805 | EMD=0.000738 | MolEMD=0.000267 | R2=0.8973 | LR=1.56e-04 | 57.4s
2026-06-16 15:01:42,303 - INFO -   -> new best (weighted_mae=0.117121), saved results/checkpoints/gine_seed0_mse.pt
2026-06-16 15:02:40,582 - INFO - [gine_seed0_mse] Epoch 100/200 | Train=0.01765 | Val=0.02193 | wMAE=0.117045 | PolarMAE=0.015903 | EMD=0.000737 | MolEMD=0.000271 | R2=0.8970 | LR=1.50e-04 | 58.3s
2026-06-16 15:02:40,649 - INFO -   -> new best (weighted_mae=0.117045), saved results/checkpoints/gine_seed0_mse.pt
2026-06-16 15:03:36,979 - INFO - [gine_seed0_mse] Epoch 101/200 | Train=0.01758 | Val=0.02199 | wMAE=0.116703 | PolarMAE=0.015879 | EMD=0.000734 | MolEMD=0.000274 | R2=0.8971 | LR=1.45e-04 | 56.3s
2026-06-16 15:03:37,048 - INFO -   -> new best (weighted_mae=0.116703), saved results/checkpoints/gine_seed0_mse.pt
2026-06-16 15:04:33,992 - INFO - [gine_seed0_mse] Epoch 102/200 | Train=0.01755 | Val=0.02215 | wMAE=0.117281 | PolarMAE=0.016213 | EMD=0.000747 | MolEMD=0.000278 | R2=0.8961 | LR=1.39e-04 | 56.9s
2026-06-16 15:05:32,105 - INFO - [gine_seed0_mse] Epoch 103/200 | Train=0.01748 | Val=0.02198 | wMAE=0.116472 | PolarMAE=0.015713 | EMD=0.000724 | MolEMD=0.000266 | R2=0.8970 | LR=1.33e-04 | 58.1s
2026-06-16 15:05:32,172 - INFO -   -> new best (weighted_mae=0.116472), saved results/checkpoints/gine_seed0_mse.pt
2026-06-16 15:06:28,051 - INFO - [gine_seed0_mse] Epoch 104/200 | Train=0.01741 | Val=0.02208 | wMAE=0.116783 | PolarMAE=0.015984 | EMD=0.000739 | MolEMD=0.000278 | R2=0.8967 | LR=1.27e-04 | 55.9s
2026-06-16 15:07:24,391 - INFO - [gine_seed0_mse] Epoch 105/200 | Train=0.01738 | Val=0.02185 | wMAE=0.116772 | PolarMAE=0.015859 | EMD=0.000731 | MolEMD=0.000269 | R2=0.8976 | LR=1.21e-04 | 56.3s
2026-06-16 15:08:22,260 - INFO - [gine_seed0_mse] Epoch 106/200 | Train=0.01733 | Val=0.02195 | wMAE=0.116472 | PolarMAE=0.015974 | EMD=0.000730 | MolEMD=0.000266 | R2=0.8977 | LR=1.16e-04 | 57.9s
2026-06-16 15:09:18,544 - INFO - [gine_seed0_mse] Epoch 107/200 | Train=0.01727 | Val=0.02177 | wMAE=0.115976 | PolarMAE=0.016136 | EMD=0.000733 | MolEMD=0.000269 | R2=0.8981 | LR=1.10e-04 | 56.3s
2026-06-16 15:09:18,612 - INFO -   -> new best (weighted_mae=0.115976), saved results/checkpoints/gine_seed0_mse.pt
2026-06-16 15:10:14,837 - INFO - [gine_seed0_mse] Epoch 108/200 | Train=0.01722 | Val=0.02189 | wMAE=0.116120 | PolarMAE=0.015944 | EMD=0.000722 | MolEMD=0.000266 | R2=0.8977 | LR=1.04e-04 | 56.2s
2026-06-16 15:11:12,354 - INFO - [gine_seed0_mse] Epoch 109/200 | Train=0.01718 | Val=0.02175 | wMAE=0.116089 | PolarMAE=0.016015 | EMD=0.000728 | MolEMD=0.000268 | R2=0.8982 | LR=9.88e-05 | 57.5s
2026-06-16 15:12:10,848 - INFO - [gine_seed0_mse] Epoch 110/200 | Train=0.01713 | Val=0.02181 | wMAE=0.115755 | PolarMAE=0.015782 | EMD=0.000717 | MolEMD=0.000267 | R2=0.8982 | LR=9.33e-05 | 58.5s
2026-06-16 15:12:10,922 - INFO -   -> new best (weighted_mae=0.115755), saved results/checkpoints/gine_seed0_mse.pt
2026-06-16 15:13:17,357 - INFO - [gine_seed0_mse] Epoch 111/200 | Train=0.01709 | Val=0.02167 | wMAE=0.115591 | PolarMAE=0.015607 | EMD=0.000714 | MolEMD=0.000262 | R2=0.8987 | LR=8.79e-05 | 66.4s
2026-06-16 15:13:17,427 - INFO -   -> new best (weighted_mae=0.115591), saved results/checkpoints/gine_seed0_mse.pt
2026-06-16 15:14:23,324 - INFO - [gine_seed0_mse] Epoch 112/200 | Train=0.01704 | Val=0.02160 | wMAE=0.115935 | PolarMAE=0.015885 | EMD=0.000721 | MolEMD=0.000264 | R2=0.8986 | LR=8.26e-05 | 65.9s
2026-06-16 15:15:28,677 - INFO - [gine_seed0_mse] Epoch 113/200 | Train=0.01700 | Val=0.02170 | wMAE=0.115713 | PolarMAE=0.015612 | EMD=0.000715 | MolEMD=0.000264 | R2=0.8986 | LR=7.75e-05 | 65.4s
2026-06-16 15:16:33,969 - INFO - [gine_seed0_mse] Epoch 114/200 | Train=0.01697 | Val=0.02170 | wMAE=0.115571 | PolarMAE=0.015679 | EMD=0.000714 | MolEMD=0.000263 | R2=0.8984 | LR=7.24e-05 | 65.3s
2026-06-16 15:16:34,040 - INFO -   -> new best (weighted_mae=0.115571), saved results/checkpoints/gine_seed0_mse.pt
2026-06-16 15:17:38,567 - INFO - [gine_seed0_mse] Epoch 115/200 | Train=0.01692 | Val=0.02157 | wMAE=0.115623 | PolarMAE=0.015634 | EMD=0.000715 | MolEMD=0.000263 | R2=0.8991 | LR=6.74e-05 | 64.5s
2026-06-16 15:18:36,149 - INFO - [gine_seed0_mse] Epoch 116/200 | Train=0.01690 | Val=0.02172 | wMAE=0.116178 | PolarMAE=0.015575 | EMD=0.000714 | MolEMD=0.000265 | R2=0.8980 | LR=6.26e-05 | 57.6s
2026-06-16 15:19:41,837 - INFO - [gine_seed0_mse] Epoch 117/200 | Train=0.01685 | Val=0.02154 | wMAE=0.115264 | PolarMAE=0.015765 | EMD=0.000715 | MolEMD=0.000263 | R2=0.8994 | LR=5.79e-05 | 65.7s
2026-06-16 15:19:41,912 - INFO -   -> new best (weighted_mae=0.115264), saved results/checkpoints/gine_seed0_mse.pt
2026-06-16 15:20:48,424 - INFO - [gine_seed0_mse] Epoch 118/200 | Train=0.01682 | Val=0.02154 | wMAE=0.115524 | PolarMAE=0.015562 | EMD=0.000710 | MolEMD=0.000261 | R2=0.8993 | LR=5.34e-05 | 66.5s
2026-06-16 15:21:53,840 - INFO - [gine_seed0_mse] Epoch 119/200 | Train=0.01679 | Val=0.02152 | wMAE=0.115530 | PolarMAE=0.015668 | EMD=0.000712 | MolEMD=0.000264 | R2=0.8992 | LR=4.90e-05 | 65.4s
2026-06-16 15:23:01,747 - INFO - [gine_seed0_mse] Epoch 120/200 | Train=0.01675 | Val=0.02151 | wMAE=0.115101 | PolarMAE=0.015573 | EMD=0.000708 | MolEMD=0.000260 | R2=0.8994 | LR=4.48e-05 | 67.9s
2026-06-16 15:23:01,817 - INFO -   -> new best (weighted_mae=0.115101), saved results/checkpoints/gine_seed0_mse.pt
2026-06-16 15:24:09,536 - INFO - [gine_seed0_mse] Epoch 121/200 | Train=0.01673 | Val=0.02153 | wMAE=0.115019 | PolarMAE=0.015633 | EMD=0.000709 | MolEMD=0.000262 | R2=0.8994 | LR=4.07e-05 | 67.7s
2026-06-16 15:24:09,603 - INFO -   -> new best (weighted_mae=0.115019), saved results/checkpoints/gine_seed0_mse.pt
2026-06-16 15:25:15,673 - INFO - [gine_seed0_mse] Epoch 122/200 | Train=0.01671 | Val=0.02151 | wMAE=0.115097 | PolarMAE=0.015605 | EMD=0.000709 | MolEMD=0.000261 | R2=0.8994 | LR=3.68e-05 | 66.1s
2026-06-16 15:26:26,506 - INFO - [gine_seed0_mse] Epoch 123/200 | Train=0.01667 | Val=0.02150 | wMAE=0.114992 | PolarMAE=0.015561 | EMD=0.000705 | MolEMD=0.000260 | R2=0.8994 | LR=3.31e-05 | 70.8s
2026-06-16 15:26:26,576 - INFO -   -> new best (weighted_mae=0.114992), saved results/checkpoints/gine_seed0_mse.pt
2026-06-16 15:27:31,842 - INFO - [gine_seed0_mse] Epoch 124/200 | Train=0.01665 | Val=0.02150 | wMAE=0.115129 | PolarMAE=0.015603 | EMD=0.000706 | MolEMD=0.000260 | R2=0.8994 | LR=2.96e-05 | 65.3s
2026-06-16 15:28:37,720 - INFO - [gine_seed0_mse] Epoch 125/200 | Train=0.01662 | Val=0.02149 | wMAE=0.115002 | PolarMAE=0.015581 | EMD=0.000706 | MolEMD=0.000260 | R2=0.8995 | LR=2.62e-05 | 65.9s
2026-06-16 15:29:46,097 - INFO - [gine_seed0_mse] Epoch 126/200 | Train=0.01660 | Val=0.02142 | wMAE=0.114795 | PolarMAE=0.015650 | EMD=0.000706 | MolEMD=0.000261 | R2=0.8999 | LR=2.30e-05 | 68.4s
2026-06-16 15:29:46,172 - INFO -   -> new best (weighted_mae=0.114795), saved results/checkpoints/gine_seed0_mse.pt
2026-06-16 15:30:54,217 - INFO - [gine_seed0_mse] Epoch 127/200 | Train=0.01657 | Val=0.02147 | wMAE=0.115043 | PolarMAE=0.015643 | EMD=0.000705 | MolEMD=0.000260 | R2=0.8996 | LR=2.01e-05 | 68.0s
2026-06-16 15:31:59,928 - INFO - [gine_seed0_mse] Epoch 128/200 | Train=0.01656 | Val=0.02144 | wMAE=0.114763 | PolarMAE=0.015604 | EMD=0.000706 | MolEMD=0.000260 | R2=0.8998 | LR=1.73e-05 | 65.7s
2026-06-16 15:31:59,995 - INFO -   -> new best (weighted_mae=0.114763), saved results/checkpoints/gine_seed0_mse.pt
2026-06-16 15:33:09,209 - INFO - [gine_seed0_mse] Epoch 129/200 | Train=0.01653 | Val=0.02143 | wMAE=0.114688 | PolarMAE=0.015648 | EMD=0.000705 | MolEMD=0.000259 | R2=0.8999 | LR=1.47e-05 | 69.2s
2026-06-16 15:33:09,315 - INFO -   -> new best (weighted_mae=0.114688), saved results/checkpoints/gine_seed0_mse.pt
2026-06-16 15:34:15,151 - INFO - [gine_seed0_mse] Epoch 130/200 | Train=0.01651 | Val=0.02141 | wMAE=0.114861 | PolarMAE=0.015650 | EMD=0.000707 | MolEMD=0.000259 | R2=0.9000 | LR=1.24e-05 | 65.8s
2026-06-16 15:35:19,977 - INFO - [gine_seed0_mse] Epoch 131/200 | Train=0.01650 | Val=0.02142 | wMAE=0.114756 | PolarMAE=0.015565 | EMD=0.000704 | MolEMD=0.000259 | R2=0.8999 | LR=1.02e-05 | 64.8s
2026-06-16 15:36:32,326 - INFO - [gine_seed0_mse] Epoch 132/200 | Train=0.01650 | Val=0.02139 | wMAE=0.114779 | PolarMAE=0.015598 | EMD=0.000706 | MolEMD=0.000258 | R2=0.9000 | LR=8.32e-06 | 72.3s
2026-06-16 15:37:38,082 - INFO - [gine_seed0_mse] Epoch 133/200 | Train=0.01648 | Val=0.02136 | wMAE=0.114746 | PolarMAE=0.015566 | EMD=0.000704 | MolEMD=0.000258 | R2=0.9001 | LR=6.61e-06 | 65.8s
2026-06-16 15:38:44,422 - INFO - [gine_seed0_mse] Epoch 134/200 | Train=0.01647 | Val=0.02140 | wMAE=0.114746 | PolarMAE=0.015565 | EMD=0.000704 | MolEMD=0.000259 | R2=0.8999 | LR=5.13e-06 | 66.3s
2026-06-16 15:39:53,060 - INFO - [gine_seed0_mse] Epoch 135/200 | Train=0.01646 | Val=0.02138 | wMAE=0.114666 | PolarMAE=0.015607 | EMD=0.000705 | MolEMD=0.000259 | R2=0.9001 | LR=3.87e-06 | 68.6s
2026-06-16 15:39:53,154 - INFO -   -> new best (weighted_mae=0.114666), saved results/checkpoints/gine_seed0_mse.pt
2026-06-16 15:40:59,503 - INFO - [gine_seed0_mse] Epoch 136/200 | Train=0.01645 | Val=0.02138 | wMAE=0.114710 | PolarMAE=0.015585 | EMD=0.000704 | MolEMD=0.000258 | R2=0.9000 | LR=2.84e-06 | 66.3s
2026-06-16 15:42:05,594 - INFO - [gine_seed0_mse] Epoch 137/200 | Train=0.01645 | Val=0.02138 | wMAE=0.114714 | PolarMAE=0.015602 | EMD=0.000705 | MolEMD=0.000259 | R2=0.9001 | LR=2.04e-06 | 65.9s
2026-06-16 15:43:14,260 - INFO - [gine_seed0_mse] Epoch 138/200 | Train=0.01644 | Val=0.02137 | wMAE=0.114694 | PolarMAE=0.015550 | EMD=0.000704 | MolEMD=0.000258 | R2=0.9001 | LR=1.46e-06 | 68.7s
2026-06-16 15:44:20,603 - INFO - [gine_seed0_mse] Epoch 139/200 | Train=0.01645 | Val=0.02137 | wMAE=0.114657 | PolarMAE=0.015554 | EMD=0.000703 | MolEMD=0.000258 | R2=0.9001 | LR=1.12e-06 | 66.3s
2026-06-16 15:44:20,728 - INFO -   -> new best (weighted_mae=0.114657), saved results/checkpoints/gine_seed0_mse.pt
2026-06-16 15:45:27,811 - INFO - [gine_seed0_mse] Epoch 140/200 | Train=0.01643 | Val=0.02137 | wMAE=0.114693 | PolarMAE=0.015562 | EMD=0.000704 | MolEMD=0.000258 | R2=0.9001 | LR=3.00e-04 | 67.1s
2026-06-16 15:46:35,309 - INFO - [gine_seed0_mse] Epoch 141/200 | Train=0.01857 | Val=0.02308 | wMAE=0.119195 | PolarMAE=0.016048 | EMD=0.000747 | MolEMD=0.000283 | R2=0.8922 | LR=3.00e-04 | 67.5s
2026-06-16 15:47:40,484 - INFO - [gine_seed0_mse] Epoch 142/200 | Train=0.01813 | Val=0.02284 | wMAE=0.118389 | PolarMAE=0.016339 | EMD=0.000755 | MolEMD=0.000276 | R2=0.8941 | LR=3.00e-04 | 65.2s
2026-06-16 15:48:46,666 - INFO - [gine_seed0_mse] Epoch 143/200 | Train=0.01801 | Val=0.02255 | wMAE=0.117779 | PolarMAE=0.016090 | EMD=0.000738 | MolEMD=0.000278 | R2=0.8944 | LR=3.00e-04 | 66.2s
2026-06-16 15:49:57,258 - INFO - [gine_seed0_mse] Epoch 144/200 | Train=0.01785 | Val=0.02265 | wMAE=0.117345 | PolarMAE=0.016408 | EMD=0.000744 | MolEMD=0.000291 | R2=0.8948 | LR=3.00e-04 | 70.6s
2026-06-16 15:51:03,246 - INFO - [gine_seed0_mse] Epoch 145/200 | Train=0.01788 | Val=0.02282 | wMAE=0.118296 | PolarMAE=0.016067 | EMD=0.000738 | MolEMD=0.000276 | R2=0.8926 | LR=2.99e-04 | 66.0s
2026-06-16 15:52:10,603 - INFO - [gine_seed0_mse] Epoch 146/200 | Train=0.01783 | Val=0.02276 | wMAE=0.119880 | PolarMAE=0.015886 | EMD=0.000742 | MolEMD=0.000285 | R2=0.8913 | LR=2.99e-04 | 67.4s
2026-06-16 15:53:18,976 - INFO - [gine_seed0_mse] Epoch 147/200 | Train=0.01781 | Val=0.02240 | wMAE=0.116990 | PolarMAE=0.016222 | EMD=0.000744 | MolEMD=0.000281 | R2=0.8952 | LR=2.99e-04 | 68.4s
2026-06-16 15:54:25,933 - INFO - [gine_seed0_mse] Epoch 148/200 | Train=0.01773 | Val=0.02231 | wMAE=0.116738 | PolarMAE=0.016143 | EMD=0.000735 | MolEMD=0.000274 | R2=0.8964 | LR=2.98e-04 | 67.0s
2026-06-16 15:55:34,425 - INFO - [gine_seed0_mse] Epoch 149/200 | Train=0.01770 | Val=0.02232 | wMAE=0.116855 | PolarMAE=0.016018 | EMD=0.000737 | MolEMD=0.000274 | R2=0.8959 | LR=2.98e-04 | 68.5s
2026-06-16 15:56:42,300 - INFO - [gine_seed0_mse] Epoch 150/200 | Train=0.01765 | Val=0.02209 | wMAE=0.117493 | PolarMAE=0.015903 | EMD=0.000731 | MolEMD=0.000270 | R2=0.8964 | LR=2.97e-04 | 67.9s
2026-06-16 15:57:48,653 - INFO - [gine_seed0_mse] Epoch 151/200 | Train=0.01767 | Val=0.02257 | wMAE=0.117395 | PolarMAE=0.016316 | EMD=0.000737 | MolEMD=0.000275 | R2=0.8949 | LR=2.97e-04 | 66.4s
2026-06-16 15:58:57,837 - INFO - [gine_seed0_mse] Epoch 152/200 | Train=0.01768 | Val=0.02229 | wMAE=0.117311 | PolarMAE=0.016112 | EMD=0.000742 | MolEMD=0.000276 | R2=0.8959 | LR=2.96e-04 | 69.2s
2026-06-16 16:00:04,247 - INFO - [gine_seed0_mse] Epoch 153/200 | Train=0.01754 | Val=0.02301 | wMAE=0.119867 | PolarMAE=0.015869 | EMD=0.000750 | MolEMD=0.000307 | R2=0.8911 | LR=2.95e-04 | 66.4s
2026-06-16 16:01:10,754 - INFO - [gine_seed0_mse] Epoch 154/200 | Train=0.01753 | Val=0.02217 | wMAE=0.116885 | PolarMAE=0.016135 | EMD=0.000738 | MolEMD=0.000278 | R2=0.8965 | LR=2.94e-04 | 66.5s
2026-06-16 16:02:24,592 - INFO - [gine_seed0_mse] Epoch 155/200 | Train=0.01746 | Val=0.02226 | wMAE=0.117261 | PolarMAE=0.015941 | EMD=0.000731 | MolEMD=0.000274 | R2=0.8956 | LR=2.94e-04 | 73.8s
2026-06-16 16:03:31,925 - INFO - [gine_seed0_mse] Epoch 156/200 | Train=0.01745 | Val=0.02220 | wMAE=0.117148 | PolarMAE=0.015757 | EMD=0.000729 | MolEMD=0.000274 | R2=0.8963 | LR=2.93e-04 | 67.3s
2026-06-16 16:04:37,682 - INFO - [gine_seed0_mse] Epoch 157/200 | Train=0.01744 | Val=0.02221 | wMAE=0.117527 | PolarMAE=0.015953 | EMD=0.000733 | MolEMD=0.000286 | R2=0.8957 | LR=2.92e-04 | 65.8s
2026-06-16 16:05:50,193 - INFO - [gine_seed0_mse] Epoch 158/200 | Train=0.01739 | Val=0.02214 | wMAE=0.116708 | PolarMAE=0.016075 | EMD=0.000735 | MolEMD=0.000274 | R2=0.8964 | LR=2.91e-04 | 72.5s
2026-06-16 16:06:57,343 - INFO - [gine_seed0_mse] Epoch 159/200 | Train=0.01736 | Val=0.02202 | wMAE=0.116151 | PolarMAE=0.015718 | EMD=0.000720 | MolEMD=0.000269 | R2=0.8972 | LR=2.90e-04 | 67.1s
2026-06-16 16:06:57,344 - INFO - Early stopping at epoch 159.
2026-06-16 16:06:57,344 - INFO - Loading best checkpoint for test evaluation...
2026-06-16 16:07:32,773 - INFO - [gine_seed0_mse] TEST METRICS: {'loss': 0.019754583394298187, 'weighted_r2': 0.9054166078567505, 'weighted_mae': 0.11378556489944458, 'polar_mae': 0.01714926026761532, 'cosine_similarity': 0.9348977438381014, 'emd_raw': 0.000745706278803964, 'emd_normalized': 0.0007457062788039664, 'molecular_mae': 0.4923400884322249, 'molecular_emd': 0.00024364594460524254, 'molecular_cosine': 0.9940119753510525, 'molecular_polar_mae': 0.22583745515094517}
2026-06-16 16:07:32,797 - INFO - Saved results to results/metrics/gine_seed0_mse.json
2026-06-16 16:08:14,018 - INFO - Device: cuda
2026-06-16 16:08:14,108 - INFO - Loading cached dataset: /mnt/tank/scratch/ikarpushkina/sigma/ASPEN/data/train_test_val_df/cache/chaos_atomic_train_with_coordinates.parquet.fac02d20b3.pt
2026-06-16 16:08:31,336 - INFO - chaos_atomic_train_with_coordinates.parquet: 36981 molecules, 1077949 atoms, extended=True, RDKit mol valid: 36981/36981 (100.0%)
2026-06-16 16:08:31,337 - INFO - Loading cached dataset: /mnt/tank/scratch/ikarpushkina/sigma/ASPEN/data/train_test_val_df/cache/chaos_atomic_val_with_coordinates.parquet.fac02d20b3.pt
2026-06-16 16:08:34,344 - INFO - chaos_atomic_val_with_coordinates.parquet: 7941 molecules, 235573 atoms, extended=True, RDKit mol valid: 7941/7941 (100.0%)
2026-06-16 16:08:34,345 - INFO - Loading cached dataset: /mnt/tank/scratch/ikarpushkina/sigma/ASPEN/data/train_test_val_df/cache/chaos_atomic_test_with_coordinates.parquet.fac02d20b3.pt
2026-06-16 16:08:38,845 - INFO - chaos_atomic_test_with_coordinates.parquet: 7800 molecules, 221748 atoms, extended=True, RDKit mol valid: 7800/7800 (100.0%)
2026-06-16 16:08:39,621 - INFO - gine: 693,494 params (target 695,667, diff 0.3%)
2026-06-16 16:09:46,236 - INFO - [gine_seed1_mse] Epoch   1/200 | Train=0.08376 | Val=0.05591 | wMAE=0.186891 | PolarMAE=0.028934 | EMD=0.001688 | MolEMD=0.000643 | R2=0.7453 | LR=2.98e-04 | 66.6s
2026-06-16 16:09:46,307 - INFO -   -> new best (weighted_mae=0.186891), saved results/checkpoints/gine_seed1_mse.pt
2026-06-16 16:10:51,068 - INFO - [gine_seed1_mse] Epoch   2/200 | Train=0.04629 | Val=0.04663 | wMAE=0.168985 | PolarMAE=0.022828 | EMD=0.001393 | MolEMD=0.000550 | R2=0.7862 | LR=2.93e-04 | 64.8s
2026-06-16 16:10:51,155 - INFO -   -> new best (weighted_mae=0.168985), saved results/checkpoints/gine_seed1_mse.pt
2026-06-16 16:11:56,578 - INFO - [gine_seed1_mse] Epoch   3/200 | Train=0.03909 | Val=0.04151 | wMAE=0.158471 | PolarMAE=0.022451 | EMD=0.001298 | MolEMD=0.000506 | R2=0.8088 | LR=2.84e-04 | 65.4s
2026-06-16 16:11:56,661 - INFO -   -> new best (weighted_mae=0.158471), saved results/checkpoints/gine_seed1_mse.pt
2026-06-16 16:13:01,583 - INFO - [gine_seed1_mse] Epoch   4/200 | Train=0.03547 | Val=0.03834 | wMAE=0.153458 | PolarMAE=0.021851 | EMD=0.001239 | MolEMD=0.000472 | R2=0.8238 | LR=2.71e-04 | 64.9s
2026-06-16 16:13:01,654 - INFO -   -> new best (weighted_mae=0.153458), saved results/checkpoints/gine_seed1_mse.pt
2026-06-16 16:14:10,528 - INFO - [gine_seed1_mse] Epoch   5/200 | Train=0.03317 | Val=0.03647 | wMAE=0.147441 | PolarMAE=0.020888 | EMD=0.001165 | MolEMD=0.000415 | R2=0.8326 | LR=2.56e-04 | 68.9s
2026-06-16 16:14:10,597 - INFO -   -> new best (weighted_mae=0.147441), saved results/checkpoints/gine_seed1_mse.pt
2026-06-16 16:15:15,387 - INFO - [gine_seed1_mse] Epoch   6/200 | Train=0.03136 | Val=0.03736 | wMAE=0.150382 | PolarMAE=0.020515 | EMD=0.001143 | MolEMD=0.000407 | R2=0.8236 | LR=2.38e-04 | 64.8s
2026-06-16 16:16:28,048 - INFO - [gine_seed1_mse] Epoch   7/200 | Train=0.02990 | Val=0.03437 | wMAE=0.145581 | PolarMAE=0.019795 | EMD=0.001105 | MolEMD=0.000414 | R2=0.8399 | LR=2.18e-04 | 72.7s
2026-06-16 16:16:28,114 - INFO -   -> new best (weighted_mae=0.145581), saved results/checkpoints/gine_seed1_mse.pt
2026-06-16 16:17:31,905 - INFO - [gine_seed1_mse] Epoch   8/200 | Train=0.02873 | Val=0.03409 | wMAE=0.143709 | PolarMAE=0.020239 | EMD=0.001096 | MolEMD=0.000413 | R2=0.8419 | LR=1.97e-04 | 63.8s
2026-06-16 16:17:31,977 - INFO -   -> new best (weighted_mae=0.143709), saved results/checkpoints/gine_seed1_mse.pt
2026-06-16 16:18:43,095 - INFO - [gine_seed1_mse] Epoch   9/200 | Train=0.02781 | Val=0.03209 | wMAE=0.140139 | PolarMAE=0.019132 | EMD=0.001038 | MolEMD=0.000381 | R2=0.8513 | LR=1.74e-04 | 71.1s
2026-06-16 16:18:43,161 - INFO -   -> new best (weighted_mae=0.140139), saved results/checkpoints/gine_seed1_mse.pt
2026-06-16 16:19:46,884 - INFO - [gine_seed1_mse] Epoch  10/200 | Train=0.02696 | Val=0.03124 | wMAE=0.137851 | PolarMAE=0.018723 | EMD=0.001008 | MolEMD=0.000357 | R2=0.8548 | LR=1.50e-04 | 63.7s
2026-06-16 16:19:46,966 - INFO -   -> new best (weighted_mae=0.137851), saved results/checkpoints/gine_seed1_mse.pt
2026-06-16 16:20:55,909 - INFO - [gine_seed1_mse] Epoch  11/200 | Train=0.02626 | Val=0.03027 | wMAE=0.135998 | PolarMAE=0.018335 | EMD=0.000980 | MolEMD=0.000346 | R2=0.8600 | LR=1.27e-04 | 68.9s
2026-06-16 16:20:55,983 - INFO -   -> new best (weighted_mae=0.135998), saved results/checkpoints/gine_seed1_mse.pt
2026-06-16 16:22:03,583 - INFO - [gine_seed1_mse] Epoch  12/200 | Train=0.02574 | Val=0.02986 | wMAE=0.135157 | PolarMAE=0.018005 | EMD=0.000964 | MolEMD=0.000338 | R2=0.8614 | LR=1.04e-04 | 67.6s
2026-06-16 16:22:03,651 - INFO -   -> new best (weighted_mae=0.135157), saved results/checkpoints/gine_seed1_mse.pt
2026-06-16 16:23:10,154 - INFO - [gine_seed1_mse] Epoch  13/200 | Train=0.02510 | Val=0.02933 | wMAE=0.134128 | PolarMAE=0.017602 | EMD=0.000947 | MolEMD=0.000342 | R2=0.8635 | LR=8.26e-05 | 66.5s
2026-06-16 16:23:10,225 - INFO -   -> new best (weighted_mae=0.134128), saved results/checkpoints/gine_seed1_mse.pt
2026-06-16 16:24:18,589 - INFO - [gine_seed1_mse] Epoch  14/200 | Train=0.02471 | Val=0.02907 | wMAE=0.133586 | PolarMAE=0.018014 | EMD=0.000946 | MolEMD=0.000331 | R2=0.8648 | LR=6.26e-05 | 68.4s
2026-06-16 16:24:18,660 - INFO -   -> new best (weighted_mae=0.133586), saved results/checkpoints/gine_seed1_mse.pt
2026-06-16 16:25:24,000 - INFO - [gine_seed1_mse] Epoch  15/200 | Train=0.02431 | Val=0.02864 | wMAE=0.132858 | PolarMAE=0.017846 | EMD=0.000932 | MolEMD=0.000325 | R2=0.8661 | LR=4.48e-05 | 65.3s
2026-06-16 16:25:24,066 - INFO -   -> new best (weighted_mae=0.132858), saved results/checkpoints/gine_seed1_mse.pt
2026-06-16 16:26:32,361 - INFO - [gine_seed1_mse] Epoch  16/200 | Train=0.02396 | Val=0.02821 | wMAE=0.132401 | PolarMAE=0.017603 | EMD=0.000921 | MolEMD=0.000324 | R2=0.8688 | LR=2.96e-05 | 68.3s
2026-06-16 16:26:32,433 - INFO -   -> new best (weighted_mae=0.132401), saved results/checkpoints/gine_seed1_mse.pt
2026-06-16 16:27:36,703 - INFO - [gine_seed1_mse] Epoch  17/200 | Train=0.02371 | Val=0.02798 | wMAE=0.131901 | PolarMAE=0.017541 | EMD=0.000921 | MolEMD=0.000322 | R2=0.8695 | LR=1.73e-05 | 64.3s
2026-06-16 16:27:36,772 - INFO -   -> new best (weighted_mae=0.131901), saved results/checkpoints/gine_seed1_mse.pt
2026-06-16 16:28:43,648 - INFO - [gine_seed1_mse] Epoch  18/200 | Train=0.02351 | Val=0.02786 | wMAE=0.131086 | PolarMAE=0.017706 | EMD=0.000917 | MolEMD=0.000319 | R2=0.8704 | LR=8.32e-06 | 66.9s
2026-06-16 16:28:43,721 - INFO -   -> new best (weighted_mae=0.131086), saved results/checkpoints/gine_seed1_mse.pt
2026-06-16 16:29:57,407 - INFO - [gine_seed1_mse] Epoch  19/200 | Train=0.02338 | Val=0.02770 | wMAE=0.130553 | PolarMAE=0.017526 | EMD=0.000911 | MolEMD=0.000319 | R2=0.8713 | LR=2.84e-06 | 73.7s
2026-06-16 16:29:57,529 - INFO -   -> new best (weighted_mae=0.130553), saved results/checkpoints/gine_seed1_mse.pt
2026-06-16 16:31:02,250 - INFO - [gine_seed1_mse] Epoch  20/200 | Train=0.02329 | Val=0.02768 | wMAE=0.130766 | PolarMAE=0.017615 | EMD=0.000912 | MolEMD=0.000318 | R2=0.8711 | LR=3.00e-04 | 64.7s
2026-06-16 16:32:09,179 - INFO - [gine_seed1_mse] Epoch  21/200 | Train=0.02689 | Val=0.03075 | wMAE=0.137715 | PolarMAE=0.018603 | EMD=0.000991 | MolEMD=0.000364 | R2=0.8565 | LR=3.00e-04 | 66.9s
2026-06-16 16:33:14,086 - INFO - [gine_seed1_mse] Epoch  22/200 | Train=0.02548 | Val=0.02955 | wMAE=0.134977 | PolarMAE=0.018477 | EMD=0.000953 | MolEMD=0.000349 | R2=0.8629 | LR=2.98e-04 | 64.9s
2026-06-16 16:34:21,745 - INFO - [gine_seed1_mse] Epoch  23/200 | Train=0.02489 | Val=0.02885 | wMAE=0.132716 | PolarMAE=0.017936 | EMD=0.000911 | MolEMD=0.000331 | R2=0.8645 | LR=2.96e-04 | 67.7s
2026-06-16 16:35:27,860 - INFO - [gine_seed1_mse] Epoch  24/200 | Train=0.02457 | Val=0.02894 | wMAE=0.133079 | PolarMAE=0.018482 | EMD=0.000945 | MolEMD=0.000349 | R2=0.8649 | LR=2.93e-04 | 66.1s
2026-06-16 16:36:32,661 - INFO - [gine_seed1_mse] Epoch  25/200 | Train=0.02414 | Val=0.02859 | wMAE=0.131145 | PolarMAE=0.018100 | EMD=0.000918 | MolEMD=0.000341 | R2=0.8678 | LR=2.89e-04 | 64.8s
2026-06-16 16:37:38,444 - INFO - [gine_seed1_mse] Epoch  26/200 | Train=0.02380 | Val=0.02777 | wMAE=0.130962 | PolarMAE=0.017725 | EMD=0.000908 | MolEMD=0.000332 | R2=0.8701 | LR=2.84e-04 | 65.8s
2026-06-16 16:38:43,248 - INFO - [gine_seed1_mse] Epoch  27/200 | Train=0.02350 | Val=0.02729 | wMAE=0.129607 | PolarMAE=0.018055 | EMD=0.000911 | MolEMD=0.000332 | R2=0.8727 | LR=2.78e-04 | 64.8s
2026-06-16 16:38:43,316 - INFO -   -> new best (weighted_mae=0.129607), saved results/checkpoints/gine_seed1_mse.pt
2026-06-16 16:39:48,682 - INFO - [gine_seed1_mse] Epoch  28/200 | Train=0.02313 | Val=0.02713 | wMAE=0.129121 | PolarMAE=0.017829 | EMD=0.000899 | MolEMD=0.000331 | R2=0.8741 | LR=2.71e-04 | 65.4s
2026-06-16 16:39:48,755 - INFO -   -> new best (weighted_mae=0.129121), saved results/checkpoints/gine_seed1_mse.pt
2026-06-16 16:40:53,845 - INFO - [gine_seed1_mse] Epoch  29/200 | Train=0.02288 | Val=0.02695 | wMAE=0.129051 | PolarMAE=0.017298 | EMD=0.000877 | MolEMD=0.000321 | R2=0.8752 | LR=2.64e-04 | 65.1s
2026-06-16 16:40:53,910 - INFO -   -> new best (weighted_mae=0.129051), saved results/checkpoints/gine_seed1_mse.pt
2026-06-16 16:41:59,692 - INFO - [gine_seed1_mse] Epoch  30/200 | Train=0.02260 | Val=0.02684 | wMAE=0.128262 | PolarMAE=0.017781 | EMD=0.000877 | MolEMD=0.000328 | R2=0.8746 | LR=2.56e-04 | 65.8s
2026-06-16 16:41:59,760 - INFO -   -> new best (weighted_mae=0.128262), saved results/checkpoints/gine_seed1_mse.pt
2026-06-16 16:43:04,560 - INFO - [gine_seed1_mse] Epoch  31/200 | Train=0.02238 | Val=0.02611 | wMAE=0.126427 | PolarMAE=0.017067 | EMD=0.000854 | MolEMD=0.000310 | R2=0.8786 | LR=2.48e-04 | 64.8s
2026-06-16 16:43:04,626 - INFO -   -> new best (weighted_mae=0.126427), saved results/checkpoints/gine_seed1_mse.pt
2026-06-16 16:44:11,418 - INFO - [gine_seed1_mse] Epoch  32/200 | Train=0.02209 | Val=0.02586 | wMAE=0.127644 | PolarMAE=0.017118 | EMD=0.000864 | MolEMD=0.000322 | R2=0.8786 | LR=2.38e-04 | 66.8s
2026-06-16 16:45:15,208 - INFO - [gine_seed1_mse] Epoch  33/200 | Train=0.02182 | Val=0.02558 | wMAE=0.125745 | PolarMAE=0.017072 | EMD=0.000854 | MolEMD=0.000309 | R2=0.8807 | LR=2.29e-04 | 63.8s
2026-06-16 16:45:15,274 - INFO -   -> new best (weighted_mae=0.125745), saved results/checkpoints/gine_seed1_mse.pt
2026-06-16 16:46:26,096 - INFO - [gine_seed1_mse] Epoch  34/200 | Train=0.02161 | Val=0.02561 | wMAE=0.126832 | PolarMAE=0.017238 | EMD=0.000854 | MolEMD=0.000306 | R2=0.8796 | LR=2.18e-04 | 70.8s
2026-06-16 16:47:30,597 - INFO - [gine_seed1_mse] Epoch  35/200 | Train=0.02141 | Val=0.02494 | wMAE=0.124208 | PolarMAE=0.016907 | EMD=0.000828 | MolEMD=0.000294 | R2=0.8834 | LR=2.08e-04 | 64.5s
2026-06-16 16:47:30,683 - INFO -   -> new best (weighted_mae=0.124208), saved results/checkpoints/gine_seed1_mse.pt
2026-06-16 16:48:36,787 - INFO - [gine_seed1_mse] Epoch  36/200 | Train=0.02117 | Val=0.02490 | wMAE=0.124013 | PolarMAE=0.016820 | EMD=0.000832 | MolEMD=0.000294 | R2=0.8837 | LR=1.97e-04 | 66.1s
2026-06-16 16:48:36,862 - INFO -   -> new best (weighted_mae=0.124013), saved results/checkpoints/gine_seed1_mse.pt
2026-06-16 16:49:42,768 - INFO - [gine_seed1_mse] Epoch  37/200 | Train=0.02092 | Val=0.02513 | wMAE=0.125118 | PolarMAE=0.016994 | EMD=0.000831 | MolEMD=0.000298 | R2=0.8827 | LR=1.85e-04 | 65.9s
2026-06-16 16:50:47,752 - INFO - [gine_seed1_mse] Epoch  38/200 | Train=0.02074 | Val=0.02518 | wMAE=0.124603 | PolarMAE=0.017008 | EMD=0.000828 | MolEMD=0.000304 | R2=0.8824 | LR=1.74e-04 | 65.0s
2026-06-16 16:51:55,694 - INFO - [gine_seed1_mse] Epoch  39/200 | Train=0.02063 | Val=0.02454 | wMAE=0.123449 | PolarMAE=0.016931 | EMD=0.000820 | MolEMD=0.000295 | R2=0.8851 | LR=1.62e-04 | 67.9s
2026-06-16 16:51:55,765 - INFO -   -> new best (weighted_mae=0.123449), saved results/checkpoints/gine_seed1_mse.pt
2026-06-16 16:53:00,645 - INFO - [gine_seed1_mse] Epoch  40/200 | Train=0.02037 | Val=0.02463 | wMAE=0.123169 | PolarMAE=0.016693 | EMD=0.000810 | MolEMD=0.000292 | R2=0.8851 | LR=1.50e-04 | 64.9s
2026-06-16 16:53:00,720 - INFO -   -> new best (weighted_mae=0.123169), saved results/checkpoints/gine_seed1_mse.pt
2026-06-16 16:54:09,278 - INFO - [gine_seed1_mse] Epoch  41/200 | Train=0.02023 | Val=0.02464 | wMAE=0.123783 | PolarMAE=0.016639 | EMD=0.000815 | MolEMD=0.000295 | R2=0.8844 | LR=1.39e-04 | 68.6s
2026-06-16 16:55:13,491 - INFO - [gine_seed1_mse] Epoch  42/200 | Train=0.02006 | Val=0.02418 | wMAE=0.122844 | PolarMAE=0.017085 | EMD=0.000814 | MolEMD=0.000294 | R2=0.8872 | LR=1.27e-04 | 64.2s
2026-06-16 16:55:13,559 - INFO -   -> new best (weighted_mae=0.122844), saved results/checkpoints/gine_seed1_mse.pt
2026-06-16 16:56:19,090 - INFO - [gine_seed1_mse] Epoch  43/200 | Train=0.01994 | Val=0.02426 | wMAE=0.122541 | PolarMAE=0.016870 | EMD=0.000804 | MolEMD=0.000291 | R2=0.8871 | LR=1.16e-04 | 65.5s
2026-06-16 16:56:19,154 - INFO -   -> new best (weighted_mae=0.122541), saved results/checkpoints/gine_seed1_mse.pt
2026-06-16 16:57:25,554 - INFO - [gine_seed1_mse] Epoch  44/200 | Train=0.01979 | Val=0.02391 | wMAE=0.121699 | PolarMAE=0.016794 | EMD=0.000806 | MolEMD=0.000313 | R2=0.8881 | LR=1.04e-04 | 66.4s
2026-06-16 16:57:25,621 - INFO -   -> new best (weighted_mae=0.121699), saved results/checkpoints/gine_seed1_mse.pt
2026-06-16 16:58:30,184 - INFO - [gine_seed1_mse] Epoch  45/200 | Train=0.01963 | Val=0.02393 | wMAE=0.121481 | PolarMAE=0.016910 | EMD=0.000799 | MolEMD=0.000289 | R2=0.8884 | LR=9.33e-05 | 64.6s
2026-06-16 16:58:30,252 - INFO -   -> new best (weighted_mae=0.121481), saved results/checkpoints/gine_seed1_mse.pt
2026-06-16 16:59:38,990 - INFO - [gine_seed1_mse] Epoch  46/200 | Train=0.01952 | Val=0.02380 | wMAE=0.121753 | PolarMAE=0.016228 | EMD=0.000790 | MolEMD=0.000288 | R2=0.8884 | LR=8.26e-05 | 68.7s
2026-06-16 17:00:42,799 - INFO - [gine_seed1_mse] Epoch  47/200 | Train=0.01940 | Val=0.02356 | wMAE=0.120995 | PolarMAE=0.016345 | EMD=0.000784 | MolEMD=0.000280 | R2=0.8898 | LR=7.24e-05 | 63.8s
2026-06-16 17:00:42,872 - INFO -   -> new best (weighted_mae=0.120995), saved results/checkpoints/gine_seed1_mse.pt
2026-06-16 17:01:50,290 - INFO - [gine_seed1_mse] Epoch  48/200 | Train=0.01925 | Val=0.02348 | wMAE=0.120849 | PolarMAE=0.016434 | EMD=0.000784 | MolEMD=0.000280 | R2=0.8900 | LR=6.26e-05 | 67.4s
2026-06-16 17:01:50,359 - INFO -   -> new best (weighted_mae=0.120849), saved results/checkpoints/gine_seed1_mse.pt
2026-06-16 17:02:53,533 - INFO - [gine_seed1_mse] Epoch  49/200 | Train=0.01914 | Val=0.02335 | wMAE=0.120451 | PolarMAE=0.016219 | EMD=0.000781 | MolEMD=0.000281 | R2=0.8909 | LR=5.34e-05 | 63.2s
2026-06-16 17:02:53,603 - INFO -   -> new best (weighted_mae=0.120451), saved results/checkpoints/gine_seed1_mse.pt
2026-06-16 17:03:56,705 - INFO - [gine_seed1_mse] Epoch  50/200 | Train=0.01906 | Val=0.02337 | wMAE=0.120520 | PolarMAE=0.016161 | EMD=0.000777 | MolEMD=0.000278 | R2=0.8907 | LR=4.48e-05 | 63.1s
2026-06-16 17:05:05,105 - INFO - [gine_seed1_mse] Epoch  51/200 | Train=0.01897 | Val=0.02328 | wMAE=0.120368 | PolarMAE=0.016201 | EMD=0.000776 | MolEMD=0.000277 | R2=0.8909 | LR=3.68e-05 | 68.4s
2026-06-16 17:05:05,177 - INFO -   -> new best (weighted_mae=0.120368), saved results/checkpoints/gine_seed1_mse.pt
2026-06-16 17:06:08,034 - INFO - [gine_seed1_mse] Epoch  52/200 | Train=0.01890 | Val=0.02329 | wMAE=0.120140 | PolarMAE=0.016302 | EMD=0.000777 | MolEMD=0.000279 | R2=0.8911 | LR=2.96e-05 | 62.9s
2026-06-16 17:06:08,106 - INFO -   -> new best (weighted_mae=0.120140), saved results/checkpoints/gine_seed1_mse.pt
2026-06-16 17:07:19,801 - INFO - [gine_seed1_mse] Epoch  53/200 | Train=0.01882 | Val=0.02311 | wMAE=0.119964 | PolarMAE=0.016286 | EMD=0.000775 | MolEMD=0.000278 | R2=0.8916 | LR=2.30e-05 | 71.7s
2026-06-16 17:07:19,874 - INFO -   -> new best (weighted_mae=0.119964), saved results/checkpoints/gine_seed1_mse.pt
2026-06-16 17:08:24,232 - INFO - [gine_seed1_mse] Epoch  54/200 | Train=0.01876 | Val=0.02313 | wMAE=0.119764 | PolarMAE=0.016103 | EMD=0.000769 | MolEMD=0.000276 | R2=0.8919 | LR=1.73e-05 | 64.4s
2026-06-16 17:08:24,301 - INFO -   -> new best (weighted_mae=0.119764), saved results/checkpoints/gine_seed1_mse.pt
2026-06-16 17:09:29,216 - INFO - [gine_seed1_mse] Epoch  55/200 | Train=0.01872 | Val=0.02319 | wMAE=0.119906 | PolarMAE=0.016275 | EMD=0.000772 | MolEMD=0.000276 | R2=0.8916 | LR=1.24e-05 | 64.9s
2026-06-16 17:10:34,381 - INFO - [gine_seed1_mse] Epoch  56/200 | Train=0.01866 | Val=0.02311 | wMAE=0.119713 | PolarMAE=0.016098 | EMD=0.000767 | MolEMD=0.000275 | R2=0.8918 | LR=8.32e-06 | 65.2s
2026-06-16 17:10:34,479 - INFO -   -> new best (weighted_mae=0.119713), saved results/checkpoints/gine_seed1_mse.pt
2026-06-16 17:11:38,652 - INFO - [gine_seed1_mse] Epoch  57/200 | Train=0.01863 | Val=0.02310 | wMAE=0.119606 | PolarMAE=0.016212 | EMD=0.000769 | MolEMD=0.000275 | R2=0.8918 | LR=5.13e-06 | 64.2s
2026-06-16 17:11:38,719 - INFO -   -> new best (weighted_mae=0.119606), saved results/checkpoints/gine_seed1_mse.pt
2026-06-16 17:12:44,983 - INFO - [gine_seed1_mse] Epoch  58/200 | Train=0.01861 | Val=0.02305 | wMAE=0.119615 | PolarMAE=0.016146 | EMD=0.000767 | MolEMD=0.000274 | R2=0.8921 | LR=2.84e-06 | 66.3s
2026-06-16 17:13:49,506 - INFO - [gine_seed1_mse] Epoch  59/200 | Train=0.01858 | Val=0.02303 | wMAE=0.119695 | PolarMAE=0.016185 | EMD=0.000769 | MolEMD=0.000275 | R2=0.8922 | LR=1.46e-06 | 64.5s
2026-06-16 17:14:57,197 - INFO - [gine_seed1_mse] Epoch  60/200 | Train=0.01857 | Val=0.02304 | wMAE=0.119613 | PolarMAE=0.016139 | EMD=0.000768 | MolEMD=0.000274 | R2=0.8922 | LR=3.00e-04 | 67.7s
2026-06-16 17:16:03,149 - INFO - [gine_seed1_mse] Epoch  61/200 | Train=0.02159 | Val=0.02475 | wMAE=0.123885 | PolarMAE=0.016612 | EMD=0.000802 | MolEMD=0.000293 | R2=0.8844 | LR=3.00e-04 | 66.0s
2026-06-16 17:17:08,751 - INFO - [gine_seed1_mse] Epoch  62/200 | Train=0.02067 | Val=0.02479 | wMAE=0.123963 | PolarMAE=0.017023 | EMD=0.000812 | MolEMD=0.000296 | R2=0.8843 | LR=3.00e-04 | 65.6s
2026-06-16 17:18:16,371 - INFO - [gine_seed1_mse] Epoch  63/200 | Train=0.02045 | Val=0.02432 | wMAE=0.122836 | PolarMAE=0.016737 | EMD=0.000799 | MolEMD=0.000287 | R2=0.8863 | LR=2.99e-04 | 67.6s
2026-06-16 17:19:20,616 - INFO - [gine_seed1_mse] Epoch  64/200 | Train=0.02029 | Val=0.02485 | wMAE=0.123398 | PolarMAE=0.016518 | EMD=0.000805 | MolEMD=0.000298 | R2=0.8841 | LR=2.98e-04 | 64.2s
2026-06-16 17:20:28,024 - INFO - [gine_seed1_mse] Epoch  65/200 | Train=0.02018 | Val=0.02462 | wMAE=0.123794 | PolarMAE=0.016899 | EMD=0.000822 | MolEMD=0.000316 | R2=0.8842 | LR=2.97e-04 | 67.4s
2026-06-16 17:21:32,582 - INFO - [gine_seed1_mse] Epoch  66/200 | Train=0.02015 | Val=0.02469 | wMAE=0.124338 | PolarMAE=0.016680 | EMD=0.000819 | MolEMD=0.000320 | R2=0.8832 | LR=2.96e-04 | 64.6s
2026-06-16 17:22:38,219 - INFO - [gine_seed1_mse] Epoch  67/200 | Train=0.01998 | Val=0.02498 | wMAE=0.124242 | PolarMAE=0.016531 | EMD=0.000823 | MolEMD=0.000329 | R2=0.8840 | LR=2.94e-04 | 65.6s
2026-06-16 17:23:44,535 - INFO - [gine_seed1_mse] Epoch  68/200 | Train=0.01997 | Val=0.02457 | wMAE=0.122777 | PolarMAE=0.016926 | EMD=0.000806 | MolEMD=0.000303 | R2=0.8851 | LR=2.93e-04 | 66.3s
2026-06-16 17:24:48,709 - INFO - [gine_seed1_mse] Epoch  69/200 | Train=0.01980 | Val=0.02406 | wMAE=0.121977 | PolarMAE=0.016542 | EMD=0.000794 | MolEMD=0.000289 | R2=0.8875 | LR=2.91e-04 | 64.2s
2026-06-16 17:25:58,781 - INFO - [gine_seed1_mse] Epoch  70/200 | Train=0.01967 | Val=0.02405 | wMAE=0.122574 | PolarMAE=0.016703 | EMD=0.000794 | MolEMD=0.000297 | R2=0.8868 | LR=2.89e-04 | 70.1s
2026-06-16 17:27:02,950 - INFO - [gine_seed1_mse] Epoch  71/200 | Train=0.01965 | Val=0.02372 | wMAE=0.121267 | PolarMAE=0.016814 | EMD=0.000790 | MolEMD=0.000293 | R2=0.8888 | LR=2.86e-04 | 64.2s
2026-06-16 17:28:08,339 - INFO - [gine_seed1_mse] Epoch  72/200 | Train=0.01953 | Val=0.02388 | wMAE=0.121610 | PolarMAE=0.016527 | EMD=0.000787 | MolEMD=0.000285 | R2=0.8881 | LR=2.84e-04 | 65.4s
2026-06-16 17:29:12,382 - INFO - [gine_seed1_mse] Epoch  73/200 | Train=0.01946 | Val=0.02387 | wMAE=0.122008 | PolarMAE=0.016775 | EMD=0.000791 | MolEMD=0.000285 | R2=0.8875 | LR=2.81e-04 | 64.0s
2026-06-16 17:30:17,166 - INFO - [gine_seed1_mse] Epoch  74/200 | Train=0.01938 | Val=0.02394 | wMAE=0.122061 | PolarMAE=0.016485 | EMD=0.000794 | MolEMD=0.000292 | R2=0.8875 | LR=2.78e-04 | 64.8s
2026-06-16 17:31:24,731 - INFO - [gine_seed1_mse] Epoch  75/200 | Train=0.01929 | Val=0.02389 | wMAE=0.121219 | PolarMAE=0.016845 | EMD=0.000791 | MolEMD=0.000292 | R2=0.8886 | LR=2.75e-04 | 67.6s
2026-06-16 17:32:28,996 - INFO - [gine_seed1_mse] Epoch  76/200 | Train=0.01917 | Val=0.02371 | wMAE=0.120755 | PolarMAE=0.016858 | EMD=0.000783 | MolEMD=0.000287 | R2=0.8891 | LR=2.71e-04 | 64.3s
2026-06-16 17:33:38,103 - INFO - [gine_seed1_mse] Epoch  77/200 | Train=0.01909 | Val=0.02349 | wMAE=0.120560 | PolarMAE=0.016395 | EMD=0.000776 | MolEMD=0.000286 | R2=0.8899 | LR=2.68e-04 | 69.1s
2026-06-16 17:33:38,104 - INFO - Early stopping at epoch 77.
2026-06-16 17:33:38,104 - INFO - Loading best checkpoint for test evaluation...
2026-06-16 17:34:12,659 - INFO - [gine_seed1_mse] TEST METRICS: {'loss': 0.021457334891534768, 'weighted_r2': 0.8973065614700317, 'weighted_mae': 0.11883709579706192, 'polar_mae': 0.01788719929754734, 'cosine_similarity': 0.9307580023448214, 'emd_raw': 0.0008127362059995261, 'emd_normalized': 0.0008127362059995284, 'molecular_mae': 0.5155974591752658, 'molecular_emd': 0.0002623086732584915, 'molecular_cosine': 0.9934298454607144, 'molecular_polar_mae': 0.23622448777687402}
2026-06-16 17:34:12,676 - INFO - Saved results to results/metrics/gine_seed1_mse.json
2026-06-16 17:34:28,531 - INFO - Device: cuda
2026-06-16 17:34:28,532 - INFO - Loading cached dataset: /mnt/tank/scratch/ikarpushkina/sigma/ASPEN/data/train_test_val_df/cache/chaos_atomic_train_with_coordinates.parquet.fac02d20b3.pt
2026-06-16 17:34:44,841 - INFO - chaos_atomic_train_with_coordinates.parquet: 36981 molecules, 1077949 atoms, extended=True, RDKit mol valid: 36981/36981 (100.0%)
2026-06-16 17:34:44,842 - INFO - Loading cached dataset: /mnt/tank/scratch/ikarpushkina/sigma/ASPEN/data/train_test_val_df/cache/chaos_atomic_val_with_coordinates.parquet.fac02d20b3.pt
2026-06-16 17:34:47,824 - INFO - chaos_atomic_val_with_coordinates.parquet: 7941 molecules, 235573 atoms, extended=True, RDKit mol valid: 7941/7941 (100.0%)
2026-06-16 17:34:47,825 - INFO - Loading cached dataset: /mnt/tank/scratch/ikarpushkina/sigma/ASPEN/data/train_test_val_df/cache/chaos_atomic_test_with_coordinates.parquet.fac02d20b3.pt
2026-06-16 17:34:52,389 - INFO - chaos_atomic_test_with_coordinates.parquet: 7800 molecules, 221748 atoms, extended=True, RDKit mol valid: 7800/7800 (100.0%)
2026-06-16 17:34:53,238 - INFO - gine: 693,494 params (target 695,667, diff 0.3%)
2026-06-16 17:35:59,152 - INFO - [gine_seed2_mse] Epoch   1/200 | Train=0.08311 | Val=0.05559 | wMAE=0.182593 | PolarMAE=0.030732 | EMD=0.001734 | MolEMD=0.000711 | R2=0.7487 | LR=2.98e-04 | 65.9s
2026-06-16 17:35:59,233 - INFO -   -> new best (weighted_mae=0.182593), saved results/checkpoints/gine_seed2_mse.pt
2026-06-16 17:37:05,440 - INFO - [gine_seed2_mse] Epoch   2/200 | Train=0.04561 | Val=0.04521 | wMAE=0.165784 | PolarMAE=0.025470 | EMD=0.001464 | MolEMD=0.000534 | R2=0.7939 | LR=2.93e-04 | 66.2s
2026-06-16 17:37:05,506 - INFO -   -> new best (weighted_mae=0.165784), saved results/checkpoints/gine_seed2_mse.pt
2026-06-16 17:38:10,079 - INFO - [gine_seed2_mse] Epoch   3/200 | Train=0.03857 | Val=0.04111 | wMAE=0.158442 | PolarMAE=0.022541 | EMD=0.001305 | MolEMD=0.000533 | R2=0.8134 | LR=2.84e-04 | 64.6s
2026-06-16 17:38:10,152 - INFO -   -> new best (weighted_mae=0.158442), saved results/checkpoints/gine_seed2_mse.pt
2026-06-16 17:39:18,382 - INFO - [gine_seed2_mse] Epoch   4/200 | Train=0.03519 | Val=0.03776 | wMAE=0.151793 | PolarMAE=0.021255 | EMD=0.001221 | MolEMD=0.000462 | R2=0.8274 | LR=2.71e-04 | 68.2s
2026-06-16 17:39:18,453 - INFO -   -> new best (weighted_mae=0.151793), saved results/checkpoints/gine_seed2_mse.pt
2026-06-16 17:40:23,950 - INFO - [gine_seed2_mse] Epoch   5/200 | Train=0.03292 | Val=0.03675 | wMAE=0.149177 | PolarMAE=0.020549 | EMD=0.001153 | MolEMD=0.000428 | R2=0.8309 | LR=2.56e-04 | 65.5s
2026-06-16 17:40:24,019 - INFO -   -> new best (weighted_mae=0.149177), saved results/checkpoints/gine_seed2_mse.pt
2026-06-16 17:41:30,211 - INFO - [gine_seed2_mse] Epoch   6/200 | Train=0.03134 | Val=0.03428 | wMAE=0.144682 | PolarMAE=0.020272 | EMD=0.001132 | MolEMD=0.000402 | R2=0.8419 | LR=2.38e-04 | 66.2s
2026-06-16 17:41:30,278 - INFO -   -> new best (weighted_mae=0.144682), saved results/checkpoints/gine_seed2_mse.pt
2026-06-16 17:42:35,386 - INFO - [gine_seed2_mse] Epoch   7/200 | Train=0.02998 | Val=0.03348 | wMAE=0.142995 | PolarMAE=0.019285 | EMD=0.001081 | MolEMD=0.000395 | R2=0.8459 | LR=2.18e-04 | 65.1s
2026-06-16 17:42:35,455 - INFO -   -> new best (weighted_mae=0.142995), saved results/checkpoints/gine_seed2_mse.pt
2026-06-16 17:43:41,093 - INFO - [gine_seed2_mse] Epoch   8/200 | Train=0.02883 | Val=0.03277 | wMAE=0.140782 | PolarMAE=0.019616 | EMD=0.001054 | MolEMD=0.000379 | R2=0.8490 | LR=1.97e-04 | 65.6s
2026-06-16 17:43:41,164 - INFO -   -> new best (weighted_mae=0.140782), saved results/checkpoints/gine_seed2_mse.pt
2026-06-16 17:44:48,479 - INFO - [gine_seed2_mse] Epoch   9/200 | Train=0.02785 | Val=0.03320 | wMAE=0.142188 | PolarMAE=0.019742 | EMD=0.001065 | MolEMD=0.000401 | R2=0.8462 | LR=1.74e-04 | 67.3s
2026-06-16 17:45:53,687 - INFO - [gine_seed2_mse] Epoch  10/200 | Train=0.02711 | Val=0.03040 | wMAE=0.137467 | PolarMAE=0.018420 | EMD=0.001000 | MolEMD=0.000344 | R2=0.8594 | LR=1.50e-04 | 65.2s
2026-06-16 17:45:53,756 - INFO -   -> new best (weighted_mae=0.137467), saved results/checkpoints/gine_seed2_mse.pt
2026-06-16 17:47:02,798 - INFO - [gine_seed2_mse] Epoch  11/200 | Train=0.02635 | Val=0.03023 | wMAE=0.137863 | PolarMAE=0.018077 | EMD=0.000974 | MolEMD=0.000350 | R2=0.8583 | LR=1.27e-04 | 69.0s
2026-06-16 17:48:08,108 - INFO - [gine_seed2_mse] Epoch  12/200 | Train=0.02574 | Val=0.02950 | wMAE=0.134722 | PolarMAE=0.018278 | EMD=0.000961 | MolEMD=0.000334 | R2=0.8635 | LR=1.04e-04 | 65.3s
2026-06-16 17:48:08,178 - INFO -   -> new best (weighted_mae=0.134722), saved results/checkpoints/gine_seed2_mse.pt
2026-06-16 17:49:13,273 - INFO - [gine_seed2_mse] Epoch  13/200 | Train=0.02523 | Val=0.02909 | wMAE=0.134135 | PolarMAE=0.017982 | EMD=0.000934 | MolEMD=0.000327 | R2=0.8651 | LR=8.26e-05 | 65.1s
2026-06-16 17:49:13,364 - INFO -   -> new best (weighted_mae=0.134135), saved results/checkpoints/gine_seed2_mse.pt
2026-06-16 17:50:23,956 - INFO - [gine_seed2_mse] Epoch  14/200 | Train=0.02475 | Val=0.02867 | wMAE=0.132165 | PolarMAE=0.018105 | EMD=0.000938 | MolEMD=0.000331 | R2=0.8668 | LR=6.26e-05 | 70.6s
2026-06-16 17:50:24,023 - INFO -   -> new best (weighted_mae=0.132165), saved results/checkpoints/gine_seed2_mse.pt
2026-06-16 17:51:28,424 - INFO - [gine_seed2_mse] Epoch  15/200 | Train=0.02435 | Val=0.02836 | wMAE=0.133211 | PolarMAE=0.017879 | EMD=0.000932 | MolEMD=0.000324 | R2=0.8679 | LR=4.48e-05 | 64.4s
2026-06-16 17:52:36,579 - INFO - [gine_seed2_mse] Epoch  16/200 | Train=0.02403 | Val=0.02813 | wMAE=0.132141 | PolarMAE=0.017652 | EMD=0.000915 | MolEMD=0.000324 | R2=0.8688 | LR=2.96e-05 | 68.2s
2026-06-16 17:52:36,647 - INFO -   -> new best (weighted_mae=0.132141), saved results/checkpoints/gine_seed2_mse.pt
2026-06-16 17:53:42,094 - INFO - [gine_seed2_mse] Epoch  17/200 | Train=0.02377 | Val=0.02787 | wMAE=0.131597 | PolarMAE=0.017517 | EMD=0.000909 | MolEMD=0.000319 | R2=0.8700 | LR=1.73e-05 | 65.4s
2026-06-16 17:53:42,165 - INFO -   -> new best (weighted_mae=0.131597), saved results/checkpoints/gine_seed2_mse.pt
2026-06-16 17:54:47,057 - INFO - [gine_seed2_mse] Epoch  18/200 | Train=0.02357 | Val=0.02765 | wMAE=0.130665 | PolarMAE=0.017511 | EMD=0.000902 | MolEMD=0.000313 | R2=0.8714 | LR=8.32e-06 | 64.9s
2026-06-16 17:54:47,127 - INFO -   -> new best (weighted_mae=0.130665), saved results/checkpoints/gine_seed2_mse.pt
2026-06-16 17:55:59,968 - INFO - [gine_seed2_mse] Epoch  19/200 | Train=0.02342 | Val=0.02751 | wMAE=0.130411 | PolarMAE=0.017553 | EMD=0.000903 | MolEMD=0.000313 | R2=0.8722 | LR=2.84e-06 | 72.8s
2026-06-16 17:56:00,048 - INFO -   -> new best (weighted_mae=0.130411), saved results/checkpoints/gine_seed2_mse.pt
2026-06-16 17:57:05,383 - INFO - [gine_seed2_mse] Epoch  20/200 | Train=0.02334 | Val=0.02747 | wMAE=0.130314 | PolarMAE=0.017480 | EMD=0.000900 | MolEMD=0.000313 | R2=0.8723 | LR=3.00e-04 | 65.3s
2026-06-16 17:57:05,450 - INFO -   -> new best (weighted_mae=0.130314), saved results/checkpoints/gine_seed2_mse.pt
2026-06-16 17:58:16,232 - INFO - [gine_seed2_mse] Epoch  21/200 | Train=0.02691 | Val=0.03089 | wMAE=0.139073 | PolarMAE=0.018808 | EMD=0.000969 | MolEMD=0.000362 | R2=0.8539 | LR=3.00e-04 | 70.8s
2026-06-16 17:59:20,793 - INFO - [gine_seed2_mse] Epoch  22/200 | Train=0.02556 | Val=0.02972 | wMAE=0.136039 | PolarMAE=0.018093 | EMD=0.000955 | MolEMD=0.000356 | R2=0.8608 | LR=2.98e-04 | 64.6s
2026-06-16 18:00:26,229 - INFO - [gine_seed2_mse] Epoch  23/200 | Train=0.02504 | Val=0.02972 | wMAE=0.134183 | PolarMAE=0.017677 | EMD=0.000927 | MolEMD=0.000353 | R2=0.8612 | LR=2.96e-04 | 65.4s
2026-06-16 18:01:33,329 - INFO - [gine_seed2_mse] Epoch  24/200 | Train=0.02455 | Val=0.02983 | wMAE=0.136088 | PolarMAE=0.017970 | EMD=0.000926 | MolEMD=0.000360 | R2=0.8590 | LR=2.93e-04 | 67.1s
2026-06-16 18:02:38,848 - INFO - [gine_seed2_mse] Epoch  25/200 | Train=0.02416 | Val=0.02841 | wMAE=0.131633 | PolarMAE=0.017179 | EMD=0.000881 | MolEMD=0.000322 | R2=0.8674 | LR=2.89e-04 | 65.5s
2026-06-16 18:03:46,260 - INFO - [gine_seed2_mse] Epoch  26/200 | Train=0.02384 | Val=0.02790 | wMAE=0.129801 | PolarMAE=0.017385 | EMD=0.000880 | MolEMD=0.000320 | R2=0.8702 | LR=2.84e-04 | 67.4s
2026-06-16 18:03:46,328 - INFO -   -> new best (weighted_mae=0.129801), saved results/checkpoints/gine_seed2_mse.pt
2026-06-16 18:04:50,905 - INFO - [gine_seed2_mse] Epoch  27/200 | Train=0.02355 | Val=0.02739 | wMAE=0.131035 | PolarMAE=0.017899 | EMD=0.000907 | MolEMD=0.000331 | R2=0.8713 | LR=2.78e-04 | 64.6s
2026-06-16 18:05:56,772 - INFO - [gine_seed2_mse] Epoch  28/200 | Train=0.02310 | Val=0.02672 | wMAE=0.127975 | PolarMAE=0.017255 | EMD=0.000871 | MolEMD=0.000311 | R2=0.8753 | LR=2.71e-04 | 65.9s
2026-06-16 18:05:56,842 - INFO -   -> new best (weighted_mae=0.127975), saved results/checkpoints/gine_seed2_mse.pt
2026-06-16 18:07:03,652 - INFO - [gine_seed2_mse] Epoch  29/200 | Train=0.02294 | Val=0.02734 | wMAE=0.129095 | PolarMAE=0.017002 | EMD=0.000862 | MolEMD=0.000313 | R2=0.8718 | LR=2.64e-04 | 66.8s
2026-06-16 18:08:08,261 - INFO - [gine_seed2_mse] Epoch  30/200 | Train=0.02269 | Val=0.02671 | wMAE=0.128545 | PolarMAE=0.017565 | EMD=0.000877 | MolEMD=0.000306 | R2=0.8755 | LR=2.56e-04 | 64.6s
2026-06-16 18:09:15,874 - INFO - [gine_seed2_mse] Epoch  31/200 | Train=0.02236 | Val=0.02636 | wMAE=0.127214 | PolarMAE=0.016958 | EMD=0.000851 | MolEMD=0.000307 | R2=0.8758 | LR=2.48e-04 | 67.6s
2026-06-16 18:09:15,945 - INFO -   -> new best (weighted_mae=0.127214), saved results/checkpoints/gine_seed2_mse.pt
2026-06-16 18:10:21,356 - INFO - [gine_seed2_mse] Epoch  32/200 | Train=0.02206 | Val=0.02579 | wMAE=0.125972 | PolarMAE=0.016917 | EMD=0.000849 | MolEMD=0.000302 | R2=0.8791 | LR=2.38e-04 | 65.4s
2026-06-16 18:10:21,424 - INFO -   -> new best (weighted_mae=0.125972), saved results/checkpoints/gine_seed2_mse.pt
2026-06-16 18:11:26,896 - INFO - [gine_seed2_mse] Epoch  33/200 | Train=0.02185 | Val=0.02666 | wMAE=0.127911 | PolarMAE=0.016853 | EMD=0.000853 | MolEMD=0.000319 | R2=0.8744 | LR=2.29e-04 | 65.5s
2026-06-16 18:12:34,571 - INFO - [gine_seed2_mse] Epoch  34/200 | Train=0.02166 | Val=0.02624 | wMAE=0.125748 | PolarMAE=0.017053 | EMD=0.000836 | MolEMD=0.000307 | R2=0.8776 | LR=2.18e-04 | 67.7s
2026-06-16 18:12:34,646 - INFO -   -> new best (weighted_mae=0.125748), saved results/checkpoints/gine_seed2_mse.pt
2026-06-16 18:13:39,529 - INFO - [gine_seed2_mse] Epoch  35/200 | Train=0.02134 | Val=0.02605 | wMAE=0.127999 | PolarMAE=0.016708 | EMD=0.000832 | MolEMD=0.000310 | R2=0.8762 | LR=2.08e-04 | 64.9s
2026-06-16 18:14:46,829 - INFO - [gine_seed2_mse] Epoch  36/200 | Train=0.02124 | Val=0.02565 | wMAE=0.125676 | PolarMAE=0.016777 | EMD=0.000836 | MolEMD=0.000310 | R2=0.8789 | LR=1.97e-04 | 67.3s
2026-06-16 18:14:46,898 - INFO -   -> new best (weighted_mae=0.125676), saved results/checkpoints/gine_seed2_mse.pt
2026-06-16 18:15:52,087 - INFO - [gine_seed2_mse] Epoch  37/200 | Train=0.02101 | Val=0.02528 | wMAE=0.124926 | PolarMAE=0.016616 | EMD=0.000823 | MolEMD=0.000303 | R2=0.8818 | LR=1.85e-04 | 65.2s
2026-06-16 18:15:52,162 - INFO -   -> new best (weighted_mae=0.124926), saved results/checkpoints/gine_seed2_mse.pt
2026-06-16 18:16:58,044 - INFO - [gine_seed2_mse] Epoch  38/200 | Train=0.02083 | Val=0.02537 | wMAE=0.125017 | PolarMAE=0.016715 | EMD=0.000820 | MolEMD=0.000298 | R2=0.8815 | LR=1.74e-04 | 65.9s
2026-06-16 18:18:03,611 - INFO - [gine_seed2_mse] Epoch  39/200 | Train=0.02062 | Val=0.02518 | wMAE=0.123528 | PolarMAE=0.016867 | EMD=0.000812 | MolEMD=0.000302 | R2=0.8823 | LR=1.62e-04 | 65.6s
2026-06-16 18:18:03,679 - INFO -   -> new best (weighted_mae=0.123528), saved results/checkpoints/gine_seed2_mse.pt
2026-06-16 18:19:08,592 - INFO - [gine_seed2_mse] Epoch  40/200 | Train=0.02046 | Val=0.02475 | wMAE=0.122960 | PolarMAE=0.016855 | EMD=0.000815 | MolEMD=0.000300 | R2=0.8842 | LR=1.50e-04 | 64.9s
2026-06-16 18:19:08,662 - INFO -   -> new best (weighted_mae=0.122960), saved results/checkpoints/gine_seed2_mse.pt
2026-06-16 18:20:14,640 - INFO - [gine_seed2_mse] Epoch  41/200 | Train=0.02027 | Val=0.02468 | wMAE=0.123172 | PolarMAE=0.016637 | EMD=0.000803 | MolEMD=0.000291 | R2=0.8842 | LR=1.39e-04 | 66.0s
2026-06-16 18:21:19,695 - INFO - [gine_seed2_mse] Epoch  42/200 | Train=0.02012 | Val=0.02452 | wMAE=0.123325 | PolarMAE=0.016633 | EMD=0.000811 | MolEMD=0.000292 | R2=0.8856 | LR=1.27e-04 | 65.1s
2026-06-16 18:22:25,937 - INFO - [gine_seed2_mse] Epoch  43/200 | Train=0.01994 | Val=0.02451 | wMAE=0.122037 | PolarMAE=0.016565 | EMD=0.000794 | MolEMD=0.000292 | R2=0.8855 | LR=1.16e-04 | 66.2s
2026-06-16 18:22:26,008 - INFO -   -> new best (weighted_mae=0.122037), saved results/checkpoints/gine_seed2_mse.pt
2026-06-16 18:23:30,061 - INFO - [gine_seed2_mse] Epoch  44/200 | Train=0.01980 | Val=0.02485 | wMAE=0.123660 | PolarMAE=0.016713 | EMD=0.000802 | MolEMD=0.000294 | R2=0.8835 | LR=1.04e-04 | 64.1s
2026-06-16 18:24:37,841 - INFO - [gine_seed2_mse] Epoch  45/200 | Train=0.01967 | Val=0.02419 | wMAE=0.122043 | PolarMAE=0.016474 | EMD=0.000790 | MolEMD=0.000284 | R2=0.8869 | LR=9.33e-05 | 67.8s
2026-06-16 18:25:41,202 - INFO - [gine_seed2_mse] Epoch  46/200 | Train=0.01955 | Val=0.02408 | wMAE=0.121494 | PolarMAE=0.016572 | EMD=0.000792 | MolEMD=0.000287 | R2=0.8878 | LR=8.26e-05 | 63.4s
2026-06-16 18:25:41,276 - INFO -   -> new best (weighted_mae=0.121494), saved results/checkpoints/gine_seed2_mse.pt
2026-06-16 18:26:48,216 - INFO - [gine_seed2_mse] Epoch  47/200 | Train=0.01942 | Val=0.02425 | wMAE=0.122209 | PolarMAE=0.016317 | EMD=0.000791 | MolEMD=0.000292 | R2=0.8865 | LR=7.24e-05 | 66.9s
2026-06-16 18:27:52,292 - INFO - [gine_seed2_mse] Epoch  48/200 | Train=0.01930 | Val=0.02383 | wMAE=0.121470 | PolarMAE=0.016348 | EMD=0.000783 | MolEMD=0.000285 | R2=0.8885 | LR=6.26e-05 | 64.1s
2026-06-16 18:27:52,365 - INFO -   -> new best (weighted_mae=0.121470), saved results/checkpoints/gine_seed2_mse.pt
2026-06-16 18:28:56,891 - INFO - [gine_seed2_mse] Epoch  49/200 | Train=0.01921 | Val=0.02373 | wMAE=0.120858 | PolarMAE=0.016362 | EMD=0.000781 | MolEMD=0.000282 | R2=0.8893 | LR=5.34e-05 | 64.5s
2026-06-16 18:28:56,959 - INFO -   -> new best (weighted_mae=0.120858), saved results/checkpoints/gine_seed2_mse.pt
2026-06-16 18:30:02,481 - INFO - [gine_seed2_mse] Epoch  50/200 | Train=0.01911 | Val=0.02366 | wMAE=0.120901 | PolarMAE=0.016137 | EMD=0.000777 | MolEMD=0.000281 | R2=0.8891 | LR=4.48e-05 | 65.5s
2026-06-16 18:31:06,205 - INFO - [gine_seed2_mse] Epoch  51/200 | Train=0.01902 | Val=0.02367 | wMAE=0.120377 | PolarMAE=0.016386 | EMD=0.000778 | MolEMD=0.000282 | R2=0.8895 | LR=3.68e-05 | 63.7s
2026-06-16 18:31:06,272 - INFO -   -> new best (weighted_mae=0.120377), saved results/checkpoints/gine_seed2_mse.pt
2026-06-16 18:32:12,637 - INFO - [gine_seed2_mse] Epoch  52/200 | Train=0.01895 | Val=0.02343 | wMAE=0.120180 | PolarMAE=0.016233 | EMD=0.000774 | MolEMD=0.000279 | R2=0.8903 | LR=2.96e-05 | 66.4s
2026-06-16 18:32:12,703 - INFO -   -> new best (weighted_mae=0.120180), saved results/checkpoints/gine_seed2_mse.pt
2026-06-16 18:33:14,867 - INFO - [gine_seed2_mse] Epoch  53/200 | Train=0.01887 | Val=0.02344 | wMAE=0.120163 | PolarMAE=0.016152 | EMD=0.000771 | MolEMD=0.000279 | R2=0.8905 | LR=2.30e-05 | 62.2s
2026-06-16 18:33:14,932 - INFO -   -> new best (weighted_mae=0.120163), saved results/checkpoints/gine_seed2_mse.pt
2026-06-16 18:34:13,877 - INFO - [gine_seed2_mse] Epoch  54/200 | Train=0.01880 | Val=0.02352 | wMAE=0.120277 | PolarMAE=0.016213 | EMD=0.000772 | MolEMD=0.000280 | R2=0.8902 | LR=1.73e-05 | 58.9s
2026-06-16 18:35:12,368 - INFO - [gine_seed2_mse] Epoch  55/200 | Train=0.01876 | Val=0.02336 | wMAE=0.120036 | PolarMAE=0.016215 | EMD=0.000772 | MolEMD=0.000277 | R2=0.8907 | LR=1.24e-05 | 58.5s
2026-06-16 18:35:12,436 - INFO -   -> new best (weighted_mae=0.120036), saved results/checkpoints/gine_seed2_mse.pt
2026-06-16 18:36:10,194 - INFO - [gine_seed2_mse] Epoch  56/200 | Train=0.01872 | Val=0.02337 | wMAE=0.120010 | PolarMAE=0.016185 | EMD=0.000769 | MolEMD=0.000277 | R2=0.8908 | LR=8.32e-06 | 57.8s
2026-06-16 18:36:10,259 - INFO -   -> new best (weighted_mae=0.120010), saved results/checkpoints/gine_seed2_mse.pt
2026-06-16 18:37:08,543 - INFO - [gine_seed2_mse] Epoch  57/200 | Train=0.01867 | Val=0.02335 | wMAE=0.120081 | PolarMAE=0.016133 | EMD=0.000768 | MolEMD=0.000277 | R2=0.8907 | LR=5.13e-06 | 58.3s
2026-06-16 18:38:06,029 - INFO - [gine_seed2_mse] Epoch  58/200 | Train=0.01864 | Val=0.02333 | wMAE=0.119940 | PolarMAE=0.016153 | EMD=0.000768 | MolEMD=0.000276 | R2=0.8909 | LR=2.84e-06 | 57.5s
2026-06-16 18:38:06,109 - INFO -   -> new best (weighted_mae=0.119940), saved results/checkpoints/gine_seed2_mse.pt
2026-06-16 18:39:03,521 - INFO - [gine_seed2_mse] Epoch  59/200 | Train=0.01863 | Val=0.02331 | wMAE=0.119878 | PolarMAE=0.016132 | EMD=0.000768 | MolEMD=0.000277 | R2=0.8909 | LR=1.46e-06 | 57.4s
2026-06-16 18:39:03,587 - INFO -   -> new best (weighted_mae=0.119878), saved results/checkpoints/gine_seed2_mse.pt
2026-06-16 18:40:01,534 - INFO - [gine_seed2_mse] Epoch  60/200 | Train=0.01862 | Val=0.02331 | wMAE=0.119910 | PolarMAE=0.016131 | EMD=0.000768 | MolEMD=0.000277 | R2=0.8910 | LR=3.00e-04 | 57.9s
2026-06-16 18:40:58,855 - INFO - [gine_seed2_mse] Epoch  61/200 | Train=0.02168 | Val=0.02498 | wMAE=0.124748 | PolarMAE=0.016921 | EMD=0.000832 | MolEMD=0.000330 | R2=0.8826 | LR=3.00e-04 | 57.3s
2026-06-16 18:41:56,661 - INFO - [gine_seed2_mse] Epoch  62/200 | Train=0.02073 | Val=0.02546 | wMAE=0.124007 | PolarMAE=0.016830 | EMD=0.000807 | MolEMD=0.000300 | R2=0.8819 | LR=3.00e-04 | 57.8s
2026-06-16 18:42:54,872 - INFO - [gine_seed2_mse] Epoch  63/200 | Train=0.02046 | Val=0.02455 | wMAE=0.123194 | PolarMAE=0.016803 | EMD=0.000813 | MolEMD=0.000308 | R2=0.8846 | LR=2.99e-04 | 58.2s
2026-06-16 18:43:52,637 - INFO - [gine_seed2_mse] Epoch  64/200 | Train=0.02034 | Val=0.02492 | wMAE=0.123811 | PolarMAE=0.016568 | EMD=0.000807 | MolEMD=0.000294 | R2=0.8841 | LR=2.98e-04 | 57.8s
2026-06-16 18:44:50,920 - INFO - [gine_seed2_mse] Epoch  65/200 | Train=0.02028 | Val=0.02472 | wMAE=0.123616 | PolarMAE=0.016767 | EMD=0.000810 | MolEMD=0.000300 | R2=0.8839 | LR=2.97e-04 | 58.3s
2026-06-16 18:45:47,945 - INFO - [gine_seed2_mse] Epoch  66/200 | Train=0.02014 | Val=0.02423 | wMAE=0.122903 | PolarMAE=0.016265 | EMD=0.000798 | MolEMD=0.000297 | R2=0.8863 | LR=2.96e-04 | 57.0s
2026-06-16 18:46:45,211 - INFO - [gine_seed2_mse] Epoch  67/200 | Train=0.01998 | Val=0.02472 | wMAE=0.123394 | PolarMAE=0.016492 | EMD=0.000800 | MolEMD=0.000297 | R2=0.8836 | LR=2.94e-04 | 57.3s
2026-06-16 18:47:44,560 - INFO - [gine_seed2_mse] Epoch  68/200 | Train=0.01997 | Val=0.02444 | wMAE=0.122179 | PolarMAE=0.016485 | EMD=0.000787 | MolEMD=0.000289 | R2=0.8849 | LR=2.93e-04 | 59.3s
2026-06-16 18:48:42,354 - INFO - [gine_seed2_mse] Epoch  69/200 | Train=0.01987 | Val=0.02446 | wMAE=0.121953 | PolarMAE=0.016672 | EMD=0.000792 | MolEMD=0.000289 | R2=0.8862 | LR=2.91e-04 | 57.8s
2026-06-16 18:49:40,147 - INFO - [gine_seed2_mse] Epoch  70/200 | Train=0.01975 | Val=0.02465 | wMAE=0.122303 | PolarMAE=0.016711 | EMD=0.000804 | MolEMD=0.000296 | R2=0.8847 | LR=2.89e-04 | 57.8s
2026-06-16 18:50:38,586 - INFO - [gine_seed2_mse] Epoch  71/200 | Train=0.01968 | Val=0.02498 | wMAE=0.124117 | PolarMAE=0.017172 | EMD=0.000825 | MolEMD=0.000321 | R2=0.8835 | LR=2.86e-04 | 58.4s
2026-06-16 18:51:35,777 - INFO - [gine_seed2_mse] Epoch  72/200 | Train=0.01955 | Val=0.02380 | wMAE=0.121661 | PolarMAE=0.016598 | EMD=0.000794 | MolEMD=0.000284 | R2=0.8894 | LR=2.84e-04 | 57.2s
2026-06-16 18:52:33,987 - INFO - [gine_seed2_mse] Epoch  73/200 | Train=0.01946 | Val=0.02429 | wMAE=0.121396 | PolarMAE=0.016327 | EMD=0.000786 | MolEMD=0.000295 | R2=0.8871 | LR=2.81e-04 | 58.2s
2026-06-16 18:53:31,761 - INFO - [gine_seed2_mse] Epoch  74/200 | Train=0.01940 | Val=0.02397 | wMAE=0.121228 | PolarMAE=0.016618 | EMD=0.000785 | MolEMD=0.000306 | R2=0.8880 | LR=2.78e-04 | 57.8s
2026-06-16 18:54:31,217 - INFO - [gine_seed2_mse] Epoch  75/200 | Train=0.01929 | Val=0.02349 | wMAE=0.120123 | PolarMAE=0.016266 | EMD=0.000767 | MolEMD=0.000288 | R2=0.8900 | LR=2.75e-04 | 59.5s
2026-06-16 18:55:35,593 - INFO - [gine_seed2_mse] Epoch  76/200 | Train=0.01922 | Val=0.02383 | wMAE=0.120435 | PolarMAE=0.016409 | EMD=0.000775 | MolEMD=0.000284 | R2=0.8888 | LR=2.71e-04 | 64.4s
2026-06-16 18:56:42,743 - INFO - [gine_seed2_mse] Epoch  77/200 | Train=0.01912 | Val=0.02394 | wMAE=0.121643 | PolarMAE=0.016457 | EMD=0.000783 | MolEMD=0.000291 | R2=0.8883 | LR=2.68e-04 | 67.1s
2026-06-16 18:57:48,005 - INFO - [gine_seed2_mse] Epoch  78/200 | Train=0.01903 | Val=0.02393 | wMAE=0.120508 | PolarMAE=0.016149 | EMD=0.000765 | MolEMD=0.000288 | R2=0.8882 | LR=2.64e-04 | 65.3s
2026-06-16 18:58:53,383 - INFO - [gine_seed2_mse] Epoch  79/200 | Train=0.01897 | Val=0.02384 | wMAE=0.120605 | PolarMAE=0.016497 | EMD=0.000785 | MolEMD=0.000287 | R2=0.8889 | LR=2.60e-04 | 65.4s
2026-06-16 18:58:53,385 - INFO - Early stopping at epoch 79.
2026-06-16 18:58:53,385 - INFO - Loading best checkpoint for test evaluation...
2026-06-16 18:59:29,213 - INFO - [gine_seed2_mse] TEST METRICS: {'loss': 0.021446655478615028, 'weighted_r2': 0.8973149657249451, 'weighted_mae': 0.11912328749895096, 'polar_mae': 0.017812581732869148, 'cosine_similarity': 0.9307750767454989, 'emd_raw': 0.0008103477291502562, 'emd_normalized': 0.0008103477291502587, 'molecular_mae': 0.5146754267716255, 'molecular_emd': 0.0002607761102007723, 'molecular_cosine': 0.993426767098598, 'molecular_polar_mae': 0.23587107389948916}
2026-06-16 18:59:29,217 - INFO - Saved results to results/metrics/gine_seed2_mse.json
2026-06-16 18:59:54,349 - INFO - Device: cuda
2026-06-16 18:59:54,350 - INFO - Loading cached dataset: /mnt/tank/scratch/ikarpushkina/sigma/ASPEN/data/train_test_val_df/cache/chaos_atomic_train_with_coordinates.parquet.fac02d20b3.pt
2026-06-16 19:00:10,759 - INFO - chaos_atomic_train_with_coordinates.parquet: 36981 molecules, 1077949 atoms, extended=True, RDKit mol valid: 36981/36981 (100.0%)
2026-06-16 19:00:10,760 - INFO - Loading cached dataset: /mnt/tank/scratch/ikarpushkina/sigma/ASPEN/data/train_test_val_df/cache/chaos_atomic_val_with_coordinates.parquet.fac02d20b3.pt
2026-06-16 19:00:13,749 - INFO - chaos_atomic_val_with_coordinates.parquet: 7941 molecules, 235573 atoms, extended=True, RDKit mol valid: 7941/7941 (100.0%)
2026-06-16 19:00:13,750 - INFO - Loading cached dataset: /mnt/tank/scratch/ikarpushkina/sigma/ASPEN/data/train_test_val_df/cache/chaos_atomic_test_with_coordinates.parquet.fac02d20b3.pt
2026-06-16 19:00:18,388 - INFO - chaos_atomic_test_with_coordinates.parquet: 7800 molecules, 221748 atoms, extended=True, RDKit mol valid: 7800/7800 (100.0%)
2026-06-16 19:00:20,026 - INFO - schnet: 693,202 params (target 695,667, diff 0.4%)
2026-06-16 19:01:32,079 - INFO - [schnet_seed0_mse] Epoch   1/200 | Train=0.06874 | Val=0.04909 | wMAE=0.168866 | PolarMAE=0.026450 | EMD=0.001516 | MolEMD=0.000678 | R2=0.7813 | LR=2.98e-04 | 72.1s
2026-06-16 19:01:32,149 - INFO -   -> new best (weighted_mae=0.168866), saved results/checkpoints/schnet_seed0_mse.pt
2026-06-16 19:02:41,592 - INFO - [schnet_seed0_mse] Epoch   2/200 | Train=0.03825 | Val=0.04082 | wMAE=0.155795 | PolarMAE=0.024989 | EMD=0.001337 | MolEMD=0.000621 | R2=0.8146 | LR=2.93e-04 | 69.4s
2026-06-16 19:02:41,661 - INFO -   -> new best (weighted_mae=0.155795), saved results/checkpoints/schnet_seed0_mse.pt
2026-06-16 19:03:57,997 - INFO - [schnet_seed0_mse] Epoch   3/200 | Train=0.03324 | Val=0.03707 | wMAE=0.148056 | PolarMAE=0.022798 | EMD=0.001216 | MolEMD=0.000513 | R2=0.8328 | LR=2.84e-04 | 76.3s
2026-06-16 19:03:58,065 - INFO -   -> new best (weighted_mae=0.148056), saved results/checkpoints/schnet_seed0_mse.pt
2026-06-16 19:05:06,180 - INFO - [schnet_seed0_mse] Epoch   4/200 | Train=0.03042 | Val=0.03425 | wMAE=0.142285 | PolarMAE=0.020540 | EMD=0.001086 | MolEMD=0.000448 | R2=0.8444 | LR=2.71e-04 | 68.1s
2026-06-16 19:05:06,248 - INFO -   -> new best (weighted_mae=0.142285), saved results/checkpoints/schnet_seed0_mse.pt
2026-06-16 19:06:22,027 - INFO - [schnet_seed0_mse] Epoch   5/200 | Train=0.02841 | Val=0.03247 | wMAE=0.143084 | PolarMAE=0.019879 | EMD=0.001041 | MolEMD=0.000401 | R2=0.8487 | LR=2.56e-04 | 75.8s
2026-06-16 19:07:30,763 - INFO - [schnet_seed0_mse] Epoch   6/200 | Train=0.02691 | Val=0.03163 | wMAE=0.138098 | PolarMAE=0.019617 | EMD=0.001010 | MolEMD=0.000435 | R2=0.8548 | LR=2.38e-04 | 68.7s
2026-06-16 19:07:30,831 - INFO -   -> new best (weighted_mae=0.138098), saved results/checkpoints/schnet_seed0_mse.pt
2026-06-16 19:08:41,365 - INFO - [schnet_seed0_mse] Epoch   7/200 | Train=0.02592 | Val=0.03073 | wMAE=0.137281 | PolarMAE=0.019411 | EMD=0.000983 | MolEMD=0.000406 | R2=0.8572 | LR=2.18e-04 | 70.5s
2026-06-16 19:08:41,432 - INFO -   -> new best (weighted_mae=0.137281), saved results/checkpoints/schnet_seed0_mse.pt
2026-06-16 19:09:49,739 - INFO - [schnet_seed0_mse] Epoch   8/200 | Train=0.02496 | Val=0.02936 | wMAE=0.133061 | PolarMAE=0.018220 | EMD=0.000931 | MolEMD=0.000367 | R2=0.8669 | LR=1.97e-04 | 68.3s
2026-06-16 19:09:49,808 - INFO -   -> new best (weighted_mae=0.133061), saved results/checkpoints/schnet_seed0_mse.pt
2026-06-16 19:11:06,698 - INFO - [schnet_seed0_mse] Epoch   9/200 | Train=0.02426 | Val=0.02995 | wMAE=0.138467 | PolarMAE=0.017841 | EMD=0.000936 | MolEMD=0.000391 | R2=0.8582 | LR=1.74e-04 | 76.9s
2026-06-16 19:12:14,903 - INFO - [schnet_seed0_mse] Epoch  10/200 | Train=0.02369 | Val=0.02797 | wMAE=0.131198 | PolarMAE=0.018136 | EMD=0.000909 | MolEMD=0.000361 | R2=0.8721 | LR=1.50e-04 | 68.2s
2026-06-16 19:12:14,972 - INFO -   -> new best (weighted_mae=0.131198), saved results/checkpoints/schnet_seed0_mse.pt
2026-06-16 19:13:31,857 - INFO - [schnet_seed0_mse] Epoch  11/200 | Train=0.02306 | Val=0.02844 | wMAE=0.129484 | PolarMAE=0.017642 | EMD=0.000888 | MolEMD=0.000365 | R2=0.8717 | LR=1.27e-04 | 76.9s
2026-06-16 19:13:31,930 - INFO -   -> new best (weighted_mae=0.129484), saved results/checkpoints/schnet_seed0_mse.pt
2026-06-16 19:14:40,251 - INFO - [schnet_seed0_mse] Epoch  12/200 | Train=0.02259 | Val=0.02680 | wMAE=0.127665 | PolarMAE=0.017434 | EMD=0.000865 | MolEMD=0.000343 | R2=0.8778 | LR=1.04e-04 | 68.3s
2026-06-16 19:14:40,811 - INFO -   -> new best (weighted_mae=0.127665), saved results/checkpoints/schnet_seed0_mse.pt
2026-06-16 19:15:56,600 - INFO - [schnet_seed0_mse] Epoch  13/200 | Train=0.02219 | Val=0.02678 | wMAE=0.126303 | PolarMAE=0.017447 | EMD=0.000853 | MolEMD=0.000338 | R2=0.8785 | LR=8.26e-05 | 75.8s
2026-06-16 19:15:56,674 - INFO -   -> new best (weighted_mae=0.126303), saved results/checkpoints/schnet_seed0_mse.pt
2026-06-16 19:17:04,793 - INFO - [schnet_seed0_mse] Epoch  14/200 | Train=0.02186 | Val=0.02618 | wMAE=0.126441 | PolarMAE=0.017284 | EMD=0.000840 | MolEMD=0.000325 | R2=0.8800 | LR=6.26e-05 | 68.1s
2026-06-16 19:18:24,889 - INFO - [schnet_seed0_mse] Epoch  15/200 | Train=0.02155 | Val=0.02586 | wMAE=0.125310 | PolarMAE=0.017187 | EMD=0.000833 | MolEMD=0.000318 | R2=0.8819 | LR=4.48e-05 | 80.1s
2026-06-16 19:18:24,961 - INFO -   -> new best (weighted_mae=0.125310), saved results/checkpoints/schnet_seed0_mse.pt
2026-06-16 19:19:33,459 - INFO - [schnet_seed0_mse] Epoch  16/200 | Train=0.02131 | Val=0.02589 | wMAE=0.125136 | PolarMAE=0.017049 | EMD=0.000829 | MolEMD=0.000322 | R2=0.8816 | LR=2.96e-05 | 68.5s
2026-06-16 19:19:33,542 - INFO -   -> new best (weighted_mae=0.125136), saved results/checkpoints/schnet_seed0_mse.pt
2026-06-16 19:20:44,954 - INFO - [schnet_seed0_mse] Epoch  17/200 | Train=0.02111 | Val=0.02573 | wMAE=0.124674 | PolarMAE=0.017214 | EMD=0.000828 | MolEMD=0.000321 | R2=0.8824 | LR=1.73e-05 | 71.4s
2026-06-16 19:20:45,025 - INFO -   -> new best (weighted_mae=0.124674), saved results/checkpoints/schnet_seed0_mse.pt
2026-06-16 19:21:53,300 - INFO - [schnet_seed0_mse] Epoch  18/200 | Train=0.02095 | Val=0.02555 | wMAE=0.124401 | PolarMAE=0.017011 | EMD=0.000823 | MolEMD=0.000313 | R2=0.8833 | LR=8.32e-06 | 68.3s
2026-06-16 19:21:53,369 - INFO -   -> new best (weighted_mae=0.124401), saved results/checkpoints/schnet_seed0_mse.pt
2026-06-16 19:23:04,165 - INFO - [schnet_seed0_mse] Epoch  19/200 | Train=0.02086 | Val=0.02539 | wMAE=0.124076 | PolarMAE=0.017008 | EMD=0.000821 | MolEMD=0.000310 | R2=0.8839 | LR=2.84e-06 | 70.8s
2026-06-16 19:23:04,234 - INFO -   -> new best (weighted_mae=0.124076), saved results/checkpoints/schnet_seed0_mse.pt
2026-06-16 19:24:13,550 - INFO - [schnet_seed0_mse] Epoch  20/200 | Train=0.02079 | Val=0.02535 | wMAE=0.124115 | PolarMAE=0.016985 | EMD=0.000820 | MolEMD=0.000309 | R2=0.8841 | LR=3.00e-04 | 69.3s
2026-06-16 19:25:22,893 - INFO - [schnet_seed0_mse] Epoch  21/200 | Train=0.02384 | Val=0.02774 | wMAE=0.129374 | PolarMAE=0.017945 | EMD=0.000866 | MolEMD=0.000352 | R2=0.8730 | LR=3.00e-04 | 69.3s
2026-06-16 19:26:34,038 - INFO - [schnet_seed0_mse] Epoch  22/200 | Train=0.02249 | Val=0.02634 | wMAE=0.125821 | PolarMAE=0.017288 | EMD=0.000839 | MolEMD=0.000331 | R2=0.8794 | LR=2.98e-04 | 71.1s
2026-06-16 19:27:42,876 - INFO - [schnet_seed0_mse] Epoch  23/200 | Train=0.02208 | Val=0.02700 | wMAE=0.127716 | PolarMAE=0.017450 | EMD=0.000851 | MolEMD=0.000354 | R2=0.8748 | LR=2.96e-04 | 68.8s
2026-06-16 19:28:53,444 - INFO - [schnet_seed0_mse] Epoch  24/200 | Train=0.02174 | Val=0.02734 | wMAE=0.129540 | PolarMAE=0.017527 | EMD=0.000866 | MolEMD=0.000354 | R2=0.8729 | LR=2.93e-04 | 70.6s
2026-06-16 19:30:05,280 - INFO - [schnet_seed0_mse] Epoch  25/200 | Train=0.02146 | Val=0.02568 | wMAE=0.124507 | PolarMAE=0.017151 | EMD=0.000827 | MolEMD=0.000324 | R2=0.8818 | LR=2.89e-04 | 71.8s
2026-06-16 19:31:13,565 - INFO - [schnet_seed0_mse] Epoch  26/200 | Train=0.02113 | Val=0.02531 | wMAE=0.124245 | PolarMAE=0.016943 | EMD=0.000828 | MolEMD=0.000356 | R2=0.8838 | LR=2.84e-04 | 68.3s
2026-06-16 19:32:29,398 - INFO - [schnet_seed0_mse] Epoch  27/200 | Train=0.02089 | Val=0.02571 | wMAE=0.125312 | PolarMAE=0.017174 | EMD=0.000823 | MolEMD=0.000331 | R2=0.8806 | LR=2.78e-04 | 75.8s
2026-06-16 19:33:39,251 - INFO - [schnet_seed0_mse] Epoch  28/200 | Train=0.02068 | Val=0.02494 | wMAE=0.123538 | PolarMAE=0.016639 | EMD=0.000798 | MolEMD=0.000311 | R2=0.8848 | LR=2.71e-04 | 69.9s
2026-06-16 19:33:39,328 - INFO -   -> new best (weighted_mae=0.123538), saved results/checkpoints/schnet_seed0_mse.pt
2026-06-16 19:34:50,102 - INFO - [schnet_seed0_mse] Epoch  29/200 | Train=0.02041 | Val=0.02530 | wMAE=0.124044 | PolarMAE=0.016858 | EMD=0.000812 | MolEMD=0.000337 | R2=0.8836 | LR=2.64e-04 | 70.8s
2026-06-16 19:36:01,270 - INFO - [schnet_seed0_mse] Epoch  30/200 | Train=0.02009 | Val=0.02459 | wMAE=0.122455 | PolarMAE=0.017094 | EMD=0.000806 | MolEMD=0.000327 | R2=0.8869 | LR=2.56e-04 | 71.2s
2026-06-16 19:36:01,338 - INFO -   -> new best (weighted_mae=0.122455), saved results/checkpoints/schnet_seed0_mse.pt
2026-06-16 19:37:09,492 - INFO - [schnet_seed0_mse] Epoch  31/200 | Train=0.01998 | Val=0.02413 | wMAE=0.122094 | PolarMAE=0.016519 | EMD=0.000793 | MolEMD=0.000304 | R2=0.8886 | LR=2.48e-04 | 68.2s
2026-06-16 19:37:09,561 - INFO -   -> new best (weighted_mae=0.122094), saved results/checkpoints/schnet_seed0_mse.pt
2026-06-16 19:38:24,730 - INFO - [schnet_seed0_mse] Epoch  32/200 | Train=0.01982 | Val=0.02407 | wMAE=0.121506 | PolarMAE=0.016386 | EMD=0.000780 | MolEMD=0.000313 | R2=0.8881 | LR=2.38e-04 | 75.2s
2026-06-16 19:38:25,140 - INFO -   -> new best (weighted_mae=0.121506), saved results/checkpoints/schnet_seed0_mse.pt
2026-06-16 19:39:34,706 - INFO - [schnet_seed0_mse] Epoch  33/200 | Train=0.01955 | Val=0.02400 | wMAE=0.121991 | PolarMAE=0.016567 | EMD=0.000782 | MolEMD=0.000312 | R2=0.8888 | LR=2.29e-04 | 69.6s
2026-06-16 19:40:46,297 - INFO - [schnet_seed0_mse] Epoch  34/200 | Train=0.01940 | Val=0.02426 | wMAE=0.122076 | PolarMAE=0.016657 | EMD=0.000791 | MolEMD=0.000334 | R2=0.8878 | LR=2.18e-04 | 71.6s
2026-06-16 19:41:57,361 - INFO - [schnet_seed0_mse] Epoch  35/200 | Train=0.01922 | Val=0.02350 | wMAE=0.121103 | PolarMAE=0.016759 | EMD=0.000776 | MolEMD=0.000303 | R2=0.8914 | LR=2.08e-04 | 71.1s
2026-06-16 19:41:57,431 - INFO -   -> new best (weighted_mae=0.121103), saved results/checkpoints/schnet_seed0_mse.pt
2026-06-16 19:43:08,180 - INFO - [schnet_seed0_mse] Epoch  36/200 | Train=0.01907 | Val=0.02370 | wMAE=0.120092 | PolarMAE=0.016412 | EMD=0.000768 | MolEMD=0.000295 | R2=0.8908 | LR=1.97e-04 | 70.7s
2026-06-16 19:43:08,300 - INFO -   -> new best (weighted_mae=0.120092), saved results/checkpoints/schnet_seed0_mse.pt
2026-06-16 19:44:23,751 - INFO - [schnet_seed0_mse] Epoch  37/200 | Train=0.01890 | Val=0.02384 | wMAE=0.120796 | PolarMAE=0.016691 | EMD=0.000776 | MolEMD=0.000311 | R2=0.8895 | LR=1.85e-04 | 75.4s
2026-06-16 19:45:39,736 - INFO - [schnet_seed0_mse] Epoch  38/200 | Train=0.01869 | Val=0.02324 | wMAE=0.119962 | PolarMAE=0.016236 | EMD=0.000756 | MolEMD=0.000293 | R2=0.8914 | LR=1.74e-04 | 76.0s
2026-06-16 19:45:39,818 - INFO -   -> new best (weighted_mae=0.119962), saved results/checkpoints/schnet_seed0_mse.pt
2026-06-16 19:46:59,142 - INFO - [schnet_seed0_mse] Epoch  39/200 | Train=0.01860 | Val=0.02331 | wMAE=0.119496 | PolarMAE=0.016102 | EMD=0.000752 | MolEMD=0.000293 | R2=0.8921 | LR=1.62e-04 | 79.3s
2026-06-16 19:46:59,213 - INFO -   -> new best (weighted_mae=0.119496), saved results/checkpoints/schnet_seed0_mse.pt
2026-06-16 19:48:09,334 - INFO - [schnet_seed0_mse] Epoch  40/200 | Train=0.01847 | Val=0.02345 | wMAE=0.119600 | PolarMAE=0.016435 | EMD=0.000763 | MolEMD=0.000323 | R2=0.8909 | LR=1.50e-04 | 70.1s
2026-06-16 19:49:28,390 - INFO - [schnet_seed0_mse] Epoch  41/200 | Train=0.01828 | Val=0.02290 | wMAE=0.119342 | PolarMAE=0.016254 | EMD=0.000751 | MolEMD=0.000286 | R2=0.8937 | LR=1.39e-04 | 78.8s
2026-06-16 19:49:28,493 - INFO -   -> new best (weighted_mae=0.119342), saved results/checkpoints/schnet_seed0_mse.pt
2026-06-16 19:50:38,318 - INFO - [schnet_seed0_mse] Epoch  42/200 | Train=0.01816 | Val=0.02309 | wMAE=0.119171 | PolarMAE=0.016146 | EMD=0.000753 | MolEMD=0.000309 | R2=0.8931 | LR=1.27e-04 | 69.8s
2026-06-16 19:50:38,411 - INFO -   -> new best (weighted_mae=0.119171), saved results/checkpoints/schnet_seed0_mse.pt
2026-06-16 19:51:51,565 - INFO - [schnet_seed0_mse] Epoch  43/200 | Train=0.01803 | Val=0.02283 | wMAE=0.118008 | PolarMAE=0.015978 | EMD=0.000738 | MolEMD=0.000280 | R2=0.8945 | LR=1.16e-04 | 73.2s
2026-06-16 19:51:51,638 - INFO -   -> new best (weighted_mae=0.118008), saved results/checkpoints/schnet_seed0_mse.pt
2026-06-16 19:53:08,158 - INFO - [schnet_seed0_mse] Epoch  44/200 | Train=0.01792 | Val=0.02288 | wMAE=0.118146 | PolarMAE=0.016026 | EMD=0.000738 | MolEMD=0.000284 | R2=0.8938 | LR=1.04e-04 | 76.5s
2026-06-16 19:54:19,195 - INFO - [schnet_seed0_mse] Epoch  45/200 | Train=0.01781 | Val=0.02270 | wMAE=0.117549 | PolarMAE=0.015951 | EMD=0.000732 | MolEMD=0.000279 | R2=0.8951 | LR=9.33e-05 | 70.3s
2026-06-16 19:54:19,637 - INFO -   -> new best (weighted_mae=0.117549), saved results/checkpoints/schnet_seed0_mse.pt
2026-06-16 19:55:29,311 - INFO - [schnet_seed0_mse] Epoch  46/200 | Train=0.01771 | Val=0.02253 | wMAE=0.117157 | PolarMAE=0.016064 | EMD=0.000735 | MolEMD=0.000281 | R2=0.8956 | LR=8.26e-05 | 69.7s
2026-06-16 19:55:29,920 - INFO -   -> new best (weighted_mae=0.117157), saved results/checkpoints/schnet_seed0_mse.pt
2026-06-16 19:56:40,126 - INFO - [schnet_seed0_mse] Epoch  47/200 | Train=0.01763 | Val=0.02240 | wMAE=0.117255 | PolarMAE=0.015985 | EMD=0.000733 | MolEMD=0.000279 | R2=0.8961 | LR=7.24e-05 | 70.2s
2026-06-16 19:57:58,244 - INFO - [schnet_seed0_mse] Epoch  48/200 | Train=0.01752 | Val=0.02235 | wMAE=0.117239 | PolarMAE=0.015997 | EMD=0.000731 | MolEMD=0.000280 | R2=0.8966 | LR=6.26e-05 | 78.1s
2026-06-16 19:59:08,406 - INFO - [schnet_seed0_mse] Epoch  49/200 | Train=0.01744 | Val=0.02229 | wMAE=0.116640 | PolarMAE=0.015966 | EMD=0.000727 | MolEMD=0.000275 | R2=0.8969 | LR=5.34e-05 | 70.1s
2026-06-16 19:59:09,027 - INFO -   -> new best (weighted_mae=0.116640), saved results/checkpoints/schnet_seed0_mse.pt
2026-06-16 20:00:24,293 - INFO - [schnet_seed0_mse] Epoch  50/200 | Train=0.01737 | Val=0.02224 | wMAE=0.116875 | PolarMAE=0.015898 | EMD=0.000725 | MolEMD=0.000273 | R2=0.8971 | LR=4.48e-05 | 75.3s
2026-06-16 20:01:34,325 - INFO - [schnet_seed0_mse] Epoch  51/200 | Train=0.01731 | Val=0.02231 | wMAE=0.116657 | PolarMAE=0.015929 | EMD=0.000724 | MolEMD=0.000274 | R2=0.8970 | LR=3.68e-05 | 70.0s
2026-06-16 20:02:49,415 - INFO - [schnet_seed0_mse] Epoch  52/200 | Train=0.01724 | Val=0.02224 | wMAE=0.116706 | PolarMAE=0.015778 | EMD=0.000724 | MolEMD=0.000278 | R2=0.8970 | LR=2.96e-05 | 75.1s
2026-06-16 20:03:59,233 - INFO - [schnet_seed0_mse] Epoch  53/200 | Train=0.01719 | Val=0.02218 | wMAE=0.116379 | PolarMAE=0.015867 | EMD=0.000723 | MolEMD=0.000275 | R2=0.8975 | LR=2.30e-05 | 69.8s
2026-06-16 20:03:59,844 - INFO -   -> new best (weighted_mae=0.116379), saved results/checkpoints/schnet_seed0_mse.pt
2026-06-16 20:05:17,886 - INFO - [schnet_seed0_mse] Epoch  54/200 | Train=0.01714 | Val=0.02214 | wMAE=0.116321 | PolarMAE=0.015823 | EMD=0.000720 | MolEMD=0.000272 | R2=0.8976 | LR=1.73e-05 | 78.0s
2026-06-16 20:05:18,188 - INFO -   -> new best (weighted_mae=0.116321), saved results/checkpoints/schnet_seed0_mse.pt
2026-06-16 20:06:27,774 - INFO - [schnet_seed0_mse] Epoch  55/200 | Train=0.01710 | Val=0.02210 | wMAE=0.116092 | PolarMAE=0.015839 | EMD=0.000719 | MolEMD=0.000272 | R2=0.8978 | LR=1.24e-05 | 69.6s
2026-06-16 20:06:28,908 - INFO -   -> new best (weighted_mae=0.116092), saved results/checkpoints/schnet_seed0_mse.pt
2026-06-16 20:07:40,595 - INFO - [schnet_seed0_mse] Epoch  56/200 | Train=0.01707 | Val=0.02215 | wMAE=0.116141 | PolarMAE=0.015806 | EMD=0.000719 | MolEMD=0.000270 | R2=0.8976 | LR=8.32e-06 | 71.7s
2026-06-16 20:08:49,343 - INFO - [schnet_seed0_mse] Epoch  57/200 | Train=0.01704 | Val=0.02209 | wMAE=0.116055 | PolarMAE=0.015819 | EMD=0.000717 | MolEMD=0.000270 | R2=0.8979 | LR=5.13e-06 | 68.5s
2026-06-16 20:08:50,977 - INFO -   -> new best (weighted_mae=0.116055), saved results/checkpoints/schnet_seed0_mse.pt
2026-06-16 20:10:02,933 - INFO - [schnet_seed0_mse] Epoch  58/200 | Train=0.01701 | Val=0.02205 | wMAE=0.115913 | PolarMAE=0.015808 | EMD=0.000717 | MolEMD=0.000270 | R2=0.8981 | LR=2.84e-06 | 72.0s
2026-06-16 20:10:03,291 - INFO -   -> new best (weighted_mae=0.115913), saved results/checkpoints/schnet_seed0_mse.pt
2026-06-16 20:11:13,380 - INFO - [schnet_seed0_mse] Epoch  59/200 | Train=0.01700 | Val=0.02205 | wMAE=0.115994 | PolarMAE=0.015799 | EMD=0.000718 | MolEMD=0.000270 | R2=0.8981 | LR=1.46e-06 | 70.1s
2026-06-16 20:12:26,236 - INFO - [schnet_seed0_mse] Epoch  60/200 | Train=0.01700 | Val=0.02205 | wMAE=0.115963 | PolarMAE=0.015802 | EMD=0.000717 | MolEMD=0.000270 | R2=0.8980 | LR=3.00e-04 | 72.4s
2026-06-16 20:13:40,387 - INFO - [schnet_seed0_mse] Epoch  61/200 | Train=0.01967 | Val=0.02344 | wMAE=0.119014 | PolarMAE=0.016035 | EMD=0.000744 | MolEMD=0.000282 | R2=0.8916 | LR=3.00e-04 | 74.0s
2026-06-16 20:14:51,657 - INFO - [schnet_seed0_mse] Epoch  62/200 | Train=0.01873 | Val=0.02420 | wMAE=0.123216 | PolarMAE=0.016395 | EMD=0.000772 | MolEMD=0.000322 | R2=0.8849 | LR=3.00e-04 | 71.0s
2026-06-16 20:16:08,848 - INFO - [schnet_seed0_mse] Epoch  63/200 | Train=0.01855 | Val=0.02378 | wMAE=0.119748 | PolarMAE=0.016560 | EMD=0.000759 | MolEMD=0.000291 | R2=0.8900 | LR=2.99e-04 | 77.2s
2026-06-16 20:17:20,459 - INFO - [schnet_seed0_mse] Epoch  64/200 | Train=0.01850 | Val=0.02318 | wMAE=0.118764 | PolarMAE=0.016190 | EMD=0.000747 | MolEMD=0.000294 | R2=0.8925 | LR=2.98e-04 | 71.6s
2026-06-16 20:18:41,728 - INFO - [schnet_seed0_mse] Epoch  65/200 | Train=0.01842 | Val=0.02304 | wMAE=0.118686 | PolarMAE=0.016271 | EMD=0.000751 | MolEMD=0.000317 | R2=0.8929 | LR=2.97e-04 | 81.1s
2026-06-16 20:19:51,920 - INFO - [schnet_seed0_mse] Epoch  66/200 | Train=0.01826 | Val=0.02327 | wMAE=0.118492 | PolarMAE=0.015895 | EMD=0.000740 | MolEMD=0.000292 | R2=0.8926 | LR=2.96e-04 | 70.2s
2026-06-16 20:21:07,732 - INFO - [schnet_seed0_mse] Epoch  67/200 | Train=0.01822 | Val=0.02370 | wMAE=0.120362 | PolarMAE=0.016260 | EMD=0.000750 | MolEMD=0.000307 | R2=0.8882 | LR=2.94e-04 | 75.8s
2026-06-16 20:22:19,836 - INFO - [schnet_seed0_mse] Epoch  68/200 | Train=0.01808 | Val=0.02298 | wMAE=0.118985 | PolarMAE=0.016180 | EMD=0.000749 | MolEMD=0.000295 | R2=0.8927 | LR=2.93e-04 | 71.5s
2026-06-16 20:23:37,142 - INFO - [schnet_seed0_mse] Epoch  69/200 | Train=0.01805 | Val=0.02320 | wMAE=0.118592 | PolarMAE=0.015967 | EMD=0.000738 | MolEMD=0.000295 | R2=0.8926 | LR=2.91e-04 | 77.3s
2026-06-16 20:24:47,519 - INFO - [schnet_seed0_mse] Epoch  70/200 | Train=0.01796 | Val=0.02324 | wMAE=0.118552 | PolarMAE=0.016577 | EMD=0.000748 | MolEMD=0.000307 | R2=0.8928 | LR=2.89e-04 | 70.4s
2026-06-16 20:26:00,891 - INFO - [schnet_seed0_mse] Epoch  71/200 | Train=0.01795 | Val=0.02284 | wMAE=0.118032 | PolarMAE=0.016175 | EMD=0.000740 | MolEMD=0.000302 | R2=0.8942 | LR=2.86e-04 | 73.4s
2026-06-16 20:27:12,025 - INFO - [schnet_seed0_mse] Epoch  72/200 | Train=0.01782 | Val=0.02295 | wMAE=0.118389 | PolarMAE=0.016082 | EMD=0.000736 | MolEMD=0.000284 | R2=0.8940 | LR=2.84e-04 | 71.1s
2026-06-16 20:28:25,721 - INFO - [schnet_seed0_mse] Epoch  73/200 | Train=0.01778 | Val=0.02310 | wMAE=0.117740 | PolarMAE=0.016648 | EMD=0.000742 | MolEMD=0.000290 | R2=0.8943 | LR=2.81e-04 | 73.7s
2026-06-16 20:29:35,822 - INFO - [schnet_seed0_mse] Epoch  74/200 | Train=0.01778 | Val=0.02322 | wMAE=0.119374 | PolarMAE=0.016078 | EMD=0.000747 | MolEMD=0.000299 | R2=0.8923 | LR=2.78e-04 | 70.1s
2026-06-16 20:30:47,872 - INFO - [schnet_seed0_mse] Epoch  75/200 | Train=0.01763 | Val=0.02275 | wMAE=0.118399 | PolarMAE=0.015904 | EMD=0.000730 | MolEMD=0.000289 | R2=0.8934 | LR=2.75e-04 | 72.0s
2026-06-16 20:31:58,015 - INFO - [schnet_seed0_mse] Epoch  76/200 | Train=0.01753 | Val=0.02259 | wMAE=0.118109 | PolarMAE=0.016158 | EMD=0.000737 | MolEMD=0.000285 | R2=0.8948 | LR=2.71e-04 | 70.1s
2026-06-16 20:33:08,592 - INFO - [schnet_seed0_mse] Epoch  77/200 | Train=0.01746 | Val=0.02248 | wMAE=0.117221 | PolarMAE=0.016035 | EMD=0.000729 | MolEMD=0.000282 | R2=0.8953 | LR=2.68e-04 | 70.6s
2026-06-16 20:34:18,653 - INFO - [schnet_seed0_mse] Epoch  78/200 | Train=0.01743 | Val=0.02227 | wMAE=0.116382 | PolarMAE=0.015793 | EMD=0.000722 | MolEMD=0.000280 | R2=0.8969 | LR=2.64e-04 | 70.1s
2026-06-16 20:34:18,654 - INFO - Early stopping at epoch 78.
2026-06-16 20:34:18,654 - INFO - Loading best checkpoint for test evaluation...
2026-06-16 20:34:54,671 - INFO - [schnet_seed0_mse] TEST METRICS: {'loss': 0.019928692860098986, 'weighted_r2': 0.9048821330070496, 'weighted_mae': 0.11470107734203339, 'polar_mae': 0.01740385964512825, 'cosine_similarity': 0.9349349605957182, 'emd_raw': 0.0007564635764048816, 'emd_normalized': 0.0007564635764048839, 'molecular_mae': 0.49399137046092595, 'molecular_emd': 0.00025369398985773835, 'molecular_cosine': 0.9939540129708938, 'molecular_polar_mae': 0.23060408290908432}
2026-06-16 20:34:54,717 - INFO - Saved results to results/metrics/schnet_seed0_mse.json
2026-06-16 20:36:25,468 - INFO - Device: cuda
2026-06-16 20:36:25,635 - INFO - Loading cached dataset: /mnt/tank/scratch/ikarpushkina/sigma/ASPEN/data/train_test_val_df/cache/chaos_atomic_train_with_coordinates.parquet.fac02d20b3.pt
2026-06-16 20:36:41,782 - INFO - chaos_atomic_train_with_coordinates.parquet: 36981 molecules, 1077949 atoms, extended=True, RDKit mol valid: 36981/36981 (100.0%)
2026-06-16 20:36:41,840 - INFO - Loading cached dataset: /mnt/tank/scratch/ikarpushkina/sigma/ASPEN/data/train_test_val_df/cache/chaos_atomic_val_with_coordinates.parquet.fac02d20b3.pt
2026-06-16 20:36:44,879 - INFO - chaos_atomic_val_with_coordinates.parquet: 7941 molecules, 235573 atoms, extended=True, RDKit mol valid: 7941/7941 (100.0%)
2026-06-16 20:36:44,898 - INFO - Loading cached dataset: /mnt/tank/scratch/ikarpushkina/sigma/ASPEN/data/train_test_val_df/cache/chaos_atomic_test_with_coordinates.parquet.fac02d20b3.pt
2026-06-16 20:36:49,425 - INFO - chaos_atomic_test_with_coordinates.parquet: 7800 molecules, 221748 atoms, extended=True, RDKit mol valid: 7800/7800 (100.0%)
2026-06-16 20:36:50,429 - INFO - schnet: 693,202 params (target 695,667, diff 0.4%)
2026-06-16 20:38:00,744 - INFO - [schnet_seed1_mse] Epoch   1/200 | Train=0.06948 | Val=0.04754 | wMAE=0.167597 | PolarMAE=0.026987 | EMD=0.001521 | MolEMD=0.000621 | R2=0.7898 | LR=2.98e-04 | 70.3s
2026-06-16 20:38:00,826 - INFO -   -> new best (weighted_mae=0.167597), saved results/checkpoints/schnet_seed1_mse.pt
2026-06-16 20:39:14,671 - INFO - [schnet_seed1_mse] Epoch   2/200 | Train=0.03870 | Val=0.04063 | wMAE=0.159424 | PolarMAE=0.023534 | EMD=0.001327 | MolEMD=0.000537 | R2=0.8146 | LR=2.93e-04 | 73.8s
2026-06-16 20:39:14,812 - INFO -   -> new best (weighted_mae=0.159424), saved results/checkpoints/schnet_seed1_mse.pt
2026-06-16 20:40:23,561 - INFO - [schnet_seed1_mse] Epoch   3/200 | Train=0.03342 | Val=0.03698 | wMAE=0.148929 | PolarMAE=0.021230 | EMD=0.001180 | MolEMD=0.000492 | R2=0.8335 | LR=2.84e-04 | 68.7s
2026-06-16 20:40:23,662 - INFO -   -> new best (weighted_mae=0.148929), saved results/checkpoints/schnet_seed1_mse.pt
2026-06-16 20:41:40,104 - INFO - [schnet_seed1_mse] Epoch   4/200 | Train=0.03056 | Val=0.03517 | wMAE=0.147449 | PolarMAE=0.020602 | EMD=0.001122 | MolEMD=0.000476 | R2=0.8367 | LR=2.71e-04 | 76.4s
2026-06-16 20:41:40,185 - INFO -   -> new best (weighted_mae=0.147449), saved results/checkpoints/schnet_seed1_mse.pt
2026-06-16 20:42:50,724 - INFO - [schnet_seed1_mse] Epoch   5/200 | Train=0.02859 | Val=0.03317 | wMAE=0.141867 | PolarMAE=0.020360 | EMD=0.001078 | MolEMD=0.000449 | R2=0.8498 | LR=2.56e-04 | 70.5s
2026-06-16 20:42:50,833 - INFO -   -> new best (weighted_mae=0.141867), saved results/checkpoints/schnet_seed1_mse.pt
2026-06-16 20:44:02,276 - INFO - [schnet_seed1_mse] Epoch   6/200 | Train=0.02705 | Val=0.03109 | wMAE=0.137415 | PolarMAE=0.019382 | EMD=0.000994 | MolEMD=0.000400 | R2=0.8584 | LR=2.38e-04 | 71.4s
2026-06-16 20:44:02,467 - INFO -   -> new best (weighted_mae=0.137415), saved results/checkpoints/schnet_seed1_mse.pt
2026-06-16 20:45:12,946 - INFO - [schnet_seed1_mse] Epoch   7/200 | Train=0.02592 | Val=0.03294 | wMAE=0.143739 | PolarMAE=0.018764 | EMD=0.001017 | MolEMD=0.000434 | R2=0.8463 | LR=2.18e-04 | 70.5s
2026-06-16 20:46:22,789 - INFO - [schnet_seed1_mse] Epoch   8/200 | Train=0.02501 | Val=0.02942 | wMAE=0.133748 | PolarMAE=0.018351 | EMD=0.000928 | MolEMD=0.000368 | R2=0.8652 | LR=1.97e-04 | 69.8s
2026-06-16 20:46:22,901 - INFO -   -> new best (weighted_mae=0.133748), saved results/checkpoints/schnet_seed1_mse.pt
2026-06-16 20:47:34,865 - INFO - [schnet_seed1_mse] Epoch   9/200 | Train=0.02427 | Val=0.02836 | wMAE=0.131262 | PolarMAE=0.018207 | EMD=0.000907 | MolEMD=0.000357 | R2=0.8711 | LR=1.74e-04 | 72.0s
2026-06-16 20:47:34,978 - INFO -   -> new best (weighted_mae=0.131262), saved results/checkpoints/schnet_seed1_mse.pt
2026-06-16 20:48:45,400 - INFO - [schnet_seed1_mse] Epoch  10/200 | Train=0.02365 | Val=0.02818 | wMAE=0.129177 | PolarMAE=0.018112 | EMD=0.000894 | MolEMD=0.000373 | R2=0.8728 | LR=1.50e-04 | 70.4s
2026-06-16 20:48:45,614 - INFO -   -> new best (weighted_mae=0.129177), saved results/checkpoints/schnet_seed1_mse.pt
2026-06-16 20:49:59,683 - INFO - [schnet_seed1_mse] Epoch  11/200 | Train=0.02310 | Val=0.02798 | wMAE=0.130340 | PolarMAE=0.017212 | EMD=0.000872 | MolEMD=0.000359 | R2=0.8715 | LR=1.27e-04 | 74.1s
2026-06-16 20:51:10,121 - INFO - [schnet_seed1_mse] Epoch  12/200 | Train=0.02262 | Val=0.02701 | wMAE=0.127789 | PolarMAE=0.017531 | EMD=0.000860 | MolEMD=0.000332 | R2=0.8774 | LR=1.04e-04 | 70.4s
2026-06-16 20:51:10,487 - INFO -   -> new best (weighted_mae=0.127789), saved results/checkpoints/schnet_seed1_mse.pt
2026-06-16 20:52:22,550 - INFO - [schnet_seed1_mse] Epoch  13/200 | Train=0.02213 | Val=0.02657 | wMAE=0.127099 | PolarMAE=0.017231 | EMD=0.000846 | MolEMD=0.000327 | R2=0.8791 | LR=8.26e-05 | 72.1s
2026-06-16 20:52:22,826 - INFO -   -> new best (weighted_mae=0.127099), saved results/checkpoints/schnet_seed1_mse.pt
2026-06-16 20:53:33,366 - INFO - [schnet_seed1_mse] Epoch  14/200 | Train=0.02181 | Val=0.02621 | wMAE=0.125874 | PolarMAE=0.017173 | EMD=0.000835 | MolEMD=0.000322 | R2=0.8809 | LR=6.26e-05 | 70.5s
2026-06-16 20:53:33,757 - INFO -   -> new best (weighted_mae=0.125874), saved results/checkpoints/schnet_seed1_mse.pt
2026-06-16 20:54:44,573 - INFO - [schnet_seed1_mse] Epoch  15/200 | Train=0.02150 | Val=0.02580 | wMAE=0.125555 | PolarMAE=0.017024 | EMD=0.000833 | MolEMD=0.000319 | R2=0.8826 | LR=4.48e-05 | 70.8s
2026-06-16 20:54:46,850 - INFO -   -> new best (weighted_mae=0.125555), saved results/checkpoints/schnet_seed1_mse.pt
2026-06-16 20:55:57,759 - INFO - [schnet_seed1_mse] Epoch  16/200 | Train=0.02126 | Val=0.02554 | wMAE=0.124680 | PolarMAE=0.017054 | EMD=0.000823 | MolEMD=0.000316 | R2=0.8837 | LR=2.96e-05 | 70.9s
2026-06-16 20:55:58,436 - INFO -   -> new best (weighted_mae=0.124680), saved results/checkpoints/schnet_seed1_mse.pt
2026-06-16 20:57:08,716 - INFO - [schnet_seed1_mse] Epoch  17/200 | Train=0.02106 | Val=0.02548 | wMAE=0.124632 | PolarMAE=0.017059 | EMD=0.000823 | MolEMD=0.000315 | R2=0.8842 | LR=1.73e-05 | 70.3s
2026-06-16 20:57:09,054 - INFO -   -> new best (weighted_mae=0.124632), saved results/checkpoints/schnet_seed1_mse.pt
2026-06-16 20:58:19,503 - INFO - [schnet_seed1_mse] Epoch  18/200 | Train=0.02092 | Val=0.02542 | wMAE=0.124362 | PolarMAE=0.016970 | EMD=0.000819 | MolEMD=0.000314 | R2=0.8843 | LR=8.32e-06 | 70.4s
2026-06-16 20:58:19,747 - INFO -   -> new best (weighted_mae=0.124362), saved results/checkpoints/schnet_seed1_mse.pt
2026-06-16 20:59:29,799 - INFO - [schnet_seed1_mse] Epoch  19/200 | Train=0.02082 | Val=0.02530 | wMAE=0.124110 | PolarMAE=0.016881 | EMD=0.000815 | MolEMD=0.000310 | R2=0.8849 | LR=2.84e-06 | 70.1s
2026-06-16 20:59:30,042 - INFO -   -> new best (weighted_mae=0.124110), saved results/checkpoints/schnet_seed1_mse.pt
2026-06-16 21:00:45,205 - INFO - [schnet_seed1_mse] Epoch  20/200 | Train=0.02075 | Val=0.02524 | wMAE=0.123932 | PolarMAE=0.016891 | EMD=0.000815 | MolEMD=0.000309 | R2=0.8852 | LR=3.00e-04 | 75.2s
2026-06-16 21:00:45,366 - INFO -   -> new best (weighted_mae=0.123932), saved results/checkpoints/schnet_seed1_mse.pt
2026-06-16 21:01:55,867 - INFO - [schnet_seed1_mse] Epoch  21/200 | Train=0.02358 | Val=0.02783 | wMAE=0.130309 | PolarMAE=0.017574 | EMD=0.000871 | MolEMD=0.000420 | R2=0.8698 | LR=3.00e-04 | 70.5s
2026-06-16 21:03:10,581 - INFO - [schnet_seed1_mse] Epoch  22/200 | Train=0.02243 | Val=0.02693 | wMAE=0.128507 | PolarMAE=0.017222 | EMD=0.000843 | MolEMD=0.000338 | R2=0.8767 | LR=2.98e-04 | 74.7s
2026-06-16 21:04:19,884 - INFO - [schnet_seed1_mse] Epoch  23/200 | Train=0.02201 | Val=0.02584 | wMAE=0.126648 | PolarMAE=0.017246 | EMD=0.000842 | MolEMD=0.000336 | R2=0.8811 | LR=2.96e-04 | 69.2s
2026-06-16 21:05:30,910 - INFO - [schnet_seed1_mse] Epoch  24/200 | Train=0.02171 | Val=0.02765 | wMAE=0.129330 | PolarMAE=0.017335 | EMD=0.000852 | MolEMD=0.000375 | R2=0.8719 | LR=2.93e-04 | 70.9s
2026-06-16 21:06:40,542 - INFO - [schnet_seed1_mse] Epoch  25/200 | Train=0.02136 | Val=0.02819 | wMAE=0.135202 | PolarMAE=0.016693 | EMD=0.000847 | MolEMD=0.000377 | R2=0.8630 | LR=2.89e-04 | 69.6s
2026-06-16 21:07:49,140 - INFO - [schnet_seed1_mse] Epoch  26/200 | Train=0.02107 | Val=0.02549 | wMAE=0.125403 | PolarMAE=0.016919 | EMD=0.000816 | MolEMD=0.000357 | R2=0.8812 | LR=2.84e-04 | 68.6s
2026-06-16 21:08:59,470 - INFO - [schnet_seed1_mse] Epoch  27/200 | Train=0.02086 | Val=0.02544 | wMAE=0.124338 | PolarMAE=0.017045 | EMD=0.000805 | MolEMD=0.000324 | R2=0.8835 | LR=2.78e-04 | 70.3s
2026-06-16 21:10:07,635 - INFO - [schnet_seed1_mse] Epoch  28/200 | Train=0.02054 | Val=0.02493 | wMAE=0.123925 | PolarMAE=0.016350 | EMD=0.000803 | MolEMD=0.000327 | R2=0.8858 | LR=2.71e-04 | 68.2s
2026-06-16 21:10:07,848 - INFO -   -> new best (weighted_mae=0.123925), saved results/checkpoints/schnet_seed1_mse.pt
2026-06-16 21:11:25,431 - INFO - [schnet_seed1_mse] Epoch  29/200 | Train=0.02036 | Val=0.02442 | wMAE=0.122466 | PolarMAE=0.016784 | EMD=0.000802 | MolEMD=0.000333 | R2=0.8877 | LR=2.64e-04 | 77.6s
2026-06-16 21:11:26,079 - INFO -   -> new best (weighted_mae=0.122466), saved results/checkpoints/schnet_seed1_mse.pt
2026-06-16 21:12:35,477 - INFO - [schnet_seed1_mse] Epoch  30/200 | Train=0.02016 | Val=0.02440 | wMAE=0.120840 | PolarMAE=0.016739 | EMD=0.000781 | MolEMD=0.000318 | R2=0.8890 | LR=2.56e-04 | 69.4s
2026-06-16 21:12:35,831 - INFO -   -> new best (weighted_mae=0.120840), saved results/checkpoints/schnet_seed1_mse.pt
2026-06-16 21:13:49,503 - INFO - [schnet_seed1_mse] Epoch  31/200 | Train=0.01990 | Val=0.02444 | wMAE=0.122766 | PolarMAE=0.017011 | EMD=0.000796 | MolEMD=0.000317 | R2=0.8872 | LR=2.48e-04 | 73.7s
2026-06-16 21:14:50,813 - INFO - [schnet_seed1_mse] Epoch  32/200 | Train=0.01973 | Val=0.02446 | wMAE=0.123520 | PolarMAE=0.016517 | EMD=0.000791 | MolEMD=0.000325 | R2=0.8869 | LR=2.38e-04 | 61.2s
2026-06-16 21:15:52,370 - INFO - [schnet_seed1_mse] Epoch  33/200 | Train=0.01955 | Val=0.02405 | wMAE=0.121512 | PolarMAE=0.016452 | EMD=0.000777 | MolEMD=0.000317 | R2=0.8893 | LR=2.29e-04 | 61.6s
2026-06-16 21:16:53,765 - INFO - [schnet_seed1_mse] Epoch  34/200 | Train=0.01932 | Val=0.02425 | wMAE=0.120515 | PolarMAE=0.016639 | EMD=0.000773 | MolEMD=0.000324 | R2=0.8890 | LR=2.18e-04 | 61.4s
2026-06-16 21:16:53,909 - INFO -   -> new best (weighted_mae=0.120515), saved results/checkpoints/schnet_seed1_mse.pt
2026-06-16 21:17:56,527 - INFO - [schnet_seed1_mse] Epoch  35/200 | Train=0.01915 | Val=0.02368 | wMAE=0.119690 | PolarMAE=0.016327 | EMD=0.000760 | MolEMD=0.000306 | R2=0.8916 | LR=2.08e-04 | 62.6s
2026-06-16 21:17:56,961 - INFO -   -> new best (weighted_mae=0.119690), saved results/checkpoints/schnet_seed1_mse.pt
2026-06-16 21:18:58,396 - INFO - [schnet_seed1_mse] Epoch  36/200 | Train=0.01896 | Val=0.02364 | wMAE=0.120399 | PolarMAE=0.016197 | EMD=0.000759 | MolEMD=0.000297 | R2=0.8907 | LR=1.97e-04 | 61.4s
2026-06-16 21:20:00,401 - INFO - [schnet_seed1_mse] Epoch  37/200 | Train=0.01887 | Val=0.02319 | wMAE=0.119227 | PolarMAE=0.016009 | EMD=0.000750 | MolEMD=0.000294 | R2=0.8935 | LR=1.85e-04 | 62.0s
2026-06-16 21:20:00,639 - INFO -   -> new best (weighted_mae=0.119227), saved results/checkpoints/schnet_seed1_mse.pt
2026-06-16 21:21:02,602 - INFO - [schnet_seed1_mse] Epoch  38/200 | Train=0.01866 | Val=0.02350 | wMAE=0.120357 | PolarMAE=0.016228 | EMD=0.000755 | MolEMD=0.000294 | R2=0.8914 | LR=1.74e-04 | 62.0s
2026-06-16 21:22:04,031 - INFO - [schnet_seed1_mse] Epoch  39/200 | Train=0.01849 | Val=0.02328 | wMAE=0.119120 | PolarMAE=0.016036 | EMD=0.000749 | MolEMD=0.000304 | R2=0.8924 | LR=1.62e-04 | 61.4s
2026-06-16 21:22:05,163 - INFO -   -> new best (weighted_mae=0.119120), saved results/checkpoints/schnet_seed1_mse.pt
2026-06-16 21:23:06,511 - INFO - [schnet_seed1_mse] Epoch  40/200 | Train=0.01836 | Val=0.02338 | wMAE=0.118999 | PolarMAE=0.016445 | EMD=0.000745 | MolEMD=0.000293 | R2=0.8925 | LR=1.50e-04 | 61.3s
2026-06-16 21:23:06,944 - INFO -   -> new best (weighted_mae=0.118999), saved results/checkpoints/schnet_seed1_mse.pt
2026-06-16 21:24:08,857 - INFO - [schnet_seed1_mse] Epoch  41/200 | Train=0.01822 | Val=0.02323 | wMAE=0.119466 | PolarMAE=0.016264 | EMD=0.000751 | MolEMD=0.000294 | R2=0.8929 | LR=1.39e-04 | 61.9s
2026-06-16 21:25:09,301 - INFO - [schnet_seed1_mse] Epoch  42/200 | Train=0.01812 | Val=0.02278 | wMAE=0.118184 | PolarMAE=0.015876 | EMD=0.000740 | MolEMD=0.000293 | R2=0.8952 | LR=1.27e-04 | 60.4s
2026-06-16 21:25:09,731 - INFO -   -> new best (weighted_mae=0.118184), saved results/checkpoints/schnet_seed1_mse.pt
2026-06-16 21:26:11,685 - INFO - [schnet_seed1_mse] Epoch  43/200 | Train=0.01800 | Val=0.02287 | wMAE=0.118173 | PolarMAE=0.016194 | EMD=0.000740 | MolEMD=0.000290 | R2=0.8947 | LR=1.16e-04 | 62.0s
2026-06-16 21:26:12,098 - INFO -   -> new best (weighted_mae=0.118173), saved results/checkpoints/schnet_seed1_mse.pt
2026-06-16 21:27:14,203 - INFO - [schnet_seed1_mse] Epoch  44/200 | Train=0.01791 | Val=0.02254 | wMAE=0.117268 | PolarMAE=0.015938 | EMD=0.000730 | MolEMD=0.000280 | R2=0.8962 | LR=1.04e-04 | 62.1s
2026-06-16 21:27:14,678 - INFO -   -> new best (weighted_mae=0.117268), saved results/checkpoints/schnet_seed1_mse.pt
2026-06-16 21:28:15,956 - INFO - [schnet_seed1_mse] Epoch  45/200 | Train=0.01776 | Val=0.02256 | wMAE=0.117144 | PolarMAE=0.016230 | EMD=0.000736 | MolEMD=0.000285 | R2=0.8965 | LR=9.33e-05 | 61.3s
2026-06-16 21:28:16,351 - INFO -   -> new best (weighted_mae=0.117144), saved results/checkpoints/schnet_seed1_mse.pt
2026-06-16 21:29:19,009 - INFO - [schnet_seed1_mse] Epoch  46/200 | Train=0.01765 | Val=0.02257 | wMAE=0.117274 | PolarMAE=0.015941 | EMD=0.000727 | MolEMD=0.000277 | R2=0.8964 | LR=8.26e-05 | 62.7s
2026-06-16 21:30:19,695 - INFO - [schnet_seed1_mse] Epoch  47/200 | Train=0.01758 | Val=0.02245 | wMAE=0.116951 | PolarMAE=0.016007 | EMD=0.000729 | MolEMD=0.000277 | R2=0.8969 | LR=7.24e-05 | 60.6s
2026-06-16 21:30:20,184 - INFO -   -> new best (weighted_mae=0.116951), saved results/checkpoints/schnet_seed1_mse.pt
2026-06-16 21:31:21,237 - INFO - [schnet_seed1_mse] Epoch  48/200 | Train=0.01748 | Val=0.02230 | wMAE=0.117165 | PolarMAE=0.015880 | EMD=0.000724 | MolEMD=0.000279 | R2=0.8971 | LR=6.26e-05 | 61.1s
2026-06-16 21:32:22,791 - INFO - [schnet_seed1_mse] Epoch  49/200 | Train=0.01740 | Val=0.02227 | wMAE=0.116639 | PolarMAE=0.015771 | EMD=0.000722 | MolEMD=0.000274 | R2=0.8978 | LR=5.34e-05 | 61.6s
2026-06-16 21:32:22,856 - INFO -   -> new best (weighted_mae=0.116639), saved results/checkpoints/schnet_seed1_mse.pt
2026-06-16 21:33:23,083 - INFO - [schnet_seed1_mse] Epoch  50/200 | Train=0.01733 | Val=0.02228 | wMAE=0.116341 | PolarMAE=0.016015 | EMD=0.000722 | MolEMD=0.000278 | R2=0.8976 | LR=4.48e-05 | 60.2s
2026-06-16 21:33:23,152 - INFO -   -> new best (weighted_mae=0.116341), saved results/checkpoints/schnet_seed1_mse.pt
2026-06-16 21:34:23,413 - INFO - [schnet_seed1_mse] Epoch  51/200 | Train=0.01725 | Val=0.02220 | wMAE=0.116709 | PolarMAE=0.015817 | EMD=0.000722 | MolEMD=0.000277 | R2=0.8978 | LR=3.68e-05 | 60.3s
2026-06-16 21:35:23,684 - INFO - [schnet_seed1_mse] Epoch  52/200 | Train=0.01720 | Val=0.02210 | wMAE=0.116290 | PolarMAE=0.015801 | EMD=0.000717 | MolEMD=0.000273 | R2=0.8983 | LR=2.96e-05 | 60.3s
2026-06-16 21:35:23,855 - INFO -   -> new best (weighted_mae=0.116290), saved results/checkpoints/schnet_seed1_mse.pt
2026-06-16 21:36:28,281 - INFO - [schnet_seed1_mse] Epoch  53/200 | Train=0.01715 | Val=0.02205 | wMAE=0.116184 | PolarMAE=0.015798 | EMD=0.000718 | MolEMD=0.000272 | R2=0.8986 | LR=2.30e-05 | 64.4s
2026-06-16 21:36:28,400 - INFO -   -> new best (weighted_mae=0.116184), saved results/checkpoints/schnet_seed1_mse.pt
2026-06-16 21:37:33,489 - INFO - [schnet_seed1_mse] Epoch  54/200 | Train=0.01710 | Val=0.02203 | wMAE=0.115860 | PolarMAE=0.015790 | EMD=0.000714 | MolEMD=0.000272 | R2=0.8987 | LR=1.73e-05 | 65.1s
2026-06-16 21:37:33,560 - INFO -   -> new best (weighted_mae=0.115860), saved results/checkpoints/schnet_seed1_mse.pt
2026-06-16 21:38:33,975 - INFO - [schnet_seed1_mse] Epoch  55/200 | Train=0.01706 | Val=0.02196 | wMAE=0.115862 | PolarMAE=0.015781 | EMD=0.000715 | MolEMD=0.000272 | R2=0.8990 | LR=1.24e-05 | 60.4s
2026-06-16 21:39:34,913 - INFO - [schnet_seed1_mse] Epoch  56/200 | Train=0.01703 | Val=0.02197 | wMAE=0.115756 | PolarMAE=0.015711 | EMD=0.000713 | MolEMD=0.000272 | R2=0.8990 | LR=8.32e-06 | 60.9s
2026-06-16 21:39:34,981 - INFO -   -> new best (weighted_mae=0.115756), saved results/checkpoints/schnet_seed1_mse.pt
2026-06-16 21:40:34,946 - INFO - [schnet_seed1_mse] Epoch  57/200 | Train=0.01699 | Val=0.02198 | wMAE=0.115787 | PolarMAE=0.015743 | EMD=0.000713 | MolEMD=0.000271 | R2=0.8990 | LR=5.13e-06 | 60.0s
2026-06-16 21:41:34,842 - INFO - [schnet_seed1_mse] Epoch  58/200 | Train=0.01697 | Val=0.02193 | wMAE=0.115670 | PolarMAE=0.015720 | EMD=0.000712 | MolEMD=0.000271 | R2=0.8992 | LR=2.84e-06 | 59.9s
2026-06-16 21:41:34,917 - INFO -   -> new best (weighted_mae=0.115670), saved results/checkpoints/schnet_seed1_mse.pt
2026-06-16 21:42:40,867 - INFO - [schnet_seed1_mse] Epoch  59/200 | Train=0.01696 | Val=0.02194 | wMAE=0.115665 | PolarMAE=0.015754 | EMD=0.000713 | MolEMD=0.000271 | R2=0.8991 | LR=1.46e-06 | 65.9s
2026-06-16 21:42:40,992 - INFO -   -> new best (weighted_mae=0.115665), saved results/checkpoints/schnet_seed1_mse.pt
2026-06-16 21:43:48,160 - INFO - [schnet_seed1_mse] Epoch  60/200 | Train=0.01695 | Val=0.02193 | wMAE=0.115614 | PolarMAE=0.015727 | EMD=0.000712 | MolEMD=0.000270 | R2=0.8992 | LR=3.00e-04 | 67.2s
2026-06-16 21:43:48,227 - INFO -   -> new best (weighted_mae=0.115614), saved results/checkpoints/schnet_seed1_mse.pt
2026-06-16 21:44:55,798 - INFO - [schnet_seed1_mse] Epoch  61/200 | Train=0.01955 | Val=0.02386 | wMAE=0.119938 | PolarMAE=0.016298 | EMD=0.000750 | MolEMD=0.000300 | R2=0.8904 | LR=3.00e-04 | 67.6s
2026-06-16 21:45:56,058 - INFO - [schnet_seed1_mse] Epoch  62/200 | Train=0.01880 | Val=0.02364 | wMAE=0.121242 | PolarMAE=0.016275 | EMD=0.000759 | MolEMD=0.000298 | R2=0.8899 | LR=3.00e-04 | 60.3s
2026-06-16 21:46:55,860 - INFO - [schnet_seed1_mse] Epoch  63/200 | Train=0.01849 | Val=0.02416 | wMAE=0.119378 | PolarMAE=0.016134 | EMD=0.000743 | MolEMD=0.000289 | R2=0.8911 | LR=2.99e-04 | 59.8s
2026-06-16 21:47:56,330 - INFO - [schnet_seed1_mse] Epoch  64/200 | Train=0.01839 | Val=0.02332 | wMAE=0.119052 | PolarMAE=0.016218 | EMD=0.000746 | MolEMD=0.000296 | R2=0.8930 | LR=2.98e-04 | 60.5s
2026-06-16 21:48:56,173 - INFO - [schnet_seed1_mse] Epoch  65/200 | Train=0.01832 | Val=0.02315 | wMAE=0.118358 | PolarMAE=0.015975 | EMD=0.000734 | MolEMD=0.000297 | R2=0.8937 | LR=2.97e-04 | 59.8s
2026-06-16 21:49:58,001 - INFO - [schnet_seed1_mse] Epoch  66/200 | Train=0.01825 | Val=0.02313 | wMAE=0.118732 | PolarMAE=0.016105 | EMD=0.000741 | MolEMD=0.000292 | R2=0.8931 | LR=2.96e-04 | 61.8s
2026-06-16 21:50:57,776 - INFO - [schnet_seed1_mse] Epoch  67/200 | Train=0.01813 | Val=0.02273 | wMAE=0.117316 | PolarMAE=0.016170 | EMD=0.000733 | MolEMD=0.000285 | R2=0.8952 | LR=2.94e-04 | 59.8s
2026-06-16 21:51:57,912 - INFO - [schnet_seed1_mse] Epoch  68/200 | Train=0.01810 | Val=0.02323 | wMAE=0.118743 | PolarMAE=0.015881 | EMD=0.000735 | MolEMD=0.000299 | R2=0.8921 | LR=2.93e-04 | 60.1s
2026-06-16 21:52:58,142 - INFO - [schnet_seed1_mse] Epoch  69/200 | Train=0.01803 | Val=0.02318 | wMAE=0.118646 | PolarMAE=0.016003 | EMD=0.000738 | MolEMD=0.000298 | R2=0.8932 | LR=2.91e-04 | 60.2s
2026-06-16 21:53:58,893 - INFO - [schnet_seed1_mse] Epoch  70/200 | Train=0.01795 | Val=0.02305 | wMAE=0.119113 | PolarMAE=0.015922 | EMD=0.000734 | MolEMD=0.000289 | R2=0.8929 | LR=2.89e-04 | 60.7s
2026-06-16 21:55:04,028 - INFO - [schnet_seed1_mse] Epoch  71/200 | Train=0.01791 | Val=0.02311 | wMAE=0.118627 | PolarMAE=0.015962 | EMD=0.000738 | MolEMD=0.000299 | R2=0.8930 | LR=2.86e-04 | 65.1s
2026-06-16 21:56:11,821 - INFO - [schnet_seed1_mse] Epoch  72/200 | Train=0.01785 | Val=0.02295 | wMAE=0.117623 | PolarMAE=0.016011 | EMD=0.000730 | MolEMD=0.000281 | R2=0.8940 | LR=2.84e-04 | 67.8s
2026-06-16 21:57:20,275 - INFO - [schnet_seed1_mse] Epoch  73/200 | Train=0.01774 | Val=0.02247 | wMAE=0.117689 | PolarMAE=0.016275 | EMD=0.000737 | MolEMD=0.000288 | R2=0.8960 | LR=2.81e-04 | 68.5s
2026-06-16 21:58:27,477 - INFO - [schnet_seed1_mse] Epoch  74/200 | Train=0.01769 | Val=0.02250 | wMAE=0.117308 | PolarMAE=0.016043 | EMD=0.000728 | MolEMD=0.000285 | R2=0.8961 | LR=2.78e-04 | 67.2s
2026-06-16 21:59:34,613 - INFO - [schnet_seed1_mse] Epoch  75/200 | Train=0.01760 | Val=0.02279 | wMAE=0.118067 | PolarMAE=0.016238 | EMD=0.000739 | MolEMD=0.000299 | R2=0.8947 | LR=2.75e-04 | 67.1s
2026-06-16 22:00:41,011 - INFO - [schnet_seed1_mse] Epoch  76/200 | Train=0.01747 | Val=0.02236 | wMAE=0.116875 | PolarMAE=0.016040 | EMD=0.000724 | MolEMD=0.000292 | R2=0.8967 | LR=2.71e-04 | 66.4s
2026-06-16 22:01:47,591 - INFO - [schnet_seed1_mse] Epoch  77/200 | Train=0.01746 | Val=0.02244 | wMAE=0.116898 | PolarMAE=0.016141 | EMD=0.000730 | MolEMD=0.000279 | R2=0.8968 | LR=2.68e-04 | 66.6s
2026-06-16 22:02:55,639 - INFO - [schnet_seed1_mse] Epoch  78/200 | Train=0.01742 | Val=0.02305 | wMAE=0.117901 | PolarMAE=0.016207 | EMD=0.000727 | MolEMD=0.000311 | R2=0.8932 | LR=2.64e-04 | 68.0s
2026-06-16 22:04:02,600 - INFO - [schnet_seed1_mse] Epoch  79/200 | Train=0.01736 | Val=0.02252 | wMAE=0.116528 | PolarMAE=0.015879 | EMD=0.000717 | MolEMD=0.000283 | R2=0.8959 | LR=2.60e-04 | 67.0s
2026-06-16 22:05:09,455 - INFO - [schnet_seed1_mse] Epoch  80/200 | Train=0.01727 | Val=0.02223 | wMAE=0.116271 | PolarMAE=0.015821 | EMD=0.000712 | MolEMD=0.000274 | R2=0.8971 | LR=2.56e-04 | 66.9s
2026-06-16 22:05:09,456 - INFO - Early stopping at epoch 80.
2026-06-16 22:05:09,456 - INFO - Loading best checkpoint for test evaluation...
2026-06-16 22:05:44,451 - INFO - [schnet_seed1_mse] TEST METRICS: {'loss': 0.01987260752572463, 'weighted_r2': 0.9051790237426758, 'weighted_mae': 0.1145634651184082, 'polar_mae': 0.017219696193933487, 'cosine_similarity': 0.9346252494394871, 'emd_raw': 0.00074613677619651, 'emd_normalized': 0.0007461367761965126, 'molecular_mae': 0.4928178520920949, 'molecular_emd': 0.00025173668630400225, 'molecular_cosine': 0.9939821301706326, 'molecular_polar_mae': 0.22865540300898898}
2026-06-16 22:05:44,472 - INFO - Saved results to results/metrics/schnet_seed1_mse.json
2026-06-16 22:06:29,088 - INFO - Device: cuda
2026-06-16 22:06:29,174 - INFO - Loading cached dataset: /mnt/tank/scratch/ikarpushkina/sigma/ASPEN/data/train_test_val_df/cache/chaos_atomic_train_with_coordinates.parquet.fac02d20b3.pt
2026-06-16 22:06:44,379 - INFO - chaos_atomic_train_with_coordinates.parquet: 36981 molecules, 1077949 atoms, extended=True, RDKit mol valid: 36981/36981 (100.0%)
2026-06-16 22:06:44,380 - INFO - Loading cached dataset: /mnt/tank/scratch/ikarpushkina/sigma/ASPEN/data/train_test_val_df/cache/chaos_atomic_val_with_coordinates.parquet.fac02d20b3.pt
2026-06-16 22:06:47,183 - INFO - chaos_atomic_val_with_coordinates.parquet: 7941 molecules, 235573 atoms, extended=True, RDKit mol valid: 7941/7941 (100.0%)
2026-06-16 22:06:47,203 - INFO - Loading cached dataset: /mnt/tank/scratch/ikarpushkina/sigma/ASPEN/data/train_test_val_df/cache/chaos_atomic_test_with_coordinates.parquet.fac02d20b3.pt
2026-06-16 22:06:51,275 - INFO - chaos_atomic_test_with_coordinates.parquet: 7800 molecules, 221748 atoms, extended=True, RDKit mol valid: 7800/7800 (100.0%)
2026-06-16 22:06:52,141 - INFO - schnet: 693,202 params (target 695,667, diff 0.4%)
2026-06-16 22:07:59,963 - INFO - [schnet_seed2_mse] Epoch   1/200 | Train=0.06917 | Val=0.04704 | wMAE=0.167024 | PolarMAE=0.026702 | EMD=0.001489 | MolEMD=0.000597 | R2=0.7911 | LR=2.98e-04 | 67.8s
2026-06-16 22:08:00,027 - INFO -   -> new best (weighted_mae=0.167024), saved results/checkpoints/schnet_seed2_mse.pt
2026-06-16 22:09:07,353 - INFO - [schnet_seed2_mse] Epoch   2/200 | Train=0.03830 | Val=0.04029 | wMAE=0.156559 | PolarMAE=0.023657 | EMD=0.001307 | MolEMD=0.000557 | R2=0.8179 | LR=2.93e-04 | 67.3s
2026-06-16 22:09:07,456 - INFO -   -> new best (weighted_mae=0.156559), saved results/checkpoints/schnet_seed2_mse.pt
2026-06-16 22:10:14,467 - INFO - [schnet_seed2_mse] Epoch   3/200 | Train=0.03332 | Val=0.03611 | wMAE=0.147170 | PolarMAE=0.021951 | EMD=0.001193 | MolEMD=0.000481 | R2=0.8373 | LR=2.84e-04 | 67.0s
2026-06-16 22:10:14,535 - INFO -   -> new best (weighted_mae=0.147170), saved results/checkpoints/schnet_seed2_mse.pt
2026-06-16 22:11:21,463 - INFO - [schnet_seed2_mse] Epoch   4/200 | Train=0.03032 | Val=0.03387 | wMAE=0.142463 | PolarMAE=0.021051 | EMD=0.001100 | MolEMD=0.000434 | R2=0.8473 | LR=2.71e-04 | 66.9s
2026-06-16 22:11:21,533 - INFO -   -> new best (weighted_mae=0.142463), saved results/checkpoints/schnet_seed2_mse.pt
2026-06-16 22:12:28,600 - INFO - [schnet_seed2_mse] Epoch   5/200 | Train=0.02841 | Val=0.03291 | wMAE=0.140794 | PolarMAE=0.019744 | EMD=0.001030 | MolEMD=0.000434 | R2=0.8488 | LR=2.56e-04 | 67.1s
2026-06-16 22:12:28,671 - INFO -   -> new best (weighted_mae=0.140794), saved results/checkpoints/schnet_seed2_mse.pt
2026-06-16 22:13:35,135 - INFO - [schnet_seed2_mse] Epoch   6/200 | Train=0.02701 | Val=0.03246 | wMAE=0.139519 | PolarMAE=0.018752 | EMD=0.000988 | MolEMD=0.000419 | R2=0.8509 | LR=2.38e-04 | 66.5s
2026-06-16 22:13:35,206 - INFO -   -> new best (weighted_mae=0.139519), saved results/checkpoints/schnet_seed2_mse.pt
2026-06-16 22:14:35,572 - INFO - [schnet_seed2_mse] Epoch   7/200 | Train=0.02582 | Val=0.03063 | wMAE=0.136935 | PolarMAE=0.018840 | EMD=0.000959 | MolEMD=0.000390 | R2=0.8594 | LR=2.18e-04 | 60.4s
2026-06-16 22:14:35,638 - INFO -   -> new best (weighted_mae=0.136935), saved results/checkpoints/schnet_seed2_mse.pt
2026-06-16 22:15:37,697 - INFO - [schnet_seed2_mse] Epoch   8/200 | Train=0.02487 | Val=0.03071 | wMAE=0.135148 | PolarMAE=0.018704 | EMD=0.000966 | MolEMD=0.000443 | R2=0.8586 | LR=1.97e-04 | 62.1s
2026-06-16 22:15:37,769 - INFO -   -> new best (weighted_mae=0.135148), saved results/checkpoints/schnet_seed2_mse.pt
2026-06-16 22:16:37,991 - INFO - [schnet_seed2_mse] Epoch   9/200 | Train=0.02414 | Val=0.02820 | wMAE=0.130381 | PolarMAE=0.017994 | EMD=0.000904 | MolEMD=0.000360 | R2=0.8714 | LR=1.74e-04 | 60.2s
2026-06-16 22:16:38,058 - INFO -   -> new best (weighted_mae=0.130381), saved results/checkpoints/schnet_seed2_mse.pt
2026-06-16 22:17:38,673 - INFO - [schnet_seed2_mse] Epoch  10/200 | Train=0.02352 | Val=0.02800 | wMAE=0.129822 | PolarMAE=0.017821 | EMD=0.000882 | MolEMD=0.000351 | R2=0.8725 | LR=1.50e-04 | 60.6s
2026-06-16 22:17:38,744 - INFO -   -> new best (weighted_mae=0.129822), saved results/checkpoints/schnet_seed2_mse.pt
2026-06-16 22:18:40,400 - INFO - [schnet_seed2_mse] Epoch  11/200 | Train=0.02291 | Val=0.02725 | wMAE=0.127797 | PolarMAE=0.017773 | EMD=0.000878 | MolEMD=0.000346 | R2=0.8763 | LR=1.27e-04 | 61.7s
2026-06-16 22:18:40,468 - INFO -   -> new best (weighted_mae=0.127797), saved results/checkpoints/schnet_seed2_mse.pt
2026-06-16 22:20:06,048 - INFO - [schnet_seed2_mse] Epoch  12/200 | Train=0.02248 | Val=0.02725 | wMAE=0.127600 | PolarMAE=0.017661 | EMD=0.000865 | MolEMD=0.000347 | R2=0.8762 | LR=1.04e-04 | 85.6s
2026-06-16 22:20:06,119 - INFO -   -> new best (weighted_mae=0.127600), saved results/checkpoints/schnet_seed2_mse.pt
2026-06-16 22:21:06,682 - INFO - [schnet_seed2_mse] Epoch  13/200 | Train=0.02205 | Val=0.02681 | wMAE=0.127718 | PolarMAE=0.017191 | EMD=0.000853 | MolEMD=0.000343 | R2=0.8765 | LR=8.26e-05 | 60.6s
2026-06-16 22:22:07,276 - INFO - [schnet_seed2_mse] Epoch  14/200 | Train=0.02171 | Val=0.02601 | wMAE=0.125327 | PolarMAE=0.017198 | EMD=0.000837 | MolEMD=0.000334 | R2=0.8816 | LR=6.26e-05 | 60.6s
2026-06-16 22:22:07,345 - INFO -   -> new best (weighted_mae=0.125327), saved results/checkpoints/schnet_seed2_mse.pt
2026-06-16 22:23:10,988 - INFO - [schnet_seed2_mse] Epoch  15/200 | Train=0.02139 | Val=0.02624 | wMAE=0.125675 | PolarMAE=0.017070 | EMD=0.000829 | MolEMD=0.000324 | R2=0.8803 | LR=4.48e-05 | 63.6s
2026-06-16 22:24:10,871 - INFO - [schnet_seed2_mse] Epoch  16/200 | Train=0.02117 | Val=0.02564 | wMAE=0.124556 | PolarMAE=0.016941 | EMD=0.000824 | MolEMD=0.000320 | R2=0.8832 | LR=2.96e-05 | 59.9s
2026-06-16 22:24:10,938 - INFO -   -> new best (weighted_mae=0.124556), saved results/checkpoints/schnet_seed2_mse.pt
2026-06-16 22:25:10,943 - INFO - [schnet_seed2_mse] Epoch  17/200 | Train=0.02098 | Val=0.02551 | wMAE=0.124082 | PolarMAE=0.017103 | EMD=0.000818 | MolEMD=0.000314 | R2=0.8839 | LR=1.73e-05 | 60.0s
2026-06-16 22:25:11,028 - INFO -   -> new best (weighted_mae=0.124082), saved results/checkpoints/schnet_seed2_mse.pt
2026-06-16 22:26:27,928 - INFO - [schnet_seed2_mse] Epoch  18/200 | Train=0.02086 | Val=0.02544 | wMAE=0.123840 | PolarMAE=0.016881 | EMD=0.000815 | MolEMD=0.000316 | R2=0.8841 | LR=8.32e-06 | 76.9s
2026-06-16 22:26:28,005 - INFO -   -> new best (weighted_mae=0.123840), saved results/checkpoints/schnet_seed2_mse.pt
2026-06-16 22:27:35,761 - INFO - [schnet_seed2_mse] Epoch  19/200 | Train=0.02075 | Val=0.02537 | wMAE=0.123764 | PolarMAE=0.016977 | EMD=0.000814 | MolEMD=0.000313 | R2=0.8846 | LR=2.84e-06 | 67.8s
2026-06-16 22:27:35,830 - INFO -   -> new best (weighted_mae=0.123764), saved results/checkpoints/schnet_seed2_mse.pt
2026-06-16 22:28:50,652 - INFO - [schnet_seed2_mse] Epoch  20/200 | Train=0.02068 | Val=0.02534 | wMAE=0.123715 | PolarMAE=0.016897 | EMD=0.000813 | MolEMD=0.000311 | R2=0.8847 | LR=3.00e-04 | 74.8s
2026-06-16 22:28:50,728 - INFO -   -> new best (weighted_mae=0.123715), saved results/checkpoints/schnet_seed2_mse.pt
2026-06-16 22:30:07,662 - INFO - [schnet_seed2_mse] Epoch  21/200 | Train=0.02354 | Val=0.02763 | wMAE=0.129954 | PolarMAE=0.017744 | EMD=0.000891 | MolEMD=0.000390 | R2=0.8743 | LR=3.00e-04 | 76.9s
2026-06-16 22:31:23,601 - INFO - [schnet_seed2_mse] Epoch  22/200 | Train=0.02241 | Val=0.02694 | wMAE=0.127116 | PolarMAE=0.017058 | EMD=0.000845 | MolEMD=0.000348 | R2=0.8776 | LR=2.98e-04 | 75.9s
2026-06-16 22:32:26,733 - INFO - [schnet_seed2_mse] Epoch  23/200 | Train=0.02198 | Val=0.02677 | wMAE=0.127403 | PolarMAE=0.017263 | EMD=0.000842 | MolEMD=0.000345 | R2=0.8758 | LR=2.96e-04 | 63.1s
2026-06-16 22:33:29,230 - INFO - [schnet_seed2_mse] Epoch  24/200 | Train=0.02155 | Val=0.02566 | wMAE=0.124283 | PolarMAE=0.016934 | EMD=0.000816 | MolEMD=0.000319 | R2=0.8831 | LR=2.93e-04 | 62.5s
2026-06-16 22:34:30,581 - INFO - [schnet_seed2_mse] Epoch  25/200 | Train=0.02125 | Val=0.02578 | wMAE=0.125578 | PolarMAE=0.017519 | EMD=0.000829 | MolEMD=0.000344 | R2=0.8814 | LR=2.89e-04 | 61.3s
2026-06-16 22:35:39,892 - INFO - [schnet_seed2_mse] Epoch  26/200 | Train=0.02106 | Val=0.02568 | wMAE=0.124481 | PolarMAE=0.017765 | EMD=0.000826 | MolEMD=0.000332 | R2=0.8829 | LR=2.84e-04 | 69.3s
2026-06-16 22:36:47,819 - INFO - [schnet_seed2_mse] Epoch  27/200 | Train=0.02081 | Val=0.02549 | wMAE=0.125345 | PolarMAE=0.016769 | EMD=0.000807 | MolEMD=0.000349 | R2=0.8817 | LR=2.78e-04 | 67.9s
2026-06-16 22:37:56,819 - INFO - [schnet_seed2_mse] Epoch  28/200 | Train=0.02049 | Val=0.02467 | wMAE=0.122337 | PolarMAE=0.016635 | EMD=0.000789 | MolEMD=0.000311 | R2=0.8864 | LR=2.71e-04 | 69.0s
2026-06-16 22:37:56,892 - INFO -   -> new best (weighted_mae=0.122337), saved results/checkpoints/schnet_seed2_mse.pt
2026-06-16 22:39:04,773 - INFO - [schnet_seed2_mse] Epoch  29/200 | Train=0.02027 | Val=0.02451 | wMAE=0.122639 | PolarMAE=0.016607 | EMD=0.000787 | MolEMD=0.000318 | R2=0.8868 | LR=2.64e-04 | 67.9s
2026-06-16 22:40:15,403 - INFO - [schnet_seed2_mse] Epoch  30/200 | Train=0.02001 | Val=0.02462 | wMAE=0.122668 | PolarMAE=0.016655 | EMD=0.000786 | MolEMD=0.000311 | R2=0.8867 | LR=2.56e-04 | 70.6s
2026-06-16 22:41:23,434 - INFO - [schnet_seed2_mse] Epoch  31/200 | Train=0.01981 | Val=0.02419 | wMAE=0.122082 | PolarMAE=0.016690 | EMD=0.000780 | MolEMD=0.000315 | R2=0.8891 | LR=2.48e-04 | 68.0s
2026-06-16 22:41:23,501 - INFO -   -> new best (weighted_mae=0.122082), saved results/checkpoints/schnet_seed2_mse.pt
2026-06-16 22:42:31,778 - INFO - [schnet_seed2_mse] Epoch  32/200 | Train=0.01970 | Val=0.02431 | wMAE=0.122292 | PolarMAE=0.016640 | EMD=0.000781 | MolEMD=0.000312 | R2=0.8875 | LR=2.38e-04 | 68.3s
2026-06-16 22:43:40,563 - INFO - [schnet_seed2_mse] Epoch  33/200 | Train=0.01943 | Val=0.02375 | wMAE=0.120379 | PolarMAE=0.016329 | EMD=0.000761 | MolEMD=0.000301 | R2=0.8906 | LR=2.29e-04 | 68.8s
2026-06-16 22:43:40,631 - INFO -   -> new best (weighted_mae=0.120379), saved results/checkpoints/schnet_seed2_mse.pt
2026-06-16 22:44:48,335 - INFO - [schnet_seed2_mse] Epoch  34/200 | Train=0.01930 | Val=0.02359 | wMAE=0.120376 | PolarMAE=0.016685 | EMD=0.000766 | MolEMD=0.000298 | R2=0.8913 | LR=2.18e-04 | 67.7s
2026-06-16 22:44:48,405 - INFO -   -> new best (weighted_mae=0.120376), saved results/checkpoints/schnet_seed2_mse.pt
2026-06-16 22:45:56,645 - INFO - [schnet_seed2_mse] Epoch  35/200 | Train=0.01912 | Val=0.02362 | wMAE=0.120839 | PolarMAE=0.016315 | EMD=0.000763 | MolEMD=0.000294 | R2=0.8910 | LR=2.08e-04 | 68.2s
2026-06-16 22:47:05,787 - INFO - [schnet_seed2_mse] Epoch  36/200 | Train=0.01898 | Val=0.02348 | wMAE=0.119788 | PolarMAE=0.016372 | EMD=0.000754 | MolEMD=0.000291 | R2=0.8918 | LR=1.97e-04 | 69.1s
2026-06-16 22:47:05,861 - INFO -   -> new best (weighted_mae=0.119788), saved results/checkpoints/schnet_seed2_mse.pt
2026-06-16 22:48:13,485 - INFO - [schnet_seed2_mse] Epoch  37/200 | Train=0.01876 | Val=0.02330 | wMAE=0.119670 | PolarMAE=0.016356 | EMD=0.000755 | MolEMD=0.000291 | R2=0.8928 | LR=1.85e-04 | 67.6s
2026-06-16 22:48:13,556 - INFO -   -> new best (weighted_mae=0.119670), saved results/checkpoints/schnet_seed2_mse.pt
2026-06-16 22:49:22,219 - INFO - [schnet_seed2_mse] Epoch  38/200 | Train=0.01865 | Val=0.02308 | wMAE=0.118852 | PolarMAE=0.016221 | EMD=0.000742 | MolEMD=0.000292 | R2=0.8937 | LR=1.74e-04 | 68.7s
2026-06-16 22:49:22,288 - INFO -   -> new best (weighted_mae=0.118852), saved results/checkpoints/schnet_seed2_mse.pt
2026-06-16 22:50:30,404 - INFO - [schnet_seed2_mse] Epoch  39/200 | Train=0.01849 | Val=0.02299 | wMAE=0.119154 | PolarMAE=0.016192 | EMD=0.000747 | MolEMD=0.000295 | R2=0.8935 | LR=1.62e-04 | 68.1s
2026-06-16 22:51:38,363 - INFO - [schnet_seed2_mse] Epoch  40/200 | Train=0.01835 | Val=0.02297 | wMAE=0.118680 | PolarMAE=0.016075 | EMD=0.000738 | MolEMD=0.000286 | R2=0.8940 | LR=1.50e-04 | 68.0s
2026-06-16 22:51:38,435 - INFO -   -> new best (weighted_mae=0.118680), saved results/checkpoints/schnet_seed2_mse.pt
2026-06-16 22:52:46,359 - INFO - [schnet_seed2_mse] Epoch  41/200 | Train=0.01822 | Val=0.02261 | wMAE=0.118656 | PolarMAE=0.016008 | EMD=0.000736 | MolEMD=0.000280 | R2=0.8951 | LR=1.39e-04 | 67.9s
2026-06-16 22:52:46,431 - INFO -   -> new best (weighted_mae=0.118656), saved results/checkpoints/schnet_seed2_mse.pt
2026-06-16 22:53:54,725 - INFO - [schnet_seed2_mse] Epoch  42/200 | Train=0.01808 | Val=0.02243 | wMAE=0.117967 | PolarMAE=0.015892 | EMD=0.000731 | MolEMD=0.000281 | R2=0.8962 | LR=1.27e-04 | 68.3s
2026-06-16 22:53:54,798 - INFO -   -> new best (weighted_mae=0.117967), saved results/checkpoints/schnet_seed2_mse.pt
2026-06-16 22:55:02,282 - INFO - [schnet_seed2_mse] Epoch  43/200 | Train=0.01798 | Val=0.02287 | wMAE=0.117708 | PolarMAE=0.016051 | EMD=0.000732 | MolEMD=0.000283 | R2=0.8948 | LR=1.16e-04 | 67.5s
2026-06-16 22:55:02,354 - INFO -   -> new best (weighted_mae=0.117708), saved results/checkpoints/schnet_seed2_mse.pt
2026-06-16 22:56:10,371 - INFO - [schnet_seed2_mse] Epoch  44/200 | Train=0.01786 | Val=0.02252 | wMAE=0.117533 | PolarMAE=0.015921 | EMD=0.000726 | MolEMD=0.000289 | R2=0.8963 | LR=1.04e-04 | 68.0s
2026-06-16 22:56:10,463 - INFO -   -> new best (weighted_mae=0.117533), saved results/checkpoints/schnet_seed2_mse.pt
2026-06-16 22:57:18,670 - INFO - [schnet_seed2_mse] Epoch  45/200 | Train=0.01774 | Val=0.02247 | wMAE=0.116943 | PolarMAE=0.015960 | EMD=0.000722 | MolEMD=0.000279 | R2=0.8964 | LR=9.33e-05 | 68.2s
2026-06-16 22:57:18,739 - INFO -   -> new best (weighted_mae=0.116943), saved results/checkpoints/schnet_seed2_mse.pt
2026-06-16 22:58:26,770 - INFO - [schnet_seed2_mse] Epoch  46/200 | Train=0.01765 | Val=0.02244 | wMAE=0.117695 | PolarMAE=0.015865 | EMD=0.000727 | MolEMD=0.000283 | R2=0.8965 | LR=8.26e-05 | 68.0s
2026-06-16 22:59:35,330 - INFO - [schnet_seed2_mse] Epoch  47/200 | Train=0.01756 | Val=0.02225 | wMAE=0.116778 | PolarMAE=0.015903 | EMD=0.000719 | MolEMD=0.000274 | R2=0.8976 | LR=7.24e-05 | 68.6s
2026-06-16 22:59:35,420 - INFO -   -> new best (weighted_mae=0.116778), saved results/checkpoints/schnet_seed2_mse.pt
2026-06-16 23:00:44,024 - INFO - [schnet_seed2_mse] Epoch  48/200 | Train=0.01744 | Val=0.02212 | wMAE=0.116824 | PolarMAE=0.015757 | EMD=0.000718 | MolEMD=0.000278 | R2=0.8977 | LR=6.26e-05 | 68.6s
2026-06-16 23:01:51,727 - INFO - [schnet_seed2_mse] Epoch  49/200 | Train=0.01740 | Val=0.02208 | wMAE=0.116347 | PolarMAE=0.015946 | EMD=0.000720 | MolEMD=0.000277 | R2=0.8981 | LR=5.34e-05 | 67.7s
2026-06-16 23:01:51,804 - INFO -   -> new best (weighted_mae=0.116347), saved results/checkpoints/schnet_seed2_mse.pt
2026-06-16 23:02:59,611 - INFO - [schnet_seed2_mse] Epoch  50/200 | Train=0.01731 | Val=0.02206 | wMAE=0.116479 | PolarMAE=0.015641 | EMD=0.000714 | MolEMD=0.000273 | R2=0.8983 | LR=4.48e-05 | 67.8s
2026-06-16 23:04:08,550 - INFO - [schnet_seed2_mse] Epoch  51/200 | Train=0.01724 | Val=0.02201 | wMAE=0.116297 | PolarMAE=0.015704 | EMD=0.000712 | MolEMD=0.000274 | R2=0.8984 | LR=3.68e-05 | 68.9s
2026-06-16 23:04:08,628 - INFO -   -> new best (weighted_mae=0.116297), saved results/checkpoints/schnet_seed2_mse.pt
2026-06-16 23:05:18,238 - INFO - [schnet_seed2_mse] Epoch  52/200 | Train=0.01718 | Val=0.02193 | wMAE=0.115938 | PolarMAE=0.015876 | EMD=0.000713 | MolEMD=0.000271 | R2=0.8990 | LR=2.96e-05 | 69.6s
2026-06-16 23:05:18,308 - INFO -   -> new best (weighted_mae=0.115938), saved results/checkpoints/schnet_seed2_mse.pt
2026-06-16 23:06:25,880 - INFO - [schnet_seed2_mse] Epoch  53/200 | Train=0.01712 | Val=0.02203 | wMAE=0.116318 | PolarMAE=0.015841 | EMD=0.000712 | MolEMD=0.000273 | R2=0.8984 | LR=2.30e-05 | 67.6s
2026-06-16 23:07:33,843 - INFO - [schnet_seed2_mse] Epoch  54/200 | Train=0.01708 | Val=0.02191 | wMAE=0.115975 | PolarMAE=0.015667 | EMD=0.000710 | MolEMD=0.000270 | R2=0.8990 | LR=1.73e-05 | 68.0s
2026-06-16 23:08:41,599 - INFO - [schnet_seed2_mse] Epoch  55/200 | Train=0.01704 | Val=0.02187 | wMAE=0.115860 | PolarMAE=0.015757 | EMD=0.000709 | MolEMD=0.000270 | R2=0.8991 | LR=1.24e-05 | 67.8s
2026-06-16 23:08:41,673 - INFO -   -> new best (weighted_mae=0.115860), saved results/checkpoints/schnet_seed2_mse.pt
2026-06-16 23:09:52,814 - INFO - [schnet_seed2_mse] Epoch  56/200 | Train=0.01701 | Val=0.02188 | wMAE=0.115825 | PolarMAE=0.015699 | EMD=0.000706 | MolEMD=0.000269 | R2=0.8991 | LR=8.32e-06 | 71.1s
2026-06-16 23:09:52,884 - INFO -   -> new best (weighted_mae=0.115825), saved results/checkpoints/schnet_seed2_mse.pt
2026-06-16 23:11:02,042 - INFO - [schnet_seed2_mse] Epoch  57/200 | Train=0.01697 | Val=0.02184 | wMAE=0.115672 | PolarMAE=0.015679 | EMD=0.000708 | MolEMD=0.000271 | R2=0.8993 | LR=5.13e-06 | 69.2s
2026-06-16 23:11:02,119 - INFO -   -> new best (weighted_mae=0.115672), saved results/checkpoints/schnet_seed2_mse.pt
2026-06-16 23:12:12,096 - INFO - [schnet_seed2_mse] Epoch  58/200 | Train=0.01695 | Val=0.02182 | wMAE=0.115649 | PolarMAE=0.015696 | EMD=0.000707 | MolEMD=0.000269 | R2=0.8994 | LR=2.84e-06 | 70.0s
2026-06-16 23:12:12,166 - INFO -   -> new best (weighted_mae=0.115649), saved results/checkpoints/schnet_seed2_mse.pt
2026-06-16 23:13:20,220 - INFO - [schnet_seed2_mse] Epoch  59/200 | Train=0.01694 | Val=0.02181 | wMAE=0.115638 | PolarMAE=0.015679 | EMD=0.000706 | MolEMD=0.000268 | R2=0.8995 | LR=1.46e-06 | 68.1s
2026-06-16 23:13:20,292 - INFO -   -> new best (weighted_mae=0.115638), saved results/checkpoints/schnet_seed2_mse.pt
2026-06-16 23:14:28,504 - INFO - [schnet_seed2_mse] Epoch  60/200 | Train=0.01693 | Val=0.02180 | wMAE=0.115573 | PolarMAE=0.015679 | EMD=0.000706 | MolEMD=0.000268 | R2=0.8995 | LR=3.00e-04 | 68.2s
2026-06-16 23:14:28,571 - INFO -   -> new best (weighted_mae=0.115573), saved results/checkpoints/schnet_seed2_mse.pt
2026-06-16 23:15:36,606 - INFO - [schnet_seed2_mse] Epoch  61/200 | Train=0.01953 | Val=0.02333 | wMAE=0.119347 | PolarMAE=0.016180 | EMD=0.000744 | MolEMD=0.000289 | R2=0.8923 | LR=3.00e-04 | 68.0s
2026-06-16 23:16:44,360 - INFO - [schnet_seed2_mse] Epoch  62/200 | Train=0.01867 | Val=0.02298 | wMAE=0.118862 | PolarMAE=0.016261 | EMD=0.000746 | MolEMD=0.000292 | R2=0.8939 | LR=3.00e-04 | 67.8s
2026-06-16 23:17:54,158 - INFO - [schnet_seed2_mse] Epoch  63/200 | Train=0.01853 | Val=0.02382 | wMAE=0.120238 | PolarMAE=0.016306 | EMD=0.000760 | MolEMD=0.000364 | R2=0.8909 | LR=2.99e-04 | 69.8s
2026-06-16 23:19:03,026 - INFO - [schnet_seed2_mse] Epoch  64/200 | Train=0.01836 | Val=0.02305 | wMAE=0.118305 | PolarMAE=0.015902 | EMD=0.000734 | MolEMD=0.000290 | R2=0.8941 | LR=2.98e-04 | 68.9s
2026-06-16 23:20:10,977 - INFO - [schnet_seed2_mse] Epoch  65/200 | Train=0.01828 | Val=0.02341 | wMAE=0.119490 | PolarMAE=0.016454 | EMD=0.000741 | MolEMD=0.000303 | R2=0.8918 | LR=2.97e-04 | 67.9s
2026-06-16 23:21:19,867 - INFO - [schnet_seed2_mse] Epoch  66/200 | Train=0.01825 | Val=0.02307 | wMAE=0.119186 | PolarMAE=0.016376 | EMD=0.000745 | MolEMD=0.000310 | R2=0.8939 | LR=2.96e-04 | 68.9s
2026-06-16 23:22:27,547 - INFO - [schnet_seed2_mse] Epoch  67/200 | Train=0.01812 | Val=0.02300 | wMAE=0.118287 | PolarMAE=0.016401 | EMD=0.000738 | MolEMD=0.000296 | R2=0.8940 | LR=2.94e-04 | 67.7s
2026-06-16 23:23:36,683 - INFO - [schnet_seed2_mse] Epoch  68/200 | Train=0.01807 | Val=0.02306 | wMAE=0.118144 | PolarMAE=0.016484 | EMD=0.000733 | MolEMD=0.000292 | R2=0.8937 | LR=2.93e-04 | 69.1s
2026-06-16 23:24:43,973 - INFO - [schnet_seed2_mse] Epoch  69/200 | Train=0.01800 | Val=0.02337 | wMAE=0.119250 | PolarMAE=0.016301 | EMD=0.000741 | MolEMD=0.000345 | R2=0.8905 | LR=2.91e-04 | 67.3s
2026-06-16 23:25:53,126 - INFO - [schnet_seed2_mse] Epoch  70/200 | Train=0.01792 | Val=0.02283 | wMAE=0.118245 | PolarMAE=0.016230 | EMD=0.000733 | MolEMD=0.000296 | R2=0.8949 | LR=2.89e-04 | 69.2s
2026-06-16 23:27:00,802 - INFO - [schnet_seed2_mse] Epoch  71/200 | Train=0.01781 | Val=0.02258 | wMAE=0.117579 | PolarMAE=0.016207 | EMD=0.000735 | MolEMD=0.000282 | R2=0.8956 | LR=2.86e-04 | 67.7s
2026-06-16 23:28:09,634 - INFO - [schnet_seed2_mse] Epoch  72/200 | Train=0.01775 | Val=0.02278 | wMAE=0.118203 | PolarMAE=0.016004 | EMD=0.000728 | MolEMD=0.000303 | R2=0.8940 | LR=2.84e-04 | 68.8s
2026-06-16 23:29:16,946 - INFO - [schnet_seed2_mse] Epoch  73/200 | Train=0.01770 | Val=0.02315 | wMAE=0.119254 | PolarMAE=0.016335 | EMD=0.000744 | MolEMD=0.000336 | R2=0.8921 | LR=2.81e-04 | 67.3s
2026-06-16 23:30:24,422 - INFO - [schnet_seed2_mse] Epoch  74/200 | Train=0.01761 | Val=0.02265 | wMAE=0.117846 | PolarMAE=0.015812 | EMD=0.000725 | MolEMD=0.000284 | R2=0.8954 | LR=2.78e-04 | 67.5s
2026-06-16 23:31:31,862 - INFO - [schnet_seed2_mse] Epoch  75/200 | Train=0.01757 | Val=0.02256 | wMAE=0.117404 | PolarMAE=0.015971 | EMD=0.000725 | MolEMD=0.000283 | R2=0.8954 | LR=2.75e-04 | 67.4s
2026-06-16 23:32:40,513 - INFO - [schnet_seed2_mse] Epoch  76/200 | Train=0.01751 | Val=0.02234 | wMAE=0.117205 | PolarMAE=0.015840 | EMD=0.000725 | MolEMD=0.000283 | R2=0.8965 | LR=2.71e-04 | 68.6s
2026-06-16 23:33:48,604 - INFO - [schnet_seed2_mse] Epoch  77/200 | Train=0.01744 | Val=0.02243 | wMAE=0.117124 | PolarMAE=0.015958 | EMD=0.000719 | MolEMD=0.000280 | R2=0.8958 | LR=2.68e-04 | 68.1s
2026-06-16 23:34:57,337 - INFO - [schnet_seed2_mse] Epoch  78/200 | Train=0.01739 | Val=0.02249 | wMAE=0.116682 | PolarMAE=0.015699 | EMD=0.000714 | MolEMD=0.000291 | R2=0.8962 | LR=2.64e-04 | 68.7s
2026-06-16 23:36:06,672 - INFO - [schnet_seed2_mse] Epoch  79/200 | Train=0.01728 | Val=0.02327 | wMAE=0.118657 | PolarMAE=0.016058 | EMD=0.000722 | MolEMD=0.000284 | R2=0.8920 | LR=2.60e-04 | 69.3s
2026-06-16 23:37:15,610 - INFO - [schnet_seed2_mse] Epoch  80/200 | Train=0.01726 | Val=0.02244 | wMAE=0.116872 | PolarMAE=0.015837 | EMD=0.000719 | MolEMD=0.000282 | R2=0.8960 | LR=2.56e-04 | 68.9s
2026-06-16 23:37:15,611 - INFO - Early stopping at epoch 80.
2026-06-16 23:37:15,611 - INFO - Loading best checkpoint for test evaluation...
2026-06-16 23:37:50,568 - INFO - [schnet_seed2_mse] TEST METRICS: {'loss': 0.01994131367940169, 'weighted_r2': 0.9048861861228943, 'weighted_mae': 0.11468032002449036, 'polar_mae': 0.01728544943034649, 'cosine_similarity': 0.9352479953317114, 'emd_raw': 0.0007448089018259889, 'emd_normalized': 0.0007448089018259916, 'molecular_mae': 0.4926755786839968, 'molecular_emd': 0.00025012723285084646, 'molecular_cosine': 0.9939413818220297, 'molecular_polar_mae': 0.22906372776616196}
2026-06-16 23:37:50,588 - INFO - Saved results to results/metrics/schnet_seed2_mse.json
